customer_id,first_name,last_name,email,signup_date,country,city
CUST-000001,Quinn,Nguyen,quinn.nguyen.1@example.com,2023-01-31,India,Bengaluru
CUST-000002,Diego,Garcia,diego.garcia.2@example.com,2021-02-23,Germany,Berlin
CUST-000003,Olivia,Costa,olivia.costa.3@example.com,2020-05-02,India,Mumbai
CUST-000004,Chen,Brown,chen.brown.4@example.com,2020-04-18,United Arab Emirates,Dubai
CUST-000005,Samir,Lopez,samir.lopez.5@example.com,2026-02-10,Germany,Munich
CUST-000006,Diego,Ali,diego.ali.6@example.com,2023-02-13,United Arab Emirates,Dubai
CUST-000007,Uma,Park,uma.park.7@example.com,2024-09-27,United States,Seattle
CUST-000008,Emma,Garcia,emma.garcia.8@example.com,2023-10-10,United States,New York
CUST-000009,Amelia,Muller,amelia.muller.9@example.com,2024-01-10,India,Delhi
CUST-000010,Priya,Lee,priya.lee.10@example.com,2020-06-26,Canada,Vancouver
CUST-000011,Noah,Nguyen,noah.nguyen.11@example.com,2020-11-18,Singapore,Singapore
CUST-000012,Wei,Lopez,wei.lopez.12@example.com,2024-01-21,United Arab Emirates,Dubai
CUST-000013,Samir,Khan,samir.khan.13@example.com,2022-07-22,India,Delhi
CUST-000014,Amelia,Thomas,amelia.thomas.14@example.com,2021-02-17,United States,Chicago
CUST-000015,Emma,Ali,emma.ali.15@example.com,2024-02-03,Germany,Berlin
CUST-000016,Hassan,Iyer,hassan.iyer.16@example.com,2022-12-29,United States,New York
CUST-000017,Priya,Lopez,priya.lopez.17@example.com,2025-12-27,United States,Austin
CUST-000018,Ben,Ali,ben.ali.18@example.com,2023-01-10,Singapore,Singapore
CUST-000019,Riya,Singh,riya.singh.19@example.com,2020-08-17,Canada,Toronto
CUST-000020,Wei,Patel,wei.patel.20@example.com,2023-07-16,Canada,Vancouver
CUST-000021,Emma,Khan,emma.khan.21@example.com,2026-05-12,United States,Seattle
CUST-000022,Chen,Lopez,chen.lopez.22@example.com,2024-06-08,Singapore,Singapore
CUST-000023,Aisha,Lee,aisha.lee.23@example.com,2022-10-07,United States,Seattle
CUST-000024,Tara,Ahmed,tara.ahmed.24@example.com,2026-07-18,Singapore,Singapore
CUST-000025,Hassan,Brown,hassan.brown.25@example.com,2025-09-18,United States,Chicago
CUST-000026,Amelia,Roy,amelia.roy.26@example.com,2021-03-25,India,Bengaluru
CUST-000027,Quinn,Smith,quinn.smith.27@example.com,2024-09-25,Canada,Toronto
CUST-000028,Isha,Muller,isha.muller.28@example.com,2025-04-01,United Arab Emirates,Abu Dhabi
CUST-000029,Noah,Thomas,noah.thomas.29@example.com,2021-04-14,India,Chennai
CUST-000030,Uma,Lee,uma.lee.30@example.com,2023-10-25,Canada,Toronto
CUST-000031,Fatima,Costa,fatima.costa.31@example.com,2025-02-01,United States,New York
CUST-000032,Tara,Young,tara.young.32@example.com,2022-12-14,Germany,Berlin
CUST-000033,Maya,Kapoor,maya.kapoor.33@example.com,2023-05-07,India,Chennai
CUST-000034,Priya,Johnson,priya.johnson.34@example.com,2024-03-11,United States,Austin
CUST-000035,Noah,Roy,noah.roy.35@example.com,2020-01-03,United Arab Emirates,Abu Dhabi
CUST-000036,Leo,Sharma,leo.sharma.36@example.com,2024-01-26,India,Delhi
CUST-000037,Diego,Patel,diego.patel.37@example.com,2026-05-12,United States,New York
CUST-000038,Amelia,Mehta,amelia.mehta.38@example.com,2020-10-10,Singapore,Singapore
CUST-000039,Aisha,Wright,aisha.wright.39@example.com,2026-03-01,Singapore,Singapore
CUST-000040,Emma,Wilson,emma.wilson.40@example.com,2024-09-29,Canada,Toronto
CUST-000041,Sofia,Martin,sofia.martin.41@example.com,2022-04-03,Canada,Vancouver
CUST-000042,Isha,Wright,isha.wright.42@example.com,2024-03-09,Germany,Munich
CUST-000043,Zane,Wilson,zane.wilson.43@example.com,2021-05-10,Singapore,Singapore
CUST-000044,Diego,Khan,diego.khan.44@example.com,2020-03-27,United Kingdom,Birmingham
CUST-000045,Noah,Brown,noah.brown.45@example.com,2022-06-21,United Arab Emirates,Dubai
CUST-000046,Amelia,Das,amelia.das.46@example.com,2020-08-29,Germany,Berlin
CUST-000047,Amelia,Young,amelia.young.47@example.com,2023-09-15,India,Mumbai
CUST-000048,Maya,Brown,maya.brown.48@example.com,2025-06-11,United Kingdom,London
CUST-000049,Noah,Garcia,noah.garcia.49@example.com,2026-05-27,Germany,Munich
CUST-000050,Diego,Park,diego.park.50@example.com,2024-07-25,Singapore,Singapore
CUST-000051,Arjun,Nguyen,arjun.nguyen.51@example.com,2024-10-31,Germany,Munich
CUST-000052,James,Costa,james.costa.52@example.com,2020-08-09,Singapore,Singapore
CUST-000053,Aditi,Muller,aditi.muller.53@example.com,2023-10-21,Germany,Berlin
CUST-000054,Diego,Johnson,diego.johnson.54@example.com,2026-01-05,United States,Chicago
CUST-000055,Aisha,Costa,aisha.costa.55@example.com,2023-02-14,United States,Chicago
CUST-000056,Diego,Thomas,diego.thomas.56@example.com,2024-12-20,India,Chennai
CUST-000057,Arjun,Patel,arjun.patel.57@example.com,2026-01-23,Germany,Berlin
CUST-000058,Amelia,Kapoor,amelia.kapoor.58@example.com,2022-08-26,Canada,Toronto
CUST-000059,James,Chen,james.chen.59@example.com,2022-05-25,Singapore,Singapore
CUST-000060,Zane,Patel,zane.patel.60@example.com,2024-04-01,United States,New York
CUST-000061,Isha,Lee,isha.lee.61@example.com,2025-02-06,Canada,Vancouver
CUST-000062,James,Das,james.das.62@example.com,2026-03-26,Germany,Munich
CUST-000063,Aisha,Johnson,aisha.johnson.63@example.com,2022-06-10,United Kingdom,London
CUST-000064,Olivia,Mehta,olivia.mehta.64@example.com,2020-09-06,United Arab Emirates,Abu Dhabi
CUST-000065,Aditi,Patel,aditi.patel.65@example.com,2025-05-06,United Arab Emirates,Dubai
CUST-000066,Aditi,Wilson,aditi.wilson.66@example.com,2022-01-31,India,Mumbai
CUST-000067,Priya,Khan,priya.khan.67@example.com,2022-08-21,Germany,Munich
CUST-000068,Arjun,Young,arjun.young.68@example.com,2022-10-05,United Arab Emirates,Dubai
CUST-000069,Priya,Khan,priya.khan.69@example.com,2026-07-18,Singapore,Singapore
CUST-000070,Sofia,Lee,sofia.lee.70@example.com,2023-07-10,United States,Austin
CUST-000071,Emma,Muller,emma.muller.71@example.com,2023-05-13,United States,Chicago
CUST-000072,Grace,Kapoor,grace.kapoor.72@example.com,2020-10-24,Canada,Toronto
CUST-000073,Kavya,Nair,kavya.nair.73@example.com,2021-02-13,United Arab Emirates,Dubai
CUST-000074,Noah,Johnson,noah.johnson.74@example.com,2022-12-22,United Arab Emirates,Dubai
CUST-000075,Sofia,Iyer,sofia.iyer.75@example.com,2022-09-27,India,Delhi
CUST-000076,Fatima,Smith,fatima.smith.76@example.com,2026-02-03,Singapore,Singapore
CUST-000077,Priya,Park,priya.park.77@example.com,2025-12-06,Germany,Berlin
CUST-000078,Riya,Silva,riya.silva.78@example.com,2023-05-11,United Arab Emirates,Dubai
CUST-000079,Zane,Garcia,zane.garcia.79@example.com,2021-04-17,United Kingdom,London
CUST-000080,Tara,Martin,tara.martin.80@example.com,2023-01-20,United States,Seattle
CUST-000081,Priya,Johnson,priya.johnson.81@example.com,2023-11-05,Germany,Berlin
CUST-000082,Riya,Lopez,riya.lopez.82@example.com,2022-12-17,Canada,Vancouver
CUST-000083,Emma,Young,emma.young.83@example.com,2020-07-27,Canada,Toronto
CUST-000084,Quinn,Costa,quinn.costa.84@example.com,2023-02-07,Canada,Toronto
CUST-000085,Aarav,Singh,aarav.singh.85@example.com,2021-06-19,Canada,Vancouver
CUST-000086,Ben,Mehta,ben.mehta.86@example.com,2026-03-09,Singapore,Singapore
CUST-000087,Noah,Sharma,noah.sharma.87@example.com,2020-11-04,India,Bengaluru
CUST-000088,Noah,Patel,noah.patel.88@example.com,2024-02-21,Canada,Toronto
CUST-000089,James,Garcia,james.garcia.89@example.com,2023-06-16,India,Delhi
CUST-000090,Zane,Kapoor,zane.kapoor.90@example.com,2020-06-12,Canada,Vancouver
CUST-000091,Chen,Wright,chen.wright.91@example.com,2021-02-25,United States,Seattle
CUST-000092,Uma,Martin,uma.martin.92@example.com,2024-07-22,Canada,Toronto
CUST-000093,Sofia,Kapoor,sofia.kapoor.93@example.com,2021-10-27,United States,Austin
CUST-000094,Zane,Costa,zane.costa.94@example.com,2022-01-04,India,Delhi
CUST-000095,Vikram,Kapoor,vikram.kapoor.95@example.com,2022-10-13,Singapore,Singapore
CUST-000096,Ben,Park,ben.park.96@example.com,2021-03-18,Germany,Munich
CUST-000097,Yara,Patel,yara.patel.97@example.com,2025-04-11,Canada,Toronto
CUST-000098,Chen,Silva,chen.silva.98@example.com,2023-12-03,Singapore,Singapore
CUST-000099,Wei,Park,wei.park.99@example.com,2022-07-21,Canada,Toronto
CUST-000100,Aarav,Wright,aarav.wright.100@example.com,2024-06-20,United States,Seattle
CUST-000101,Emma,Thomas,emma.thomas.101@example.com,2023-02-17,India,Delhi
CUST-000102,Quinn,Wilson,quinn.wilson.102@example.com,2026-01-05,Singapore,Singapore
CUST-000103,Aarav,Nguyen,aarav.nguyen.103@example.com,2022-01-01,United Kingdom,Birmingham
CUST-000104,Emma,Patel,emma.patel.104@example.com,2024-11-14,India,Delhi
CUST-000105,Tara,Park,tara.park.105@example.com,2024-11-22,United Kingdom,Birmingham
CUST-000106,Maya,Nguyen,maya.nguyen.106@example.com,2026-06-19,Singapore,Singapore
CUST-000107,Emma,Patel,emma.patel.107@example.com,2024-11-21,Germany,Berlin
CUST-000108,Maya,Kapoor,maya.kapoor.108@example.com,2026-01-14,Canada,Toronto
CUST-000109,Hassan,Costa,hassan.costa.109@example.com,2023-09-14,India,Chennai
CUST-000110,Grace,Wright,grace.wright.110@example.com,2021-05-25,Canada,Vancouver
CUST-000111,Maya,Kim,maya.kim.111@example.com,2024-07-30,Germany,Munich
CUST-000112,Isha,Das,isha.das.112@example.com,2026-03-20,United Kingdom,London
CUST-000113,Chen,Costa,chen.costa.113@example.com,2024-04-01,Germany,Berlin
CUST-000114,Priya,Ahmed,priya.ahmed.114@example.com,2024-07-21,United Kingdom,Birmingham
CUST-000115,Wei,Sharma,wei.sharma.115@example.com,2023-03-21,United Kingdom,London
CUST-000116,James,Park,james.park.116@example.com,2023-08-12,United Arab Emirates,Abu Dhabi
CUST-000117,Kavya,Ali,kavya.ali.117@example.com,2022-05-25,Germany,Munich
CUST-000118,Vikram,Young,vikram.young.118@example.com,2021-11-26,Canada,Toronto
CUST-000119,Fatima,Wilson,fatima.wilson.119@example.com,2023-10-04,Germany,Berlin
CUST-000120,Wei,Roy,wei.roy.120@example.com,2023-06-25,United States,Austin
CUST-000121,Vikram,Johnson,vikram.johnson.121@example.com,2020-04-10,United States,New York
CUST-000122,Diego,Chen,diego.chen.122@example.com,2020-10-25,United Arab Emirates,Abu Dhabi
CUST-000123,James,Young,james.young.123@example.com,2026-06-15,Germany,Berlin
CUST-000124,Samir,Das,samir.das.124@example.com,2025-07-17,Singapore,Singapore
CUST-000125,Diego,Garcia,diego.garcia.125@example.com,2020-01-23,Germany,Berlin
CUST-000126,Uma,Costa,uma.costa.126@example.com,2021-12-21,United States,Chicago
CUST-000127,Aditi,Martin,aditi.martin.127@example.com,2021-05-12,United States,Chicago
CUST-000128,Aisha,Park,aisha.park.128@example.com,2025-12-15,Singapore,Singapore
CUST-000129,Uma,Young,uma.young.129@example.com,2025-08-29,Singapore,Singapore
CUST-000130,Wei,Kapoor,wei.kapoor.130@example.com,2024-12-31,United Arab Emirates,Dubai
CUST-000131,Tara,Thomas,tara.thomas.131@example.com,2025-01-17,Singapore,Singapore
CUST-000132,Uma,Brown,uma.brown.132@example.com,2023-02-09,Canada,Vancouver
CUST-000133,Quinn,Brown,quinn.brown.133@example.com,2024-12-06,United Kingdom,London
CUST-000134,Samir,Kim,samir.kim.134@example.com,2023-01-17,United States,Seattle
CUST-000135,Grace,Young,grace.young.135@example.com,2020-11-26,United Arab Emirates,Dubai
CUST-000136,Aisha,Brown,aisha.brown.136@example.com,2021-09-17,Singapore,Singapore
CUST-000137,Amelia,Costa,amelia.costa.137@example.com,2023-09-17,Singapore,Singapore
CUST-000138,James,Patel,james.patel.138@example.com,2024-09-16,United States,Chicago
CUST-000139,Zane,Roy,zane.roy.139@example.com,2020-03-21,United Arab Emirates,Abu Dhabi
CUST-000140,Leo,Sharma,leo.sharma.140@example.com,2023-05-08,United Kingdom,Manchester
CUST-000141,Yara,Young,yara.young.141@example.com,2024-09-12,Canada,Toronto
CUST-000142,Leo,Brown,leo.brown.142@example.com,2024-11-20,United Kingdom,Manchester
CUST-000143,Aarav,Muller,aarav.muller.143@example.com,2024-07-14,United Kingdom,Birmingham
CUST-000144,Ben,Silva,ben.silva.144@example.com,2021-06-06,Singapore,Singapore
CUST-000145,Sofia,Muller,sofia.muller.145@example.com,2026-04-30,United Arab Emirates,Dubai
CUST-000146,Amelia,Lopez,amelia.lopez.146@example.com,2021-07-09,Singapore,Singapore
CUST-000147,Ben,Patel,ben.patel.147@example.com,2024-04-01,United Kingdom,Manchester
CUST-000148,Chen,Ali,chen.ali.148@example.com,2023-10-14,United Kingdom,Manchester
CUST-000149,Emma,Roy,emma.roy.149@example.com,2024-09-22,Canada,Vancouver
CUST-000150,Wei,Khan,wei.khan.150@example.com,2020-03-20,Singapore,Singapore
CUST-000151,Hassan,Brown,hassan.brown.151@example.com,2020-10-08,Germany,Berlin
CUST-000152,Uma,Sharma,uma.sharma.152@example.com,2022-03-27,United States,New York
CUST-000153,Priya,Garcia,priya.garcia.153@example.com,2021-06-01,United States,Chicago
CUST-000154,Riya,Nguyen,riya.nguyen.154@example.com,2022-06-11,United Arab Emirates,Abu Dhabi
CUST-000155,Samir,Lee,samir.lee.155@example.com,2024-02-19,Canada,Toronto
CUST-000156,Priya,Nair,priya.nair.156@example.com,2021-04-14,Germany,Berlin
CUST-000157,Fatima,Nguyen,fatima.nguyen.157@example.com,2020-04-15,United Arab Emirates,Abu Dhabi
CUST-000158,Olivia,Wright,olivia.wright.158@example.com,2024-06-12,Singapore,Singapore
CUST-000159,Amelia,Ahmed,amelia.ahmed.159@example.com,2022-09-21,Germany,Berlin
CUST-000160,Samir,Roy,samir.roy.160@example.com,2021-05-10,United Kingdom,Birmingham
CUST-000161,Vikram,Patel,vikram.patel.161@example.com,2025-12-22,United Kingdom,Manchester
CUST-000162,Riya,Iyer,riya.iyer.162@example.com,2025-09-03,India,Delhi
CUST-000163,Aarav,Thomas,aarav.thomas.163@example.com,2025-06-30,Singapore,Singapore
CUST-000164,James,Iyer,james.iyer.164@example.com,2025-02-26,Germany,Berlin
CUST-000165,James,Smith,james.smith.165@example.com,2025-11-07,Germany,Munich
CUST-000166,Priya,Park,priya.park.166@example.com,2025-06-03,United Arab Emirates,Abu Dhabi
CUST-000167,James,Silva,james.silva.167@example.com,2023-01-04,Germany,Munich
CUST-000168,Yara,Brown,yara.brown.168@example.com,2020-12-20,Canada,Vancouver
CUST-000169,Zane,Ali,zane.ali.169@example.com,2025-03-18,United States,Chicago
CUST-000170,Grace,Sharma,grace.sharma.170@example.com,2023-08-24,Singapore,Singapore
CUST-000171,Leo,Johnson,leo.johnson.171@example.com,2022-11-24,United Kingdom,Manchester
CUST-000172,Emma,Young,emma.young.172@example.com,2023-02-05,United Arab Emirates,Dubai
CUST-000173,Maya,Johnson,maya.johnson.173@example.com,2022-09-15,India,Hyderabad
CUST-000174,Leo,Martin,leo.martin.174@example.com,2022-09-11,Canada,Vancouver
CUST-000175,Quinn,Das,quinn.das.175@example.com,2025-01-09,Singapore,Singapore
CUST-000176,Amelia,Kim,amelia.kim.176@example.com,2024-07-14,United States,Austin
CUST-000177,Fatima,Wright,fatima.wright.177@example.com,2024-02-20,United Arab Emirates,Abu Dhabi
CUST-000178,Noah,Wilson,noah.wilson.178@example.com,2024-10-08,United Kingdom,Birmingham
CUST-000179,Noah,Singh,noah.singh.179@example.com,2025-02-01,United Kingdom,Manchester
CUST-000180,Fatima,Lee,fatima.lee.180@example.com,2021-05-09,United States,Austin
CUST-000181,Grace,Nguyen,grace.nguyen.181@example.com,2026-01-03,Germany,Berlin
CUST-000182,Chen,Johnson,chen.johnson.182@example.com,2025-06-06,Germany,Munich
CUST-000183,Tara,Ahmed,tara.ahmed.183@example.com,2025-11-18,Canada,Vancouver
CUST-000184,Arjun,Silva,arjun.silva.184@example.com,2023-04-28,United States,Austin
CUST-000185,Hassan,Smith,hassan.smith.185@example.com,2020-02-27,United Kingdom,Birmingham
CUST-000186,Noah,Garcia,noah.garcia.186@example.com,2020-07-05,United Kingdom,London
CUST-000187,Noah,Kim,noah.kim.187@example.com,2021-06-01,Germany,Munich
CUST-000188,Arjun,Thomas,arjun.thomas.188@example.com,2026-06-09,India,Delhi
CUST-000189,Leo,Chen,leo.chen.189@example.com,2023-10-27,Singapore,Singapore
CUST-000190,Aditi,Lee,aditi.lee.190@example.com,2025-05-10,Canada,Toronto
CUST-000191,Wei,Khan,wei.khan.191@example.com,2025-07-07,Singapore,Singapore
CUST-000192,Olivia,Lopez,olivia.lopez.192@example.com,2020-08-07,Germany,Berlin
CUST-000193,Aisha,Park,aisha.park.193@example.com,2023-05-29,United Arab Emirates,Dubai
CUST-000194,Diego,Nguyen,diego.nguyen.194@example.com,2024-08-31,United Arab Emirates,Dubai
CUST-000195,Uma,Wilson,uma.wilson.195@example.com,2025-01-19,Singapore,Singapore
CUST-000196,Fatima,Thomas,fatima.thomas.196@example.com,2024-10-22,United Arab Emirates,Abu Dhabi
CUST-000197,Olivia,Nair,olivia.nair.197@example.com,2021-02-10,India,Bengaluru
CUST-000198,Quinn,Johnson,quinn.johnson.198@example.com,2020-11-28,United Kingdom,London
CUST-000199,Diego,Smith,diego.smith.199@example.com,2020-11-03,United Arab Emirates,Dubai
CUST-000200,Aarav,Costa,aarav.costa.200@example.com,2025-04-08,Singapore,Singapore
CUST-000201,Aditi,Brown,aditi.brown.201@example.com,2023-03-04,United Kingdom,Birmingham
CUST-000202,Yara,Ali,yara.ali.202@example.com,2022-08-14,India,Delhi
CUST-000203,Vikram,Park,vikram.park.203@example.com,2026-08-12,Germany,Berlin
CUST-000204,James,Nguyen,james.nguyen.204@example.com,2022-07-09,United Arab Emirates,Dubai
CUST-000205,Sofia,Lee,sofia.lee.205@example.com,2021-08-05,Canada,Toronto
CUST-000206,Aditi,Smith,aditi.smith.206@example.com,2023-06-13,Canada,Vancouver
CUST-000207,Kavya,Nguyen,kavya.nguyen.207@example.com,2023-05-30,Singapore,Singapore
CUST-000208,Emma,Wilson,emma.wilson.208@example.com,2025-07-15,United Arab Emirates,Abu Dhabi
CUST-000209,Amelia,Nair,amelia.nair.209@example.com,2024-11-04,India,Delhi
CUST-000210,Priya,Lee,priya.lee.210@example.com,2021-01-09,India,Bengaluru
CUST-000211,Riya,Silva,riya.silva.211@example.com,2026-06-14,Canada,Toronto
CUST-000212,Uma,Wright,uma.wright.212@example.com,2023-01-08,Canada,Toronto
CUST-000213,Uma,Roy,uma.roy.213@example.com,2025-04-11,United States,Chicago
CUST-000214,Sofia,Lee,sofia.lee.214@example.com,2026-07-25,United States,Chicago
CUST-000215,Quinn,Silva,quinn.silva.215@example.com,2021-01-08,Singapore,Singapore
CUST-000216,Hassan,Costa,hassan.costa.216@example.com,2023-08-08,United Kingdom,Birmingham
CUST-000217,Arjun,Thomas,arjun.thomas.217@example.com,2023-09-12,United States,Chicago
CUST-000218,Samir,Chen,samir.chen.218@example.com,2024-06-28,United Kingdom,Birmingham
CUST-000219,Aditi,Ali,aditi.ali.219@example.com,2023-07-12,India,Delhi
CUST-000220,Grace,Nguyen,grace.nguyen.220@example.com,2024-07-13,Canada,Toronto
CUST-000221,Riya,Thomas,riya.thomas.221@example.com,2025-03-07,United Arab Emirates,Abu Dhabi
CUST-000222,Aditi,Johnson,aditi.johnson.222@example.com,2024-01-21,United Arab Emirates,Abu Dhabi
CUST-000223,Quinn,Ali,quinn.ali.223@example.com,2020-07-30,Canada,Toronto
CUST-000224,Emma,Martin,emma.martin.224@example.com,2023-03-25,United States,Chicago
CUST-000225,Zane,Das,zane.das.225@example.com,2021-05-12,Singapore,Singapore
CUST-000226,Quinn,Nair,quinn.nair.226@example.com,2022-09-07,Canada,Toronto
CUST-000227,Fatima,Martin,fatima.martin.227@example.com,2026-03-12,India,Hyderabad
CUST-000228,Amelia,Brown,amelia.brown.228@example.com,2021-04-09,Canada,Vancouver
CUST-000229,Arjun,Lopez,arjun.lopez.229@example.com,2021-09-22,Canada,Vancouver
CUST-000230,Sofia,Das,sofia.das.230@example.com,2025-09-15,United Kingdom,Birmingham
CUST-000231,Emma,Costa,emma.costa.231@example.com,2025-05-30,Canada,Vancouver
CUST-000232,Diego,Ali,diego.ali.232@example.com,2021-08-15,United Arab Emirates,Abu Dhabi
CUST-000233,Chen,Kapoor,chen.kapoor.233@example.com,2025-09-12,United Arab Emirates,Dubai
CUST-000234,Yara,Khan,yara.khan.234@example.com,2024-08-26,United Kingdom,Manchester
CUST-000235,Sofia,Park,sofia.park.235@example.com,2022-12-30,United Arab Emirates,Dubai
CUST-000236,Fatima,Mehta,fatima.mehta.236@example.com,2026-08-01,United Kingdom,Birmingham
CUST-000237,Riya,Chen,riya.chen.237@example.com,2021-08-31,Canada,Vancouver
CUST-000238,Noah,Chen,noah.chen.238@example.com,2023-09-23,United Kingdom,Birmingham
CUST-000239,Uma,Martin,uma.martin.239@example.com,2025-02-08,Singapore,Singapore
CUST-000240,Yara,Johnson,yara.johnson.240@example.com,2022-09-05,Germany,Munich
CUST-000241,Diego,Thomas,diego.thomas.241@example.com,2024-08-09,Canada,Toronto
CUST-000242,Grace,Mehta,grace.mehta.242@example.com,2024-04-10,Singapore,Singapore
CUST-000243,Riya,Park,riya.park.243@example.com,2021-09-15,Canada,Vancouver
CUST-000244,Aditi,Garcia,aditi.garcia.244@example.com,2026-08-14,United Arab Emirates,Abu Dhabi
CUST-000245,Yara,Nguyen,yara.nguyen.245@example.com,2024-12-08,Canada,Toronto
CUST-000246,Maya,Kapoor,maya.kapoor.246@example.com,2020-03-03,Singapore,Singapore
CUST-000247,James,Thomas,james.thomas.247@example.com,2021-09-24,Germany,Berlin
CUST-000248,Leo,Park,leo.park.248@example.com,2023-10-18,United Kingdom,Birmingham
CUST-000249,Samir,Muller,samir.muller.249@example.com,2020-11-24,Germany,Munich
CUST-000250,Yara,Wright,yara.wright.250@example.com,2025-12-25,Canada,Vancouver
CUST-000251,Grace,Lopez,grace.lopez.251@example.com,2025-06-21,Germany,Berlin
CUST-000252,Priya,Khan,priya.khan.252@example.com,2023-03-23,United States,Austin
CUST-000253,Tara,Khan,tara.khan.253@example.com,2021-02-07,Singapore,Singapore
CUST-000254,Kavya,Smith,kavya.smith.254@example.com,2023-05-11,Germany,Berlin
CUST-000255,Aditi,Singh,aditi.singh.255@example.com,2020-08-17,Canada,Vancouver
CUST-000256,Hassan,Iyer,hassan.iyer.256@example.com,2021-08-19,Singapore,Singapore
CUST-000257,Maya,Costa,maya.costa.257@example.com,2022-01-07,United Arab Emirates,Dubai
CUST-000258,Ben,Khan,ben.khan.258@example.com,2024-04-15,United Arab Emirates,Dubai
CUST-000259,Leo,Kapoor,leo.kapoor.259@example.com,2021-08-09,United Arab Emirates,Dubai
CUST-000260,Kavya,Lopez,kavya.lopez.260@example.com,2025-02-25,United Kingdom,Manchester
CUST-000261,Riya,Sharma,riya.sharma.261@example.com,2025-03-20,Canada,Vancouver
CUST-000262,Riya,Martin,riya.martin.262@example.com,2020-10-29,United States,Chicago
CUST-000263,Hassan,Ahmed,hassan.ahmed.263@example.com,2024-10-03,United Kingdom,Birmingham
CUST-000264,Emma,Ali,emma.ali.264@example.com,2023-05-22,Canada,Toronto
CUST-000265,Isha,Thomas,isha.thomas.265@example.com,2021-03-12,Singapore,Singapore
CUST-000266,Isha,Ahmed,isha.ahmed.266@example.com,2026-06-12,United Kingdom,Manchester
CUST-000267,Samir,Kim,samir.kim.267@example.com,2024-06-09,India,Delhi
CUST-000268,Aarav,Ahmed,aarav.ahmed.268@example.com,2020-07-19,Canada,Vancouver
CUST-000269,Wei,Young,wei.young.269@example.com,2022-07-31,United Kingdom,Birmingham
CUST-000270,Vikram,Iyer,vikram.iyer.270@example.com,2022-02-17,United States,Seattle
CUST-000271,Riya,Roy,riya.roy.271@example.com,2021-07-14,Germany,Berlin
CUST-000272,Zane,Lopez,zane.lopez.272@example.com,2020-06-10,Germany,Munich
CUST-000273,Vikram,Ali,vikram.ali.273@example.com,2026-07-01,India,Delhi
CUST-000274,Tara,Garcia,tara.garcia.274@example.com,2023-04-23,India,Delhi
CUST-000275,Tara,Costa,tara.costa.275@example.com,2022-04-02,United States,Austin
CUST-000276,Vikram,Martin,vikram.martin.276@example.com,2025-12-14,United Kingdom,Birmingham
CUST-000277,Sofia,Lee,sofia.lee.277@example.com,2021-11-04,Canada,Vancouver
CUST-000278,Sofia,Silva,sofia.silva.278@example.com,2023-04-23,Singapore,Singapore
CUST-000279,Vikram,Nguyen,vikram.nguyen.279@example.com,2020-11-04,Singapore,Singapore
CUST-000280,Uma,Brown,uma.brown.280@example.com,2024-06-15,Canada,Vancouver
CUST-000281,Amelia,Park,amelia.park.281@example.com,2020-02-27,Singapore,Singapore
CUST-000282,Noah,Nguyen,noah.nguyen.282@example.com,2024-02-18,Singapore,Singapore
CUST-000283,Olivia,Muller,olivia.muller.283@example.com,2024-03-01,Canada,Toronto
CUST-000284,Riya,Brown,riya.brown.284@example.com,2020-04-12,Singapore,Singapore
CUST-000285,Sofia,Nair,sofia.nair.285@example.com,2020-09-15,United States,Chicago
CUST-000286,Sofia,Das,sofia.das.286@example.com,2024-07-30,United Kingdom,London
CUST-000287,Aisha,Patel,aisha.patel.287@example.com,2023-05-31,India,Hyderabad
CUST-000288,Arjun,Nguyen,arjun.nguyen.288@example.com,2026-01-10,United States,Austin
CUST-000289,Isha,Ali,isha.ali.289@example.com,2026-01-21,United Kingdom,Manchester
CUST-000290,Olivia,Mehta,olivia.mehta.290@example.com,2021-09-24,Germany,Munich
CUST-000291,Quinn,Nguyen,quinn.nguyen.291@example.com,2025-06-27,Canada,Vancouver
CUST-000292,Emma,Patel,emma.patel.292@example.com,2024-02-26,Germany,Berlin
CUST-000293,Kavya,Ali,kavya.ali.293@example.com,2024-01-25,United States,New York
CUST-000294,Riya,Iyer,riya.iyer.294@example.com,2024-01-09,United Arab Emirates,Dubai
CUST-000295,Isha,Lee,isha.lee.295@example.com,2021-05-15,United States,Chicago
CUST-000296,Amelia,Wright,amelia.wright.296@example.com,2020-03-28,United States,New York
CUST-000297,Vikram,Singh,vikram.singh.297@example.com,2021-05-30,United States,Austin
CUST-000298,Amelia,Silva,amelia.silva.298@example.com,2026-03-20,Canada,Toronto
CUST-000299,Olivia,Johnson,olivia.johnson.299@example.com,2022-08-12,Canada,Vancouver
CUST-000300,Uma,Garcia,uma.garcia.300@example.com,2020-01-12,Canada,Vancouver
CUST-000301,Yara,Garcia,yara.garcia.301@example.com,2026-01-21,United States,Seattle
CUST-000302,Vikram,Smith,vikram.smith.302@example.com,2020-04-15,India,Bengaluru
CUST-000303,Aarav,Iyer,aarav.iyer.303@example.com,2022-09-01,Canada,Vancouver
CUST-000304,Aarav,Smith,aarav.smith.304@example.com,2020-08-02,United Kingdom,London
CUST-000305,Tara,Costa,tara.costa.305@example.com,2021-04-10,United Arab Emirates,Dubai
CUST-000306,Leo,Ali,leo.ali.306@example.com,2024-01-22,Canada,Toronto
CUST-000307,Kavya,Wilson,kavya.wilson.307@example.com,2020-06-26,United States,Seattle
CUST-000308,Kavya,Lopez,kavya.lopez.308@example.com,2020-09-06,India,Hyderabad
CUST-000309,Yara,Muller,yara.muller.309@example.com,2021-03-18,Singapore,Singapore
CUST-000310,Samir,Kapoor,samir.kapoor.310@example.com,2020-10-28,Singapore,Singapore
CUST-000311,Grace,Nair,grace.nair.311@example.com,2020-09-26,United States,Austin
CUST-000312,Emma,Nair,emma.nair.312@example.com,2026-07-25,Germany,Munich
CUST-000313,Isha,Nair,isha.nair.313@example.com,2023-04-22,United Arab Emirates,Abu Dhabi
CUST-000314,Maya,Nair,maya.nair.314@example.com,2021-02-10,Singapore,Singapore
CUST-000315,Yara,Lopez,yara.lopez.315@example.com,2026-03-08,Germany,Berlin
CUST-000316,James,Ali,james.ali.316@example.com,2024-08-21,United States,Seattle
CUST-000317,Wei,Ali,wei.ali.317@example.com,2024-08-30,Singapore,Singapore
CUST-000318,Grace,Costa,grace.costa.318@example.com,2022-11-10,United Kingdom,Manchester
CUST-000319,Aisha,Wright,aisha.wright.319@example.com,2020-10-01,Singapore,Singapore
CUST-000320,Wei,Khan,wei.khan.320@example.com,2024-11-03,India,Mumbai
CUST-000321,Tara,Mehta,tara.mehta.321@example.com,2021-06-16,United Kingdom,Birmingham
CUST-000322,Aditi,Ahmed,aditi.ahmed.322@example.com,2026-04-19,United Arab Emirates,Abu Dhabi
CUST-000323,Riya,Nguyen,riya.nguyen.323@example.com,2023-12-19,Singapore,Singapore
CUST-000324,Yara,Kapoor,yara.kapoor.324@example.com,2020-07-29,Germany,Munich
CUST-000325,Priya,Kim,priya.kim.325@example.com,2021-02-28,United Kingdom,Birmingham
CUST-000326,Maya,Johnson,maya.johnson.326@example.com,2025-05-29,United States,Austin
CUST-000327,Yara,Nguyen,yara.nguyen.327@example.com,2026-03-28,United Kingdom,Manchester
CUST-000328,Arjun,Roy,arjun.roy.328@example.com,2026-06-09,United Kingdom,London
CUST-000329,Vikram,Costa,vikram.costa.329@example.com,2026-04-16,Canada,Toronto
CUST-000330,Priya,Kapoor,priya.kapoor.330@example.com,2022-12-31,Germany,Berlin
CUST-000331,Ben,Lee,ben.lee.331@example.com,2023-06-19,Germany,Munich
CUST-000332,Hassan,Sharma,hassan.sharma.332@example.com,2021-08-09,United States,Chicago
CUST-000333,Amelia,Garcia,amelia.garcia.333@example.com,2020-05-05,Germany,Berlin
CUST-000334,Tara,Wilson,tara.wilson.334@example.com,2024-03-20,United States,Chicago
CUST-000335,Kavya,Singh,kavya.singh.335@example.com,2024-02-24,United States,Seattle
CUST-000336,Tara,Singh,tara.singh.336@example.com,2026-05-13,Canada,Toronto
CUST-000337,Zane,Patel,zane.patel.337@example.com,2021-10-06,United States,New York
CUST-000338,Riya,Khan,riya.khan.338@example.com,2024-12-19,United Kingdom,Birmingham
CUST-000339,James,Chen,james.chen.339@example.com,2024-12-15,United Arab Emirates,Abu Dhabi
CUST-000340,Emma,Johnson,emma.johnson.340@example.com,2025-09-29,Canada,Toronto
CUST-000341,Hassan,Costa,hassan.costa.341@example.com,2023-03-06,India,Chennai
CUST-000342,Leo,Wilson,leo.wilson.342@example.com,2023-06-17,Germany,Berlin
CUST-000343,Diego,Muller,diego.muller.343@example.com,2020-08-12,United Arab Emirates,Dubai
CUST-000344,Chen,Kim,chen.kim.344@example.com,2021-07-16,United States,Seattle
CUST-000345,Fatima,Singh,fatima.singh.345@example.com,2020-02-01,India,Hyderabad
CUST-000346,Tara,Costa,tara.costa.346@example.com,2021-06-13,United States,Chicago
CUST-000347,Noah,Das,noah.das.347@example.com,2025-08-11,United States,Seattle
CUST-000348,Amelia,Muller,amelia.muller.348@example.com,2020-06-22,Canada,Vancouver
CUST-000349,Aarav,Ali,aarav.ali.349@example.com,2023-07-06,India,Chennai
CUST-000350,James,Ahmed,james.ahmed.350@example.com,2024-09-06,Singapore,Singapore
CUST-000351,Arjun,Muller,arjun.muller.351@example.com,2023-08-23,India,Bengaluru
CUST-000352,Vikram,Nair,vikram.nair.352@example.com,2024-01-22,Singapore,Singapore
CUST-000353,James,Thomas,james.thomas.353@example.com,2022-09-23,India,Hyderabad
CUST-000354,Olivia,Muller,olivia.muller.354@example.com,2020-11-18,United Arab Emirates,Abu Dhabi
CUST-000355,Yara,Kim,yara.kim.355@example.com,2023-10-22,Germany,Berlin
CUST-000356,Grace,Roy,grace.roy.356@example.com,2020-11-08,United States,New York
CUST-000357,Maya,Wilson,maya.wilson.357@example.com,2023-12-02,United States,Seattle
CUST-000358,Tara,Silva,tara.silva.358@example.com,2021-08-27,Germany,Berlin
CUST-000359,Arjun,Garcia,arjun.garcia.359@example.com,2022-03-19,United Kingdom,London
CUST-000360,Priya,Garcia,priya.garcia.360@example.com,2020-11-04,Canada,Toronto
CUST-000361,Uma,Lopez,uma.lopez.361@example.com,2025-03-15,Singapore,Singapore
CUST-000362,Riya,Kapoor,riya.kapoor.362@example.com,2023-08-16,United Arab Emirates,Abu Dhabi
CUST-000363,Aisha,Ali,aisha.ali.363@example.com,2025-04-04,India,Hyderabad
CUST-000364,Quinn,Kim,quinn.kim.364@example.com,2023-01-30,Canada,Toronto
CUST-000365,Hassan,Wilson,hassan.wilson.365@example.com,2023-06-25,India,Hyderabad
CUST-000366,Kavya,Patel,kavya.patel.366@example.com,2024-02-19,India,Delhi
CUST-000367,Amelia,Lopez,amelia.lopez.367@example.com,2021-01-04,Canada,Vancouver
CUST-000368,Kavya,Ahmed,kavya.ahmed.368@example.com,2020-06-17,United Arab Emirates,Abu Dhabi
CUST-000369,Sofia,Park,sofia.park.369@example.com,2022-02-10,United Arab Emirates,Abu Dhabi
CUST-000370,Priya,Chen,priya.chen.370@example.com,2021-09-09,United Arab Emirates,Dubai
CUST-000371,Kavya,Nguyen,kavya.nguyen.371@example.com,2023-11-07,Canada,Toronto
CUST-000372,Maya,Lopez,maya.lopez.372@example.com,2020-06-09,United States,Austin
CUST-000373,Samir,Ali,samir.ali.373@example.com,2025-11-16,Singapore,Singapore
CUST-000374,Hassan,Iyer,hassan.iyer.374@example.com,2024-05-05,United Kingdom,Manchester
CUST-000375,Uma,Singh,uma.singh.375@example.com,2020-08-02,Germany,Munich
CUST-000376,Amelia,Singh,amelia.singh.376@example.com,2026-04-04,India,Hyderabad
CUST-000377,Fatima,Lee,fatima.lee.377@example.com,2021-09-07,Germany,Munich
CUST-000378,Amelia,Ahmed,amelia.ahmed.378@example.com,2021-08-02,Germany,Munich
CUST-000379,Fatima,Lopez,fatima.lopez.379@example.com,2024-05-24,Germany,Berlin
CUST-000380,Priya,Das,priya.das.380@example.com,2023-06-22,India,Chennai
CUST-000381,Isha,Lopez,isha.lopez.381@example.com,2023-09-07,Canada,Toronto
CUST-000382,Riya,Das,riya.das.382@example.com,2025-11-26,Canada,Toronto
CUST-000383,Quinn,Wright,quinn.wright.383@example.com,2025-09-13,Singapore,Singapore
CUST-000384,Aarav,Iyer,aarav.iyer.384@example.com,2022-01-08,United Kingdom,London
CUST-000385,Grace,Roy,grace.roy.385@example.com,2022-02-25,Singapore,Singapore
CUST-000386,Aisha,Garcia,aisha.garcia.386@example.com,2023-04-26,India,Mumbai
CUST-000387,Maya,Roy,maya.roy.387@example.com,2025-11-26,United Arab Emirates,Dubai
CUST-000388,Riya,Singh,riya.singh.388@example.com,2021-06-20,Canada,Vancouver
CUST-000389,Aisha,Smith,aisha.smith.389@example.com,2021-11-09,United States,Chicago
CUST-000390,Aditi,Costa,aditi.costa.390@example.com,2022-08-30,United Kingdom,Manchester
CUST-000391,Priya,Kim,priya.kim.391@example.com,2025-01-12,Canada,Toronto
CUST-000392,Noah,Brown,noah.brown.392@example.com,2025-04-05,United Kingdom,London
CUST-000393,Hassan,Wright,hassan.wright.393@example.com,2024-12-09,United Arab Emirates,Abu Dhabi
CUST-000394,Uma,Kim,uma.kim.394@example.com,2024-04-13,Canada,Vancouver
CUST-000395,Ben,Silva,ben.silva.395@example.com,2021-07-20,United States,Seattle
CUST-000396,Aditi,Lopez,aditi.lopez.396@example.com,2024-02-29,Singapore,Singapore
CUST-000397,Samir,Thomas,samir.thomas.397@example.com,2021-05-25,United Arab Emirates,Abu Dhabi
CUST-000398,Amelia,Roy,amelia.roy.398@example.com,2023-01-22,United States,Chicago
CUST-000399,Zane,Wilson,zane.wilson.399@example.com,2024-11-26,United States,New York
CUST-000400,Sofia,Brown,sofia.brown.400@example.com,2025-01-21,Canada,Vancouver
CUST-000401,Sofia,Sharma,sofia.sharma.401@example.com,2020-08-06,Singapore,Singapore
CUST-000402,Maya,Iyer,maya.iyer.402@example.com,2024-04-30,United States,New York
CUST-000403,Hassan,Brown,hassan.brown.403@example.com,2023-07-29,India,Mumbai
CUST-000404,Wei,Das,wei.das.404@example.com,2023-10-05,Germany,Berlin
CUST-000405,Aisha,Patel,aisha.patel.405@example.com,2025-04-19,United Kingdom,Birmingham
CUST-000406,Wei,Garcia,wei.garcia.406@example.com,2025-04-05,Canada,Vancouver
CUST-000407,Priya,Sharma,priya.sharma.407@example.com,2020-03-18,India,Delhi
CUST-000408,Chen,Silva,chen.silva.408@example.com,2026-02-25,United States,Chicago
CUST-000409,Arjun,Roy,arjun.roy.409@example.com,2022-08-31,United Kingdom,Manchester
CUST-000410,Arjun,Patel,arjun.patel.410@example.com,2024-09-15,United States,Chicago
CUST-000411,Amelia,Nguyen,amelia.nguyen.411@example.com,2025-08-09,Canada,Toronto
CUST-000412,Quinn,Wilson,quinn.wilson.412@example.com,2022-09-17,United Arab Emirates,Dubai
CUST-000413,Fatima,Costa,fatima.costa.413@example.com,2023-12-16,India,Bengaluru
CUST-000414,Olivia,Costa,olivia.costa.414@example.com,2020-12-16,United States,Seattle
CUST-000415,Amelia,Wilson,amelia.wilson.415@example.com,2025-09-09,United Arab Emirates,Dubai
CUST-000416,Isha,Thomas,isha.thomas.416@example.com,2020-06-27,Singapore,Singapore
CUST-000417,Hassan,Lee,hassan.lee.417@example.com,2020-03-07,Germany,Munich
CUST-000418,Vikram,Khan,vikram.khan.418@example.com,2022-09-14,United Kingdom,Birmingham
CUST-000419,Riya,Lopez,riya.lopez.419@example.com,2026-07-11,India,Delhi
CUST-000420,Aisha,Patel,aisha.patel.420@example.com,2026-02-14,United Kingdom,Manchester
CUST-000421,Wei,Lopez,wei.lopez.421@example.com,2025-03-18,United States,Chicago
CUST-000422,Quinn,Smith,quinn.smith.422@example.com,2021-07-06,Canada,Toronto
CUST-000423,Samir,Roy,samir.roy.423@example.com,2020-05-31,Singapore,Singapore
CUST-000424,Chen,Patel,chen.patel.424@example.com,2022-03-28,Canada,Toronto
CUST-000425,Grace,Kapoor,grace.kapoor.425@example.com,2025-10-12,United Kingdom,Manchester
CUST-000426,Wei,Martin,wei.martin.426@example.com,2022-11-03,Singapore,Singapore
CUST-000427,Uma,Lopez,uma.lopez.427@example.com,2023-03-17,United States,Seattle
CUST-000428,Yara,Roy,yara.roy.428@example.com,2023-09-21,India,Delhi
CUST-000429,Arjun,Park,arjun.park.429@example.com,2024-11-24,United Kingdom,Manchester
CUST-000430,Tara,Ali,tara.ali.430@example.com,2023-10-20,Singapore,Singapore
CUST-000431,Leo,Das,leo.das.431@example.com,2024-02-13,Singapore,Singapore
CUST-000432,Vikram,Khan,vikram.khan.432@example.com,2024-10-04,Germany,Berlin
CUST-000433,James,Nair,james.nair.433@example.com,2022-01-09,Canada,Vancouver
CUST-000434,Grace,Nguyen,grace.nguyen.434@example.com,2023-09-05,India,Delhi
CUST-000435,Fatima,Ali,fatima.ali.435@example.com,2024-10-11,United Arab Emirates,Dubai
CUST-000436,Samir,Ali,samir.ali.436@example.com,2025-01-05,United Kingdom,London
CUST-000437,Tara,Thomas,tara.thomas.437@example.com,2024-11-16,United Kingdom,Manchester
CUST-000438,Quinn,Park,quinn.park.438@example.com,2020-11-03,India,Hyderabad
CUST-000439,Hassan,Wilson,hassan.wilson.439@example.com,2021-10-17,Canada,Toronto
CUST-000440,Aisha,Thomas,aisha.thomas.440@example.com,2024-11-29,United Arab Emirates,Dubai
CUST-000441,Aisha,Khan,aisha.khan.441@example.com,2024-02-09,United States,Seattle
CUST-000442,Isha,Ahmed,isha.ahmed.442@example.com,2021-09-20,India,Hyderabad
CUST-000443,Hassan,Iyer,hassan.iyer.443@example.com,2020-11-10,Singapore,Singapore
CUST-000444,Maya,Iyer,maya.iyer.444@example.com,2023-07-11,Singapore,Singapore
CUST-000445,Diego,Nguyen,diego.nguyen.445@example.com,2022-02-01,India,Hyderabad
CUST-000446,Maya,Muller,maya.muller.446@example.com,2021-04-27,United Arab Emirates,Abu Dhabi
CUST-000447,Uma,Lee,uma.lee.447@example.com,2025-01-01,Germany,Berlin
CUST-000448,Priya,Kim,priya.kim.448@example.com,2025-07-04,Germany,Berlin
CUST-000449,Arjun,Garcia,arjun.garcia.449@example.com,2020-10-30,Canada,Vancouver
CUST-000450,Ben,Young,ben.young.450@example.com,2024-12-28,Germany,Berlin
CUST-000451,Vikram,Wright,vikram.wright.451@example.com,2023-08-02,Canada,Vancouver
CUST-000452,Samir,Khan,samir.khan.452@example.com,2026-01-29,United Arab Emirates,Abu Dhabi
CUST-000453,Zane,Kim,zane.kim.453@example.com,2021-10-07,Canada,Toronto
CUST-000454,Vikram,Iyer,vikram.iyer.454@example.com,2022-07-07,United Arab Emirates,Dubai
CUST-000455,Chen,Park,chen.park.455@example.com,2022-08-27,United States,Chicago
CUST-000456,Aarav,Iyer,aarav.iyer.456@example.com,2026-06-02,United Arab Emirates,Abu Dhabi
CUST-000457,Kavya,Park,kavya.park.457@example.com,2021-06-15,United Arab Emirates,Dubai
CUST-000458,Amelia,Kim,amelia.kim.458@example.com,2025-05-14,Singapore,Singapore
CUST-000459,Uma,Costa,uma.costa.459@example.com,2026-06-12,Canada,Toronto
CUST-000460,Aisha,Singh,aisha.singh.460@example.com,2020-10-30,Germany,Munich
CUST-000461,Kavya,Wright,kavya.wright.461@example.com,2023-11-12,United Arab Emirates,Dubai
CUST-000462,Zane,Silva,zane.silva.462@example.com,2026-03-08,Canada,Toronto
CUST-000463,Uma,Garcia,uma.garcia.463@example.com,2025-08-21,Singapore,Singapore
CUST-000464,Wei,Nguyen,wei.nguyen.464@example.com,2021-09-18,United Arab Emirates,Abu Dhabi
CUST-000465,Ben,Smith,ben.smith.465@example.com,2022-07-12,United Kingdom,Manchester
CUST-000466,Maya,Young,maya.young.466@example.com,2020-11-19,United Kingdom,Manchester
CUST-000467,Chen,Lopez,chen.lopez.467@example.com,2023-01-29,United Arab Emirates,Dubai
CUST-000468,Quinn,Kim,quinn.kim.468@example.com,2025-12-25,United Arab Emirates,Dubai
CUST-000469,Maya,Lopez,maya.lopez.469@example.com,2026-07-06,United States,Austin
CUST-000470,Ben,Wright,ben.wright.470@example.com,2023-10-14,United Arab Emirates,Dubai
CUST-000471,Wei,Thomas,wei.thomas.471@example.com,2020-11-28,India,Mumbai
CUST-000472,Quinn,Roy,quinn.roy.472@example.com,2022-12-20,United Arab Emirates,Dubai
CUST-000473,Uma,Ahmed,uma.ahmed.473@example.com,2020-05-04,Singapore,Singapore
CUST-000474,Zane,Lopez,zane.lopez.474@example.com,2023-04-01,United Arab Emirates,Abu Dhabi
CUST-000475,Leo,Brown,leo.brown.475@example.com,2024-07-21,Canada,Vancouver
CUST-000476,Kavya,Khan,kavya.khan.476@example.com,2020-09-02,Germany,Berlin
CUST-000477,Kavya,Costa,kavya.costa.477@example.com,2025-03-17,Singapore,Singapore
CUST-000478,Grace,Nair,grace.nair.478@example.com,2023-07-04,United States,Seattle
CUST-000479,Tara,Thomas,tara.thomas.479@example.com,2024-06-21,United Kingdom,London
CUST-000480,Uma,Iyer,uma.iyer.480@example.com,2026-04-19,United Arab Emirates,Dubai
CUST-000481,Grace,Brown,grace.brown.481@example.com,2021-05-16,Singapore,Singapore
CUST-000482,Kavya,Brown,kavya.brown.482@example.com,2021-01-31,United States,New York
CUST-000483,Fatima,Muller,fatima.muller.483@example.com,2024-09-08,Canada,Toronto
CUST-000484,Yara,Young,yara.young.484@example.com,2023-09-03,United States,Seattle
CUST-000485,Chen,Roy,chen.roy.485@example.com,2025-08-02,United States,Chicago
CUST-000486,Leo,Young,leo.young.486@example.com,2025-07-30,United Kingdom,London
CUST-000487,Amelia,Muller,amelia.muller.487@example.com,2025-02-15,United Arab Emirates,Dubai
CUST-000488,Chen,Ahmed,chen.ahmed.488@example.com,2020-07-18,United Kingdom,London
CUST-000489,Fatima,Chen,fatima.chen.489@example.com,2025-04-11,United Arab Emirates,Abu Dhabi
CUST-000490,Noah,Sharma,noah.sharma.490@example.com,2021-03-16,Canada,Vancouver
CUST-000491,Aisha,Young,aisha.young.491@example.com,2024-02-07,United Kingdom,Manchester
CUST-000492,Hassan,Patel,hassan.patel.492@example.com,2020-07-28,Singapore,Singapore
CUST-000493,Hassan,Martin,hassan.martin.493@example.com,2020-10-28,United Kingdom,Manchester
CUST-000494,Maya,Ali,maya.ali.494@example.com,2026-03-02,Canada,Vancouver
CUST-000495,Wei,Nair,wei.nair.495@example.com,2021-05-01,Germany,Berlin
CUST-000496,Arjun,Muller,arjun.muller.496@example.com,2023-10-20,United Kingdom,Birmingham
CUST-000497,Hassan,Roy,hassan.roy.497@example.com,2022-03-26,United States,Chicago
CUST-000498,Maya,Patel,maya.patel.498@example.com,2020-06-08,India,Bengaluru
CUST-000499,Samir,Singh,samir.singh.499@example.com,2025-04-24,Canada,Vancouver
CUST-000500,Aisha,Nair,aisha.nair.500@example.com,2021-07-26,United Arab Emirates,Abu Dhabi
CUST-000501,Sofia,Nair,sofia.nair.501@example.com,2021-10-27,United Kingdom,Manchester
CUST-000502,Priya,Mehta,priya.mehta.502@example.com,2023-05-10,Canada,Vancouver
CUST-000503,Maya,Silva,maya.silva.503@example.com,2025-12-20,United Arab Emirates,Abu Dhabi
CUST-000504,Samir,Ahmed,samir.ahmed.504@example.com,2025-04-29,United Kingdom,London
CUST-000505,Hassan,Singh,hassan.singh.505@example.com,2021-03-24,Germany,Munich
CUST-000506,Olivia,Kim,olivia.kim.506@example.com,2020-04-19,Canada,Vancouver
CUST-000507,Emma,Lopez,emma.lopez.507@example.com,2026-06-27,Canada,Toronto
CUST-000508,Tara,Patel,tara.patel.508@example.com,2025-05-21,United Arab Emirates,Dubai
CUST-000509,Maya,Lopez,maya.lopez.509@example.com,2024-04-06,Germany,Berlin
CUST-000510,Wei,Wright,wei.wright.510@example.com,2020-05-09,United States,New York
CUST-000511,Chen,Sharma,chen.sharma.511@example.com,2023-07-08,Singapore,Singapore
CUST-000512,Aisha,Costa,aisha.costa.512@example.com,2022-04-15,Germany,Munich
CUST-000513,Maya,Roy,maya.roy.513@example.com,2025-04-15,United Arab Emirates,Dubai
CUST-000514,Samir,Garcia,samir.garcia.514@example.com,2022-04-29,United Arab Emirates,Abu Dhabi
CUST-000515,Riya,Chen,riya.chen.515@example.com,2024-03-23,United Arab Emirates,Abu Dhabi
CUST-000516,Ben,Ali,ben.ali.516@example.com,2023-11-03,United Arab Emirates,Abu Dhabi
CUST-000517,Riya,Roy,riya.roy.517@example.com,2022-12-18,Canada,Vancouver
CUST-000518,Chen,Brown,chen.brown.518@example.com,2026-04-04,United Kingdom,Manchester
CUST-000519,Diego,Kim,diego.kim.519@example.com,2023-03-29,Canada,Toronto
CUST-000520,Samir,Das,samir.das.520@example.com,2023-07-22,Singapore,Singapore
CUST-000521,Hassan,Martin,hassan.martin.521@example.com,2023-01-25,Canada,Vancouver
CUST-000522,Arjun,Ahmed,arjun.ahmed.522@example.com,2026-02-02,Germany,Munich
CUST-000523,Zane,Muller,zane.muller.523@example.com,2023-11-14,Canada,Toronto
CUST-000524,Fatima,Patel,fatima.patel.524@example.com,2020-11-19,United Kingdom,Manchester
CUST-000525,Sofia,Ali,sofia.ali.525@example.com,2022-11-16,Germany,Munich
CUST-000526,Chen,Johnson,chen.johnson.526@example.com,2026-01-15,Canada,Vancouver
CUST-000527,Sofia,Martin,sofia.martin.527@example.com,2023-01-17,Germany,Berlin
CUST-000528,Arjun,Nair,arjun.nair.528@example.com,2026-07-31,Germany,Berlin
CUST-000529,Diego,Patel,diego.patel.529@example.com,2025-12-15,Germany,Berlin
CUST-000530,Quinn,Brown,quinn.brown.530@example.com,2021-02-14,India,Hyderabad
CUST-000531,Grace,Das,grace.das.531@example.com,2021-02-15,Singapore,Singapore
CUST-000532,Aarav,Martin,aarav.martin.532@example.com,2024-07-24,United States,Chicago
CUST-000533,Leo,Lopez,leo.lopez.533@example.com,2023-03-22,United States,Seattle
CUST-000534,Fatima,Lopez,fatima.lopez.534@example.com,2021-01-01,India,Chennai
CUST-000535,Diego,Martin,diego.martin.535@example.com,2020-06-01,Germany,Berlin
CUST-000536,James,Young,james.young.536@example.com,2021-12-21,Canada,Toronto
CUST-000537,Wei,Muller,wei.muller.537@example.com,2025-07-22,Canada,Toronto
CUST-000538,Sofia,Mehta,sofia.mehta.538@example.com,2023-03-31,Canada,Toronto
CUST-000539,Aarav,Kim,aarav.kim.539@example.com,2021-03-15,United Arab Emirates,Abu Dhabi
CUST-000540,Fatima,Ali,fatima.ali.540@example.com,2026-02-03,Germany,Munich
CUST-000541,Zane,Garcia,zane.garcia.541@example.com,2025-08-27,Canada,Vancouver
CUST-000542,Emma,Johnson,emma.johnson.542@example.com,2021-04-06,Canada,Vancouver
CUST-000543,Ben,Mehta,ben.mehta.543@example.com,2022-11-19,Singapore,Singapore
CUST-000544,Aarav,Mehta,aarav.mehta.544@example.com,2023-04-23,United Kingdom,Birmingham
CUST-000545,Riya,Roy,riya.roy.545@example.com,2021-12-19,United States,Chicago
CUST-000546,Wei,Costa,wei.costa.546@example.com,2023-09-05,United Arab Emirates,Dubai
CUST-000547,Isha,Wright,isha.wright.547@example.com,2022-01-26,India,Bengaluru
CUST-000548,Leo,Singh,leo.singh.548@example.com,2020-01-28,United States,Seattle
CUST-000549,Isha,Brown,isha.brown.549@example.com,2022-12-29,Singapore,Singapore
CUST-000550,Fatima,Ahmed,fatima.ahmed.550@example.com,2026-06-04,Germany,Berlin
CUST-000551,Emma,Lopez,emma.lopez.551@example.com,2022-08-25,United Kingdom,London
CUST-000552,Riya,Nguyen,riya.nguyen.552@example.com,2023-06-10,Singapore,Singapore
CUST-000553,Isha,Wright,isha.wright.553@example.com,2023-06-27,United Arab Emirates,Dubai
CUST-000554,Quinn,Kapoor,quinn.kapoor.554@example.com,2024-02-14,United Kingdom,Birmingham
CUST-000555,Diego,Brown,diego.brown.555@example.com,2025-05-12,United States,Austin
CUST-000556,Kavya,Mehta,kavya.mehta.556@example.com,2024-03-10,United Arab Emirates,Abu Dhabi
CUST-000557,Samir,Martin,samir.martin.557@example.com,2026-01-10,Singapore,Singapore
CUST-000558,Uma,Brown,uma.brown.558@example.com,2020-12-01,Germany,Munich
CUST-000559,Maya,Das,maya.das.559@example.com,2020-11-15,United Kingdom,Birmingham
CUST-000560,Arjun,Patel,arjun.patel.560@example.com,2026-02-21,Canada,Toronto
CUST-000561,Olivia,Martin,olivia.martin.561@example.com,2021-11-04,United States,Seattle
CUST-000562,Yara,Wilson,yara.wilson.562@example.com,2021-04-21,Singapore,Singapore
CUST-000563,Samir,Ahmed,samir.ahmed.563@example.com,2021-01-07,Singapore,Singapore
CUST-000564,Vikram,Patel,vikram.patel.564@example.com,2021-06-24,Singapore,Singapore
CUST-000565,Kavya,Ahmed,kavya.ahmed.565@example.com,2026-04-07,India,Hyderabad
CUST-000566,Riya,Park,riya.park.566@example.com,2020-03-30,United Kingdom,Manchester
CUST-000567,Emma,Silva,emma.silva.567@example.com,2022-06-11,India,Chennai
CUST-000568,Amelia,Patel,amelia.patel.568@example.com,2023-11-12,Singapore,Singapore
CUST-000569,Noah,Patel,noah.patel.569@example.com,2025-04-17,India,Mumbai
CUST-000570,Fatima,Costa,fatima.costa.570@example.com,2021-07-08,United States,Chicago
CUST-000571,Hassan,Young,hassan.young.571@example.com,2025-01-11,Singapore,Singapore
CUST-000572,Isha,Khan,isha.khan.572@example.com,2026-01-17,Germany,Berlin
CUST-000573,Quinn,Thomas,quinn.thomas.573@example.com,2021-04-30,United Kingdom,London
CUST-000574,Noah,Muller,noah.muller.574@example.com,2021-06-05,United Arab Emirates,Dubai
CUST-000575,Wei,Sharma,wei.sharma.575@example.com,2020-04-03,Canada,Vancouver
CUST-000576,Kavya,Wright,kavya.wright.576@example.com,2026-02-08,Germany,Munich
CUST-000577,Noah,Muller,noah.muller.577@example.com,2022-07-29,Canada,Toronto
CUST-000578,Kavya,Iyer,kavya.iyer.578@example.com,2023-02-03,United States,Austin
CUST-000579,Sofia,Young,sofia.young.579@example.com,2021-04-07,Germany,Berlin
CUST-000580,Vikram,Wright,vikram.wright.580@example.com,2020-03-05,Singapore,Singapore
CUST-000581,Chen,Khan,chen.khan.581@example.com,2020-05-17,India,Hyderabad
CUST-000582,Priya,Wright,priya.wright.582@example.com,2020-07-18,Germany,Berlin
CUST-000583,Tara,Patel,tara.patel.583@example.com,2024-12-02,Singapore,Singapore
CUST-000584,Noah,Johnson,noah.johnson.584@example.com,2020-08-19,Canada,Toronto
CUST-000585,Maya,Kim,maya.kim.585@example.com,2026-06-17,United States,Seattle
CUST-000586,Olivia,Nair,olivia.nair.586@example.com,2023-08-06,Canada,Toronto
CUST-000587,Fatima,Young,fatima.young.587@example.com,2025-11-05,United States,Austin
CUST-000588,James,Kim,james.kim.588@example.com,2020-09-06,United Kingdom,Birmingham
CUST-000589,Olivia,Young,olivia.young.589@example.com,2021-12-18,Germany,Munich
CUST-000590,Noah,Chen,noah.chen.590@example.com,2023-11-11,India,Hyderabad
CUST-000591,Vikram,Wilson,vikram.wilson.591@example.com,2024-09-01,United Kingdom,Manchester
CUST-000592,Aisha,Kim,aisha.kim.592@example.com,2022-01-23,Singapore,Singapore
CUST-000593,Diego,Thomas,diego.thomas.593@example.com,2023-05-16,United States,Austin
CUST-000594,Vikram,Ali,vikram.ali.594@example.com,2026-04-22,India,Hyderabad
CUST-000595,James,Martin,james.martin.595@example.com,2021-07-03,United Arab Emirates,Abu Dhabi
CUST-000596,Diego,Lee,diego.lee.596@example.com,2023-09-14,United States,New York
CUST-000597,Sofia,Ali,sofia.ali.597@example.com,2024-02-28,Canada,Toronto
CUST-000598,Noah,Mehta,noah.mehta.598@example.com,2022-02-19,Canada,Toronto
CUST-000599,Emma,Muller,emma.muller.599@example.com,2020-06-10,Germany,Berlin
CUST-000600,Chen,Park,chen.park.600@example.com,2026-08-03,Canada,Toronto
CUST-000601,Leo,Johnson,leo.johnson.601@example.com,2023-09-25,Canada,Vancouver
CUST-000602,Sofia,Sharma,sofia.sharma.602@example.com,2022-02-17,United States,New York
CUST-000603,Tara,Roy,tara.roy.603@example.com,2022-09-20,Singapore,Singapore
CUST-000604,Isha,Kapoor,isha.kapoor.604@example.com,2026-03-11,United States,Seattle
CUST-000605,Uma,Kim,uma.kim.605@example.com,2025-03-24,Singapore,Singapore
CUST-000606,Fatima,Lee,fatima.lee.606@example.com,2025-10-01,United Kingdom,Manchester
CUST-000607,Kavya,Nguyen,kavya.nguyen.607@example.com,2025-04-07,Canada,Vancouver
CUST-000608,Sofia,Johnson,sofia.johnson.608@example.com,2023-07-05,United Kingdom,Manchester
CUST-000609,Aditi,Ahmed,aditi.ahmed.609@example.com,2022-06-25,Canada,Toronto
CUST-000610,Aarav,Lee,aarav.lee.610@example.com,2026-07-20,United Arab Emirates,Abu Dhabi
CUST-000611,Fatima,Garcia,fatima.garcia.611@example.com,2023-09-13,United States,Austin
CUST-000612,Isha,Ahmed,isha.ahmed.612@example.com,2022-10-03,Canada,Vancouver
CUST-000613,Noah,Lopez,noah.lopez.613@example.com,2023-10-14,Germany,Munich
CUST-000614,Uma,Silva,uma.silva.614@example.com,2025-07-02,Singapore,Singapore
CUST-000615,Ben,Mehta,ben.mehta.615@example.com,2023-12-13,Canada,Toronto
CUST-000616,Aisha,Mehta,aisha.mehta.616@example.com,2025-06-23,United Arab Emirates,Dubai
CUST-000617,Sofia,Young,sofia.young.617@example.com,2020-08-28,United Arab Emirates,Dubai
CUST-000618,Wei,Thomas,wei.thomas.618@example.com,2020-07-17,India,Mumbai
CUST-000619,James,Garcia,james.garcia.619@example.com,2022-08-05,Canada,Toronto
CUST-000620,Samir,Garcia,samir.garcia.620@example.com,2022-06-14,India,Chennai
CUST-000621,Kavya,Iyer,kavya.iyer.621@example.com,2025-06-02,India,Hyderabad
CUST-000622,Aarav,Sharma,aarav.sharma.622@example.com,2026-03-09,United Arab Emirates,Abu Dhabi
CUST-000623,Aarav,Sharma,aarav.sharma.623@example.com,2023-01-30,United Arab Emirates,Abu Dhabi
CUST-000624,Aarav,Wilson,aarav.wilson.624@example.com,2024-10-29,Canada,Toronto
CUST-000625,Arjun,Kapoor,arjun.kapoor.625@example.com,2025-11-17,India,Bengaluru
CUST-000626,Diego,Johnson,diego.johnson.626@example.com,2025-11-26,United Arab Emirates,Abu Dhabi
CUST-000627,Wei,Iyer,wei.iyer.627@example.com,2024-06-13,United Kingdom,London
CUST-000628,Hassan,Muller,hassan.muller.628@example.com,2026-05-03,Singapore,Singapore
CUST-000629,Samir,Brown,samir.brown.629@example.com,2020-11-26,United Kingdom,Birmingham
CUST-000630,Yara,Lopez,yara.lopez.630@example.com,2020-05-09,Canada,Toronto
CUST-000631,Isha,Muller,isha.muller.631@example.com,2026-03-13,Singapore,Singapore
CUST-000632,Aditi,Lopez,aditi.lopez.632@example.com,2021-12-02,India,Mumbai
CUST-000633,Leo,Thomas,leo.thomas.633@example.com,2023-09-18,Singapore,Singapore
CUST-000634,Zane,Wilson,zane.wilson.634@example.com,2022-07-30,India,Bengaluru
CUST-000635,Zane,Thomas,zane.thomas.635@example.com,2026-05-10,Germany,Munich
CUST-000636,Emma,Patel,emma.patel.636@example.com,2023-02-22,India,Chennai
CUST-000637,Olivia,Wright,olivia.wright.637@example.com,2022-01-04,India,Delhi
CUST-000638,Aarav,Johnson,aarav.johnson.638@example.com,2021-08-13,United Arab Emirates,Abu Dhabi
CUST-000639,Sofia,Khan,sofia.khan.639@example.com,2021-10-27,United Kingdom,Birmingham
CUST-000640,Diego,Ahmed,diego.ahmed.640@example.com,2024-05-12,Canada,Vancouver
CUST-000641,Isha,Roy,isha.roy.641@example.com,2021-07-27,Germany,Berlin
CUST-000642,Maya,Mehta,maya.mehta.642@example.com,2020-08-07,United Kingdom,London
CUST-000643,James,Brown,james.brown.643@example.com,2020-11-07,Canada,Vancouver
CUST-000644,Priya,Roy,priya.roy.644@example.com,2024-06-12,United Arab Emirates,Abu Dhabi
CUST-000645,Aarav,Lopez,aarav.lopez.645@example.com,2025-01-19,United Kingdom,Manchester
CUST-000646,Diego,Iyer,diego.iyer.646@example.com,2024-03-17,United Arab Emirates,Abu Dhabi
CUST-000647,Ben,Wright,ben.wright.647@example.com,2024-04-05,United Arab Emirates,Dubai
CUST-000648,Uma,Nair,uma.nair.648@example.com,2022-10-06,United Kingdom,Birmingham
CUST-000649,Amelia,Khan,amelia.khan.649@example.com,2021-09-23,United Kingdom,Manchester
CUST-000650,Samir,Park,samir.park.650@example.com,2021-09-23,Germany,Munich
CUST-000651,Grace,Iyer,grace.iyer.651@example.com,2021-01-09,India,Mumbai
CUST-000652,Fatima,Ali,fatima.ali.652@example.com,2023-01-09,United Kingdom,London
CUST-000653,Aisha,Khan,aisha.khan.653@example.com,2024-10-31,United States,Chicago
CUST-000654,Noah,Martin,noah.martin.654@example.com,2024-07-29,United Arab Emirates,Dubai
CUST-000655,Aarav,Khan,aarav.khan.655@example.com,2026-03-20,United Kingdom,London
CUST-000656,Priya,Nair,priya.nair.656@example.com,2023-08-21,Canada,Vancouver
CUST-000657,Aarav,Kim,aarav.kim.657@example.com,2024-05-07,Singapore,Singapore
CUST-000658,Tara,Young,tara.young.658@example.com,2022-09-21,United Arab Emirates,Dubai
CUST-000659,Riya,Muller,riya.muller.659@example.com,2021-07-22,United States,Seattle
CUST-000660,Fatima,Lee,fatima.lee.660@example.com,2021-08-20,Singapore,Singapore
CUST-000661,Ben,Costa,ben.costa.661@example.com,2024-09-20,United Kingdom,Manchester
CUST-000662,Leo,Park,leo.park.662@example.com,2024-01-19,India,Delhi
CUST-000663,Diego,Mehta,diego.mehta.663@example.com,2025-07-23,Germany,Berlin
CUST-000664,Kavya,Nguyen,kavya.nguyen.664@example.com,2023-06-01,United States,New York
CUST-000665,Isha,Singh,isha.singh.665@example.com,2024-04-05,Canada,Vancouver
CUST-000666,Kavya,Singh,kavya.singh.666@example.com,2021-07-11,Singapore,Singapore
CUST-000667,Grace,Nair,grace.nair.667@example.com,2022-04-02,Germany,Munich
CUST-000668,Grace,Smith,grace.smith.668@example.com,2023-07-31,Singapore,Singapore
CUST-000669,Tara,Das,tara.das.669@example.com,2025-07-04,Germany,Berlin
CUST-000670,Grace,Muller,grace.muller.670@example.com,2024-05-28,United Kingdom,Manchester
CUST-000671,Arjun,Kapoor,arjun.kapoor.671@example.com,2022-03-29,United Arab Emirates,Dubai
CUST-000672,Riya,Roy,riya.roy.672@example.com,2020-04-20,United Arab Emirates,Abu Dhabi
CUST-000673,Samir,Johnson,samir.johnson.673@example.com,2023-04-08,Singapore,Singapore
CUST-000674,Wei,Thomas,wei.thomas.674@example.com,2024-08-02,Canada,Vancouver
CUST-000675,Aisha,Lopez,aisha.lopez.675@example.com,2022-09-18,United Kingdom,Manchester
CUST-000676,Riya,Garcia,riya.garcia.676@example.com,2024-09-29,Germany,Munich
CUST-000677,Amelia,Ali,amelia.ali.677@example.com,2025-05-16,United Arab Emirates,Abu Dhabi
CUST-000678,Noah,Wilson,noah.wilson.678@example.com,2024-09-09,Canada,Toronto
CUST-000679,Vikram,Iyer,vikram.iyer.679@example.com,2026-01-08,Germany,Berlin
CUST-000680,Arjun,Roy,arjun.roy.680@example.com,2023-12-25,United States,Austin
CUST-000681,Quinn,Nair,quinn.nair.681@example.com,2026-04-25,India,Hyderabad
CUST-000682,Uma,Singh,uma.singh.682@example.com,2024-10-29,Canada,Toronto
CUST-000683,Aarav,Nguyen,aarav.nguyen.683@example.com,2022-06-28,United Kingdom,Birmingham
CUST-000684,Tara,Wilson,tara.wilson.684@example.com,2026-07-05,United Arab Emirates,Dubai
CUST-000685,Kavya,Iyer,kavya.iyer.685@example.com,2025-03-11,Singapore,Singapore
CUST-000686,Hassan,Sharma,hassan.sharma.686@example.com,2021-03-04,Singapore,Singapore
CUST-000687,James,Kapoor,james.kapoor.687@example.com,2021-04-20,India,Bengaluru
CUST-000688,Hassan,Kim,hassan.kim.688@example.com,2025-02-08,United Kingdom,London
CUST-000689,Maya,Chen,maya.chen.689@example.com,2025-05-04,United Kingdom,London
CUST-000690,Kavya,Mehta,kavya.mehta.690@example.com,2025-01-27,Germany,Munich
CUST-000691,Amelia,Kim,amelia.kim.691@example.com,2021-04-16,India,Mumbai
CUST-000692,Yara,Singh,yara.singh.692@example.com,2021-03-23,Germany,Berlin
CUST-000693,Sofia,Mehta,sofia.mehta.693@example.com,2025-10-14,United States,Austin
CUST-000694,Noah,Smith,noah.smith.694@example.com,2026-04-12,United Kingdom,Manchester
CUST-000695,Kavya,Brown,kavya.brown.695@example.com,2024-07-17,Canada,Toronto
CUST-000696,Ben,Lopez,ben.lopez.696@example.com,2024-11-05,Germany,Munich
CUST-000697,Aarav,Mehta,aarav.mehta.697@example.com,2022-03-19,United Arab Emirates,Abu Dhabi
CUST-000698,Olivia,Costa,olivia.costa.698@example.com,2020-01-19,Singapore,Singapore
CUST-000699,Chen,Lee,chen.lee.699@example.com,2020-09-13,Canada,Toronto
CUST-000700,Vikram,Thomas,vikram.thomas.700@example.com,2022-02-04,United Arab Emirates,Abu Dhabi
CUST-000701,Grace,Johnson,grace.johnson.701@example.com,2021-04-11,Singapore,Singapore
CUST-000702,Riya,Thomas,riya.thomas.702@example.com,2025-12-01,Singapore,Singapore
CUST-000703,Priya,Muller,priya.muller.703@example.com,2024-05-26,United Arab Emirates,Dubai
CUST-000704,Hassan,Iyer,hassan.iyer.704@example.com,2025-02-18,Canada,Toronto
CUST-000705,Wei,Wright,wei.wright.705@example.com,2023-05-03,Germany,Berlin
CUST-000706,Riya,Garcia,riya.garcia.706@example.com,2021-04-27,United Kingdom,London
CUST-000707,Fatima,Nguyen,fatima.nguyen.707@example.com,2024-03-09,United States,Austin
CUST-000708,Maya,Muller,maya.muller.708@example.com,2021-07-18,Singapore,Singapore
CUST-000709,James,Smith,james.smith.709@example.com,2026-01-10,Singapore,Singapore
CUST-000710,Noah,Smith,noah.smith.710@example.com,2023-03-29,Singapore,Singapore
CUST-000711,Ben,Singh,ben.singh.711@example.com,2025-01-21,Canada,Toronto
CUST-000712,Yara,Iyer,yara.iyer.712@example.com,2025-06-07,India,Bengaluru
CUST-000713,Chen,Silva,chen.silva.713@example.com,2026-04-19,Singapore,Singapore
CUST-000714,James,Wright,james.wright.714@example.com,2024-08-29,Singapore,Singapore
CUST-000715,Leo,Smith,leo.smith.715@example.com,2026-05-04,India,Mumbai
CUST-000716,Vikram,Roy,vikram.roy.716@example.com,2023-04-11,United States,New York
CUST-000717,Emma,Brown,emma.brown.717@example.com,2023-03-28,United Arab Emirates,Dubai
CUST-000718,Uma,Ali,uma.ali.718@example.com,2025-07-21,United Arab Emirates,Dubai
CUST-000719,Olivia,Nguyen,olivia.nguyen.719@example.com,2026-02-02,United Kingdom,Manchester
CUST-000720,Noah,Silva,noah.silva.720@example.com,2020-06-19,Canada,Vancouver
CUST-000721,Noah,Johnson,noah.johnson.721@example.com,2021-02-23,Singapore,Singapore
CUST-000722,Fatima,Thomas,fatima.thomas.722@example.com,2025-01-16,India,Delhi
CUST-000723,Hassan,Thomas,hassan.thomas.723@example.com,2020-12-22,Canada,Vancouver
CUST-000724,Yara,Nguyen,yara.nguyen.724@example.com,2022-08-28,Canada,Toronto
CUST-000725,Vikram,Mehta,vikram.mehta.725@example.com,2023-12-07,United Arab Emirates,Abu Dhabi
CUST-000726,Ben,Nair,ben.nair.726@example.com,2022-04-26,United States,Austin
CUST-000727,Vikram,Patel,vikram.patel.727@example.com,2023-12-07,United Arab Emirates,Abu Dhabi
CUST-000728,Priya,Martin,priya.martin.728@example.com,2023-08-18,United States,Seattle
CUST-000729,Fatima,Ahmed,fatima.ahmed.729@example.com,2025-10-08,United Kingdom,Birmingham
CUST-000730,Wei,Nguyen,wei.nguyen.730@example.com,2024-08-12,United States,New York
CUST-000731,Emma,Thomas,emma.thomas.731@example.com,2021-06-03,Germany,Berlin
CUST-000732,Diego,Garcia,diego.garcia.732@example.com,2023-08-12,Germany,Berlin
CUST-000733,Uma,Silva,uma.silva.733@example.com,2024-05-27,Germany,Munich
CUST-000734,Aisha,Ahmed,aisha.ahmed.734@example.com,2023-01-05,Germany,Munich
CUST-000735,Isha,Ali,isha.ali.735@example.com,2021-01-16,India,Hyderabad
CUST-000736,Maya,Mehta,maya.mehta.736@example.com,2024-02-20,United Kingdom,Manchester
CUST-000737,Leo,Singh,leo.singh.737@example.com,2020-01-11,United Arab Emirates,Dubai
CUST-000738,Tara,Ali,tara.ali.738@example.com,2024-01-07,Germany,Berlin
CUST-000739,Vikram,Martin,vikram.martin.739@example.com,2022-06-11,Singapore,Singapore
CUST-000740,Wei,Johnson,wei.johnson.740@example.com,2023-01-04,Singapore,Singapore
CUST-000741,Wei,Kim,wei.kim.741@example.com,2026-02-19,United Kingdom,Birmingham
CUST-000742,Aisha,Ahmed,aisha.ahmed.742@example.com,2025-06-10,Canada,Vancouver
CUST-000743,Zane,Wright,zane.wright.743@example.com,2020-07-17,Canada,Toronto
CUST-000744,Arjun,Lopez,arjun.lopez.744@example.com,2025-02-25,Canada,Toronto
CUST-000745,Arjun,Kapoor,arjun.kapoor.745@example.com,2021-10-09,Canada,Vancouver
CUST-000746,Kavya,Sharma,kavya.sharma.746@example.com,2022-04-08,Singapore,Singapore
CUST-000747,Zane,Lopez,zane.lopez.747@example.com,2021-10-13,United Kingdom,Manchester
CUST-000748,Amelia,Lopez,amelia.lopez.748@example.com,2022-10-22,United Kingdom,London
CUST-000749,Hassan,Wright,hassan.wright.749@example.com,2021-11-08,Germany,Berlin
CUST-000750,Isha,Lopez,isha.lopez.750@example.com,2022-08-17,United Kingdom,Manchester
CUST-000751,Quinn,Khan,quinn.khan.751@example.com,2021-01-24,Germany,Berlin
CUST-000752,Chen,Chen,chen.chen.752@example.com,2021-06-27,India,Chennai
CUST-000753,Diego,Wilson,diego.wilson.753@example.com,2024-12-27,Germany,Berlin
CUST-000754,Aarav,Das,aarav.das.754@example.com,2021-05-08,United Kingdom,Manchester
CUST-000755,Samir,Garcia,samir.garcia.755@example.com,2020-10-17,Singapore,Singapore
CUST-000756,Isha,Khan,isha.khan.756@example.com,2021-02-23,Germany,Berlin
CUST-000757,Grace,Iyer,grace.iyer.757@example.com,2021-07-15,United Kingdom,Manchester
CUST-000758,Uma,Silva,uma.silva.758@example.com,2021-06-29,Canada,Toronto
CUST-000759,Amelia,Wilson,amelia.wilson.759@example.com,2020-02-04,United Arab Emirates,Dubai
CUST-000760,Kavya,Iyer,kavya.iyer.760@example.com,2022-05-22,Germany,Berlin
CUST-000761,Sofia,Costa,sofia.costa.761@example.com,2024-12-17,United Arab Emirates,Dubai
CUST-000762,Amelia,Young,amelia.young.762@example.com,2021-07-27,India,Mumbai
CUST-000763,Olivia,Mehta,olivia.mehta.763@example.com,2023-12-10,Singapore,Singapore
CUST-000764,Grace,Park,grace.park.764@example.com,2022-10-11,United States,Seattle
CUST-000765,Quinn,Khan,quinn.khan.765@example.com,2026-03-16,United States,Seattle
CUST-000766,Uma,Das,uma.das.766@example.com,2023-05-20,India,Bengaluru
CUST-000767,Maya,Nair,maya.nair.767@example.com,2022-02-11,United Arab Emirates,Abu Dhabi
CUST-000768,Fatima,Lopez,fatima.lopez.768@example.com,2022-09-07,India,Hyderabad
CUST-000769,Isha,Nguyen,isha.nguyen.769@example.com,2025-08-08,United States,New York
CUST-000770,Maya,Young,maya.young.770@example.com,2024-01-19,India,Delhi
CUST-000771,Aisha,Muller,aisha.muller.771@example.com,2026-05-17,Canada,Vancouver
CUST-000772,Hassan,Martin,hassan.martin.772@example.com,2021-12-08,Germany,Munich
CUST-000773,Uma,Khan,uma.khan.773@example.com,2026-08-02,India,Mumbai
CUST-000774,Aarav,Lee,aarav.lee.774@example.com,2020-06-12,United States,New York
CUST-000775,Vikram,Muller,vikram.muller.775@example.com,2023-03-19,United Arab Emirates,Abu Dhabi
CUST-000776,James,Das,james.das.776@example.com,2020-12-03,Singapore,Singapore
CUST-000777,Emma,Khan,emma.khan.777@example.com,2020-11-19,United Kingdom,Birmingham
CUST-000778,Sofia,Johnson,sofia.johnson.778@example.com,2021-09-28,Canada,Vancouver
CUST-000779,Isha,Ahmed,isha.ahmed.779@example.com,2020-09-27,Germany,Munich
CUST-000780,Samir,Costa,samir.costa.780@example.com,2022-09-04,Germany,Berlin
CUST-000781,Diego,Khan,diego.khan.781@example.com,2021-04-20,Singapore,Singapore
CUST-000782,Priya,Nair,priya.nair.782@example.com,2023-06-20,India,Bengaluru
CUST-000783,Arjun,Sharma,arjun.sharma.783@example.com,2021-07-16,Germany,Berlin
CUST-000784,Ben,Chen,ben.chen.784@example.com,2025-11-12,United Kingdom,Birmingham
CUST-000785,Vikram,Silva,vikram.silva.785@example.com,2022-11-27,Germany,Berlin
CUST-000786,Hassan,Garcia,hassan.garcia.786@example.com,2023-01-05,Germany,Berlin
CUST-000787,Uma,Young,uma.young.787@example.com,2023-10-04,India,Hyderabad
CUST-000788,Emma,Wilson,emma.wilson.788@example.com,2022-12-13,India,Chennai
CUST-000789,Quinn,Khan,quinn.khan.789@example.com,2025-02-07,Singapore,Singapore
CUST-000790,Aditi,Chen,aditi.chen.790@example.com,2026-05-10,Canada,Toronto
CUST-000791,Hassan,Smith,hassan.smith.791@example.com,2021-02-25,United Kingdom,Birmingham
CUST-000792,Riya,Mehta,riya.mehta.792@example.com,2022-07-24,India,Chennai
CUST-000793,Aarav,Patel,aarav.patel.793@example.com,2020-02-20,Canada,Toronto
CUST-000794,Aditi,Chen,aditi.chen.794@example.com,2024-04-17,United Kingdom,London
CUST-000795,Ben,Kapoor,ben.kapoor.795@example.com,2020-05-24,Canada,Vancouver
CUST-000796,Diego,Singh,diego.singh.796@example.com,2024-08-31,United States,Seattle
CUST-000797,Emma,Silva,emma.silva.797@example.com,2026-05-30,India,Delhi
CUST-000798,Arjun,Wilson,arjun.wilson.798@example.com,2020-08-03,Germany,Berlin
CUST-000799,Diego,Park,diego.park.799@example.com,2020-07-07,United Arab Emirates,Abu Dhabi
CUST-000800,Amelia,Young,amelia.young.800@example.com,2023-03-02,Singapore,Singapore
CUST-000801,Grace,Khan,grace.khan.801@example.com,2025-02-13,United Arab Emirates,Dubai
CUST-000802,Hassan,Johnson,hassan.johnson.802@example.com,2026-04-28,United Kingdom,Manchester
CUST-000803,Tara,Nair,tara.nair.803@example.com,2025-03-15,United States,Seattle
CUST-000804,Olivia,Chen,olivia.chen.804@example.com,2022-03-11,Canada,Toronto
CUST-000805,Aisha,Sharma,aisha.sharma.805@example.com,2020-04-07,Singapore,Singapore
CUST-000806,Noah,Iyer,noah.iyer.806@example.com,2020-02-09,Germany,Munich
CUST-000807,Aarav,Roy,aarav.roy.807@example.com,2024-03-21,Germany,Munich
CUST-000808,Arjun,Johnson,arjun.johnson.808@example.com,2022-09-02,United Arab Emirates,Abu Dhabi
CUST-000809,Leo,Patel,leo.patel.809@example.com,2023-02-20,United States,New York
CUST-000810,Aditi,Kapoor,aditi.kapoor.810@example.com,2025-10-29,United States,Chicago
CUST-000811,Samir,Young,samir.young.811@example.com,2025-02-20,United Kingdom,Birmingham
CUST-000812,Amelia,Ahmed,amelia.ahmed.812@example.com,2025-09-01,India,Bengaluru
CUST-000813,Quinn,Silva,quinn.silva.813@example.com,2020-11-02,Singapore,Singapore
CUST-000814,James,Wright,james.wright.814@example.com,2022-08-27,United States,Seattle
CUST-000815,Emma,Thomas,emma.thomas.815@example.com,2024-05-28,United Kingdom,Birmingham
CUST-000816,Wei,Mehta,wei.mehta.816@example.com,2023-07-26,United Kingdom,Manchester
CUST-000817,Emma,Brown,emma.brown.817@example.com,2022-04-10,India,Bengaluru
CUST-000818,Uma,Roy,uma.roy.818@example.com,2021-03-22,United Arab Emirates,Dubai
CUST-000819,Arjun,Smith,arjun.smith.819@example.com,2025-03-23,Singapore,Singapore
CUST-000820,James,Nguyen,james.nguyen.820@example.com,2024-01-07,United Arab Emirates,Dubai
CUST-000821,Kavya,Kim,kavya.kim.821@example.com,2022-12-21,Singapore,Singapore
CUST-000822,Amelia,Smith,amelia.smith.822@example.com,2023-05-31,Canada,Toronto
CUST-000823,Chen,Silva,chen.silva.823@example.com,2023-09-04,Canada,Toronto
CUST-000824,Amelia,Das,amelia.das.824@example.com,2023-12-28,United States,Chicago
CUST-000825,Maya,Patel,maya.patel.825@example.com,2023-05-09,Germany,Munich
CUST-000826,Wei,Smith,wei.smith.826@example.com,2024-07-14,India,Hyderabad
CUST-000827,Noah,Mehta,noah.mehta.827@example.com,2022-10-20,United Arab Emirates,Dubai
CUST-000828,Kavya,Nguyen,kavya.nguyen.828@example.com,2021-07-26,Canada,Toronto
CUST-000829,Aarav,Patel,aarav.patel.829@example.com,2022-06-29,Canada,Toronto
CUST-000830,Chen,Silva,chen.silva.830@example.com,2024-03-04,Singapore,Singapore
CUST-000831,Olivia,Ahmed,olivia.ahmed.831@example.com,2020-11-03,United Kingdom,London
CUST-000832,Amelia,Johnson,amelia.johnson.832@example.com,2024-12-21,Germany,Berlin
CUST-000833,Amelia,Young,amelia.young.833@example.com,2023-09-20,Canada,Toronto
CUST-000834,Aditi,Ali,aditi.ali.834@example.com,2021-11-19,India,Chennai
CUST-000835,James,Silva,james.silva.835@example.com,2024-06-05,Germany,Munich
CUST-000836,Aarav,Muller,aarav.muller.836@example.com,2024-10-13,Germany,Berlin
CUST-000837,Hassan,Johnson,hassan.johnson.837@example.com,2023-01-31,United States,Seattle
CUST-000838,Kavya,Young,kavya.young.838@example.com,2020-05-21,United States,Austin
CUST-000839,Quinn,Kim,quinn.kim.839@example.com,2024-08-14,Singapore,Singapore
CUST-000840,Aditi,Khan,aditi.khan.840@example.com,2024-04-17,United Kingdom,London
CUST-000841,James,Johnson,james.johnson.841@example.com,2025-11-23,Germany,Berlin
CUST-000842,Quinn,Park,quinn.park.842@example.com,2020-03-20,United Arab Emirates,Abu Dhabi
CUST-000843,Vikram,Das,vikram.das.843@example.com,2025-05-18,United Kingdom,Birmingham
CUST-000844,Vikram,Chen,vikram.chen.844@example.com,2026-05-05,United Kingdom,Birmingham
CUST-000845,Grace,Muller,grace.muller.845@example.com,2022-01-06,United Kingdom,London
CUST-000846,Grace,Nair,grace.nair.846@example.com,2020-04-30,United States,Seattle
CUST-000847,Aditi,Park,aditi.park.847@example.com,2025-12-08,Singapore,Singapore
CUST-000848,Uma,Ahmed,uma.ahmed.848@example.com,2021-10-15,United States,New York
CUST-000849,Diego,Wright,diego.wright.849@example.com,2022-12-27,United States,New York
CUST-000850,Uma,Brown,uma.brown.850@example.com,2024-05-09,United Arab Emirates,Abu Dhabi
CUST-000851,Sofia,Silva,sofia.silva.851@example.com,2021-12-12,Canada,Toronto
CUST-000852,Diego,Ahmed,diego.ahmed.852@example.com,2024-01-09,United Kingdom,Birmingham
CUST-000853,Aarav,Das,aarav.das.853@example.com,2023-12-11,Germany,Berlin
CUST-000854,Olivia,Johnson,olivia.johnson.854@example.com,2025-07-09,Canada,Vancouver
CUST-000855,Ben,Chen,ben.chen.855@example.com,2021-01-04,India,Mumbai
CUST-000856,Diego,Nair,diego.nair.856@example.com,2020-03-22,United States,Chicago
CUST-000857,Aarav,Singh,aarav.singh.857@example.com,2022-04-05,United Arab Emirates,Dubai
CUST-000858,Grace,Das,grace.das.858@example.com,2023-08-18,United States,New York
CUST-000859,Aarav,Garcia,aarav.garcia.859@example.com,2021-08-03,United Arab Emirates,Dubai
CUST-000860,Yara,Wilson,yara.wilson.860@example.com,2024-02-03,Canada,Toronto
CUST-000861,Hassan,Das,hassan.das.861@example.com,2024-06-08,Germany,Berlin
CUST-000862,Grace,Kim,grace.kim.862@example.com,2021-07-12,United Kingdom,London
CUST-000863,Tara,Costa,tara.costa.863@example.com,2025-06-18,Canada,Vancouver
CUST-000864,Ben,Das,ben.das.864@example.com,2024-01-01,United Arab Emirates,Dubai
CUST-000865,Riya,Ahmed,riya.ahmed.865@example.com,2021-12-19,Canada,Vancouver
CUST-000866,Fatima,Mehta,fatima.mehta.866@example.com,2023-04-21,Germany,Berlin
CUST-000867,Ben,Mehta,ben.mehta.867@example.com,2026-06-04,India,Hyderabad
CUST-000868,Yara,Roy,yara.roy.868@example.com,2020-05-12,United Arab Emirates,Dubai
CUST-000869,Priya,Singh,priya.singh.869@example.com,2022-06-23,Canada,Toronto
CUST-000870,Sofia,Chen,sofia.chen.870@example.com,2023-09-18,United States,New York
CUST-000871,Diego,Iyer,diego.iyer.871@example.com,2021-11-18,United Kingdom,Birmingham
CUST-000872,Zane,Khan,zane.khan.872@example.com,2023-10-07,Canada,Vancouver
CUST-000873,Aarav,Lee,aarav.lee.873@example.com,2022-10-19,United States,New York
CUST-000874,Hassan,Lee,hassan.lee.874@example.com,2021-03-18,Canada,Toronto
CUST-000875,Aditi,Muller,aditi.muller.875@example.com,2024-09-14,Singapore,Singapore
CUST-000876,Zane,Costa,zane.costa.876@example.com,2024-03-31,Singapore,Singapore
CUST-000877,Noah,Muller,noah.muller.877@example.com,2025-05-17,India,Chennai
CUST-000878,Quinn,Roy,quinn.roy.878@example.com,2022-07-12,Germany,Berlin
CUST-000879,Kavya,Khan,kavya.khan.879@example.com,2020-05-16,Canada,Vancouver
CUST-000880,Aarav,Singh,aarav.singh.880@example.com,2021-03-04,United Kingdom,London
CUST-000881,Grace,Smith,grace.smith.881@example.com,2021-10-21,Singapore,Singapore
CUST-000882,Noah,Young,noah.young.882@example.com,2023-10-16,India,Chennai
CUST-000883,Priya,Young,priya.young.883@example.com,2020-05-06,Singapore,Singapore
CUST-000884,Quinn,Smith,quinn.smith.884@example.com,2024-11-13,United Arab Emirates,Dubai
CUST-000885,Aditi,Nguyen,aditi.nguyen.885@example.com,2022-04-21,United Kingdom,London
CUST-000886,James,Das,james.das.886@example.com,2026-01-21,United Arab Emirates,Abu Dhabi
CUST-000887,Riya,Kim,riya.kim.887@example.com,2022-08-30,United Kingdom,London
CUST-000888,Aditi,Muller,aditi.muller.888@example.com,2026-03-01,United Arab Emirates,Abu Dhabi
CUST-000889,Aisha,Patel,aisha.patel.889@example.com,2020-01-16,United Kingdom,Manchester
CUST-000890,Amelia,Kim,amelia.kim.890@example.com,2025-05-21,Canada,Toronto
CUST-000891,Arjun,Sharma,arjun.sharma.891@example.com,2021-11-30,United States,Seattle
CUST-000892,Amelia,Chen,amelia.chen.892@example.com,2021-04-18,Canada,Vancouver
CUST-000893,Vikram,Muller,vikram.muller.893@example.com,2025-06-26,Singapore,Singapore
CUST-000894,Amelia,Lopez,amelia.lopez.894@example.com,2024-05-06,United Arab Emirates,Dubai
CUST-000895,Hassan,Young,hassan.young.895@example.com,2024-02-22,Singapore,Singapore
CUST-000896,Kavya,Patel,kavya.patel.896@example.com,2024-12-06,United Kingdom,Manchester
CUST-000897,Emma,Brown,emma.brown.897@example.com,2023-01-05,Canada,Toronto
CUST-000898,Aisha,Roy,aisha.roy.898@example.com,2021-01-31,Germany,Berlin
CUST-000899,Riya,Iyer,riya.iyer.899@example.com,2026-01-26,Canada,Vancouver
CUST-000900,Uma,Ahmed,uma.ahmed.900@example.com,2026-03-17,United States,New York
CUST-000901,Wei,Muller,wei.muller.901@example.com,2025-11-10,Canada,Vancouver
CUST-000902,Noah,Wright,noah.wright.902@example.com,2025-04-28,Canada,Toronto
CUST-000903,Leo,Kim,leo.kim.903@example.com,2024-06-05,India,Mumbai
CUST-000904,Maya,Ahmed,maya.ahmed.904@example.com,2026-05-29,United Arab Emirates,Dubai
CUST-000905,Arjun,Roy,arjun.roy.905@example.com,2021-12-09,Singapore,Singapore
CUST-000906,Chen,Park,chen.park.906@example.com,2021-05-31,United States,New York
CUST-000907,James,Khan,james.khan.907@example.com,2024-11-18,Germany,Berlin
CUST-000908,Wei,Lopez,wei.lopez.908@example.com,2022-11-22,United States,Seattle
CUST-000909,Sofia,Mehta,sofia.mehta.909@example.com,2020-10-01,Canada,Toronto
CUST-000910,Isha,Martin,isha.martin.910@example.com,2026-03-11,Singapore,Singapore
CUST-000911,Yara,Lee,yara.lee.911@example.com,2025-02-19,United Arab Emirates,Dubai
CUST-000912,Vikram,Das,vikram.das.912@example.com,2026-08-03,United Arab Emirates,Abu Dhabi
CUST-000913,Arjun,Costa,arjun.costa.913@example.com,2021-08-30,United States,New York
CUST-000914,Sofia,Nguyen,sofia.nguyen.914@example.com,2021-02-17,United Arab Emirates,Abu Dhabi
CUST-000915,Yara,Martin,yara.martin.915@example.com,2024-08-10,United Kingdom,Manchester
CUST-000916,Isha,Lopez,isha.lopez.916@example.com,2026-06-01,Singapore,Singapore
CUST-000917,Aditi,Smith,aditi.smith.917@example.com,2024-07-08,United Kingdom,London
CUST-000918,Priya,Nair,priya.nair.918@example.com,2024-07-03,Germany,Berlin
CUST-000919,Isha,Young,isha.young.919@example.com,2022-08-31,United Kingdom,London
CUST-000920,Tara,Chen,tara.chen.920@example.com,2024-03-05,United Kingdom,London
CUST-000921,Grace,Silva,grace.silva.921@example.com,2023-05-26,Canada,Vancouver
CUST-000922,Emma,Silva,emma.silva.922@example.com,2021-02-06,Singapore,Singapore
CUST-000923,Aisha,Kim,aisha.kim.923@example.com,2024-12-19,Germany,Munich
CUST-000924,Emma,Mehta,emma.mehta.924@example.com,2020-12-31,Singapore,Singapore
CUST-000925,Kavya,Johnson,kavya.johnson.925@example.com,2024-07-25,Canada,Vancouver
CUST-000926,Uma,Wilson,uma.wilson.926@example.com,2024-03-11,Canada,Toronto
CUST-000927,Maya,Park,maya.park.927@example.com,2020-09-25,United States,Seattle
CUST-000928,Samir,Wilson,samir.wilson.928@example.com,2021-07-09,Singapore,Singapore
CUST-000929,Ben,Johnson,ben.johnson.929@example.com,2022-04-02,Canada,Toronto
CUST-000930,Diego,Patel,diego.patel.930@example.com,2020-07-26,Singapore,Singapore
CUST-000931,Samir,Johnson,samir.johnson.931@example.com,2024-02-17,United Kingdom,Manchester
CUST-000932,Maya,Muller,maya.muller.932@example.com,2021-05-22,Germany,Berlin
CUST-000933,Diego,Iyer,diego.iyer.933@example.com,2025-01-01,Singapore,Singapore
CUST-000934,Yara,Chen,yara.chen.934@example.com,2026-03-08,United Arab Emirates,Abu Dhabi
CUST-000935,Hassan,Smith,hassan.smith.935@example.com,2022-11-25,Canada,Toronto
CUST-000936,Fatima,Sharma,fatima.sharma.936@example.com,2020-07-22,Singapore,Singapore
CUST-000937,Yara,Ahmed,yara.ahmed.937@example.com,2022-05-27,Canada,Toronto
CUST-000938,Quinn,Brown,quinn.brown.938@example.com,2022-04-26,Germany,Munich
CUST-000939,Quinn,Costa,quinn.costa.939@example.com,2020-03-23,United Arab Emirates,Dubai
CUST-000940,Leo,Kapoor,leo.kapoor.940@example.com,2021-12-10,United States,New York
CUST-000941,Diego,Lee,diego.lee.941@example.com,2023-06-05,United Arab Emirates,Abu Dhabi
CUST-000942,James,Young,james.young.942@example.com,2023-11-29,Singapore,Singapore
CUST-000943,Emma,Johnson,emma.johnson.943@example.com,2023-05-22,Singapore,Singapore
CUST-000944,Olivia,Nguyen,olivia.nguyen.944@example.com,2025-09-26,India,Delhi
CUST-000945,Noah,Lopez,noah.lopez.945@example.com,2023-03-03,United Arab Emirates,Abu Dhabi
CUST-000946,Riya,Nguyen,riya.nguyen.946@example.com,2020-09-18,Singapore,Singapore
CUST-000947,Emma,Lopez,emma.lopez.947@example.com,2023-02-08,United Kingdom,Manchester
CUST-000948,Quinn,Das,quinn.das.948@example.com,2023-05-08,Germany,Berlin
CUST-000949,Aisha,Wilson,aisha.wilson.949@example.com,2022-09-11,Canada,Toronto
CUST-000950,Vikram,Thomas,vikram.thomas.950@example.com,2024-07-13,Canada,Vancouver
CUST-000951,Riya,Garcia,riya.garcia.951@example.com,2020-04-14,Germany,Munich
CUST-000952,Fatima,Lee,fatima.lee.952@example.com,2024-07-15,Singapore,Singapore
CUST-000953,Tara,Patel,tara.patel.953@example.com,2026-06-01,United Arab Emirates,Dubai
CUST-000954,Grace,Mehta,grace.mehta.954@example.com,2022-06-29,Germany,Munich
CUST-000955,Sofia,Wright,sofia.wright.955@example.com,2025-09-08,United Kingdom,Manchester
CUST-000956,Yara,Smith,yara.smith.956@example.com,2026-04-05,Canada,Toronto
CUST-000957,Fatima,Nguyen,fatima.nguyen.957@example.com,2021-06-08,Singapore,Singapore
CUST-000958,Tara,Park,tara.park.958@example.com,2022-01-19,United Arab Emirates,Abu Dhabi
CUST-000959,Quinn,Khan,quinn.khan.959@example.com,2023-12-26,United States,Austin
CUST-000960,Tara,Thomas,tara.thomas.960@example.com,2024-09-18,United Kingdom,Manchester
CUST-000961,Hassan,Lee,hassan.lee.961@example.com,2023-04-19,United Arab Emirates,Abu Dhabi
CUST-000962,Yara,Nguyen,yara.nguyen.962@example.com,2020-08-07,Singapore,Singapore
CUST-000963,Leo,Young,leo.young.963@example.com,2025-08-11,United States,New York
CUST-000964,Yara,Wright,yara.wright.964@example.com,2025-12-10,Singapore,Singapore
CUST-000965,James,Patel,james.patel.965@example.com,2021-09-09,Canada,Toronto
CUST-000966,Chen,Singh,chen.singh.966@example.com,2026-05-21,Singapore,Singapore
CUST-000967,Aisha,Singh,aisha.singh.967@example.com,2022-01-08,Canada,Toronto
CUST-000968,Leo,Singh,leo.singh.968@example.com,2021-12-25,Germany,Munich
CUST-000969,Quinn,Patel,quinn.patel.969@example.com,2025-01-25,India,Delhi
CUST-000970,Chen,Roy,chen.roy.970@example.com,2021-11-21,Canada,Toronto
CUST-000971,Leo,Park,leo.park.971@example.com,2020-12-26,Canada,Toronto
CUST-000972,Priya,Costa,priya.costa.972@example.com,2024-10-24,Germany,Munich
CUST-000973,James,Chen,james.chen.973@example.com,2020-01-20,Singapore,Singapore
CUST-000974,Noah,Johnson,noah.johnson.974@example.com,2024-03-08,Germany,Berlin
CUST-000975,Zane,Singh,zane.singh.975@example.com,2025-12-15,Canada,Toronto
CUST-000976,Aarav,Wright,aarav.wright.976@example.com,2022-10-16,India,Bengaluru
CUST-000977,Samir,Young,samir.young.977@example.com,2023-07-02,United Kingdom,London
CUST-000978,Arjun,Muller,arjun.muller.978@example.com,2026-08-08,United Arab Emirates,Abu Dhabi
CUST-000979,Ben,Khan,ben.khan.979@example.com,2020-07-06,Canada,Vancouver
CUST-000980,Fatima,Ali,fatima.ali.980@example.com,2025-11-01,Germany,Munich
CUST-000981,James,Young,james.young.981@example.com,2021-07-02,Germany,Munich
CUST-000982,Zane,Chen,zane.chen.982@example.com,2022-02-10,United Kingdom,London
CUST-000983,Sofia,Kapoor,sofia.kapoor.983@example.com,2024-07-10,Canada,Toronto
CUST-000984,Diego,Brown,diego.brown.984@example.com,2021-06-21,Germany,Berlin
CUST-000985,Tara,Sharma,tara.sharma.985@example.com,2025-08-28,United Arab Emirates,Dubai
CUST-000986,Arjun,Iyer,arjun.iyer.986@example.com,2020-06-02,Germany,Munich
CUST-000987,Zane,Lopez,zane.lopez.987@example.com,2025-12-30,United Kingdom,Birmingham
CUST-000988,Aditi,Nair,aditi.nair.988@example.com,2021-03-18,India,Mumbai
CUST-000989,Aditi,Das,aditi.das.989@example.com,2024-09-03,India,Hyderabad
CUST-000990,Isha,Nguyen,isha.nguyen.990@example.com,2022-11-01,United Arab Emirates,Abu Dhabi
CUST-000991,Samir,Garcia,samir.garcia.991@example.com,2020-02-08,United States,Seattle
CUST-000992,James,Wright,james.wright.992@example.com,2025-11-01,India,Delhi
CUST-000993,Priya,Nair,priya.nair.993@example.com,2021-07-15,Germany,Munich
CUST-000994,Wei,Young,wei.young.994@example.com,2025-09-26,India,Chennai
CUST-000995,Arjun,Kim,arjun.kim.995@example.com,2021-03-11,India,Hyderabad
CUST-000996,Chen,Nair,chen.nair.996@example.com,2022-12-13,United States,Austin
CUST-000997,Hassan,Das,hassan.das.997@example.com,2023-04-24,Singapore,Singapore
CUST-000998,Aditi,Martin,aditi.martin.998@example.com,2022-04-30,Singapore,Singapore
CUST-000999,Grace,Brown,grace.brown.999@example.com,2020-02-22,India,Mumbai
CUST-001000,Sofia,Nguyen,sofia.nguyen.1000@example.com,2026-06-09,Canada,Vancouver
CUST-001001,Aisha,Khan,aisha.khan.1001@example.com,2025-09-26,Canada,Toronto
CUST-001002,Tara,Mehta,tara.mehta.1002@example.com,2022-11-14,India,Bengaluru
CUST-001003,Kavya,Kim,kavya.kim.1003@example.com,2025-03-16,United Kingdom,London
CUST-001004,Arjun,Silva,arjun.silva.1004@example.com,2020-06-10,United States,Seattle
CUST-001005,Hassan,Park,hassan.park.1005@example.com,2023-07-04,Germany,Munich
CUST-001006,Tara,Nguyen,tara.nguyen.1006@example.com,2020-07-06,India,Mumbai
CUST-001007,Yara,Garcia,yara.garcia.1007@example.com,2021-11-29,Germany,Munich
CUST-001008,Hassan,Young,hassan.young.1008@example.com,2023-01-03,Singapore,Singapore
CUST-001009,Hassan,Silva,hassan.silva.1009@example.com,2022-01-19,United Kingdom,London
CUST-001010,Isha,Muller,isha.muller.1010@example.com,2023-01-18,Singapore,Singapore
CUST-001011,Samir,Thomas,samir.thomas.1011@example.com,2024-09-23,Singapore,Singapore
CUST-001012,Arjun,Garcia,arjun.garcia.1012@example.com,2020-08-28,Germany,Berlin
CUST-001013,Arjun,Costa,arjun.costa.1013@example.com,2025-05-31,United Arab Emirates,Abu Dhabi
CUST-001014,Ben,Nair,ben.nair.1014@example.com,2024-01-08,Singapore,Singapore
CUST-001015,Yara,Wright,yara.wright.1015@example.com,2021-06-19,Canada,Vancouver
CUST-001016,Sofia,Chen,sofia.chen.1016@example.com,2024-08-11,India,Hyderabad
CUST-001017,Aditi,Khan,aditi.khan.1017@example.com,2023-07-11,United Kingdom,London
CUST-001018,Samir,Thomas,samir.thomas.1018@example.com,2025-11-19,Germany,Berlin
CUST-001019,Riya,Thomas,riya.thomas.1019@example.com,2025-10-27,United Kingdom,Birmingham
CUST-001020,Samir,Das,samir.das.1020@example.com,2021-01-25,United Arab Emirates,Abu Dhabi
CUST-001021,Riya,Mehta,riya.mehta.1021@example.com,2025-05-27,United States,Seattle
CUST-001022,Riya,Wright,riya.wright.1022@example.com,2024-04-25,Germany,Berlin
CUST-001023,Wei,Silva,wei.silva.1023@example.com,2020-08-11,United Arab Emirates,Dubai
CUST-001024,Quinn,Kapoor,quinn.kapoor.1024@example.com,2025-09-01,United States,Chicago
CUST-001025,Yara,Chen,yara.chen.1025@example.com,2021-11-08,Canada,Toronto
CUST-001026,Uma,Chen,uma.chen.1026@example.com,2022-09-13,United Kingdom,Manchester
CUST-001027,Emma,Patel,emma.patel.1027@example.com,2022-07-01,United Arab Emirates,Abu Dhabi
CUST-001028,Isha,Silva,isha.silva.1028@example.com,2020-11-18,United States,Chicago
CUST-001029,Kavya,Park,kavya.park.1029@example.com,2025-01-09,United Arab Emirates,Dubai
CUST-001030,Yara,Chen,yara.chen.1030@example.com,2023-07-18,Singapore,Singapore
CUST-001031,Leo,Mehta,leo.mehta.1031@example.com,2020-03-13,Germany,Berlin
CUST-001032,Isha,Costa,isha.costa.1032@example.com,2026-04-01,India,Chennai
CUST-001033,Aarav,Silva,aarav.silva.1033@example.com,2023-06-01,India,Chennai
CUST-001034,Noah,Johnson,noah.johnson.1034@example.com,2025-02-11,Germany,Munich
CUST-001035,Hassan,Silva,hassan.silva.1035@example.com,2022-07-02,India,Hyderabad
CUST-001036,Grace,Martin,grace.martin.1036@example.com,2025-04-21,Canada,Vancouver
CUST-001037,Samir,Ali,samir.ali.1037@example.com,2021-02-03,India,Bengaluru
CUST-001038,Aarav,Singh,aarav.singh.1038@example.com,2023-04-10,United Kingdom,Birmingham
CUST-001039,Maya,Iyer,maya.iyer.1039@example.com,2021-03-11,Germany,Berlin
CUST-001040,Zane,Smith,zane.smith.1040@example.com,2021-07-29,Singapore,Singapore
CUST-001041,Arjun,Lee,arjun.lee.1041@example.com,2022-03-13,United Arab Emirates,Dubai
CUST-001042,Arjun,Kapoor,arjun.kapoor.1042@example.com,2024-05-28,Canada,Toronto
CUST-001043,Kavya,Silva,kavya.silva.1043@example.com,2022-02-19,Canada,Vancouver
CUST-001044,Arjun,Roy,arjun.roy.1044@example.com,2020-07-09,Singapore,Singapore
CUST-001045,Uma,Young,uma.young.1045@example.com,2025-02-16,Singapore,Singapore
CUST-001046,Leo,Sharma,leo.sharma.1046@example.com,2020-07-17,United Arab Emirates,Abu Dhabi
CUST-001047,Wei,Ahmed,wei.ahmed.1047@example.com,2025-09-13,Singapore,Singapore
CUST-001048,Samir,Ahmed,samir.ahmed.1048@example.com,2021-06-09,United States,New York
CUST-001049,Isha,Wright,isha.wright.1049@example.com,2023-08-11,United Arab Emirates,Abu Dhabi
CUST-001050,James,Nair,james.nair.1050@example.com,2022-10-13,Germany,Munich
CUST-001051,Isha,Singh,isha.singh.1051@example.com,2025-01-28,United Kingdom,London
CUST-001052,Aisha,Costa,aisha.costa.1052@example.com,2025-09-29,United Arab Emirates,Abu Dhabi
CUST-001053,Wei,Das,wei.das.1053@example.com,2023-07-09,United Arab Emirates,Dubai
CUST-001054,Chen,Johnson,chen.johnson.1054@example.com,2023-04-05,United Arab Emirates,Abu Dhabi
CUST-001055,Sofia,Wright,sofia.wright.1055@example.com,2021-12-29,United States,Seattle
CUST-001056,Samir,Nguyen,samir.nguyen.1056@example.com,2023-12-13,Canada,Vancouver
CUST-001057,Olivia,Ahmed,olivia.ahmed.1057@example.com,2024-09-05,Germany,Munich
CUST-001058,Zane,Thomas,zane.thomas.1058@example.com,2020-02-22,Singapore,Singapore
CUST-001059,Aarav,Muller,aarav.muller.1059@example.com,2020-08-05,United States,New York
CUST-001060,Chen,Lee,chen.lee.1060@example.com,2021-10-21,Canada,Vancouver
CUST-001061,Riya,Lee,riya.lee.1061@example.com,2020-09-11,United States,Seattle
CUST-001062,Chen,Roy,chen.roy.1062@example.com,2020-05-12,United Arab Emirates,Abu Dhabi
CUST-001063,Wei,Ali,wei.ali.1063@example.com,2026-04-20,India,Bengaluru
CUST-001064,Tara,Lopez,tara.lopez.1064@example.com,2024-05-11,United Arab Emirates,Dubai
CUST-001065,Maya,Park,maya.park.1065@example.com,2023-03-24,Canada,Toronto
CUST-001066,Sofia,Muller,sofia.muller.1066@example.com,2024-09-02,Singapore,Singapore
CUST-001067,Noah,Patel,noah.patel.1067@example.com,2022-10-26,India,Bengaluru
CUST-001068,Priya,Thomas,priya.thomas.1068@example.com,2024-12-19,Canada,Toronto
CUST-001069,Sofia,Lopez,sofia.lopez.1069@example.com,2024-02-15,Germany,Berlin
CUST-001070,Uma,Mehta,uma.mehta.1070@example.com,2023-04-19,United States,Chicago
CUST-001071,Ben,Wright,ben.wright.1071@example.com,2022-02-04,India,Bengaluru
CUST-001072,Tara,Wilson,tara.wilson.1072@example.com,2024-03-25,India,Mumbai
CUST-001073,James,Lee,james.lee.1073@example.com,2022-12-18,United Arab Emirates,Dubai
CUST-001074,Ben,Ahmed,ben.ahmed.1074@example.com,2022-11-10,Canada,Toronto
CUST-001075,Grace,Ali,grace.ali.1075@example.com,2021-09-26,Germany,Berlin
CUST-001076,Aisha,Kapoor,aisha.kapoor.1076@example.com,2020-07-27,United Kingdom,Birmingham
CUST-001077,Priya,Silva,priya.silva.1077@example.com,2023-05-18,Germany,Munich
CUST-001078,Vikram,Ahmed,vikram.ahmed.1078@example.com,2024-01-06,United Arab Emirates,Dubai
CUST-001079,Vikram,Das,vikram.das.1079@example.com,2025-11-22,United Kingdom,London
CUST-001080,Ben,Wilson,ben.wilson.1080@example.com,2025-08-31,India,Bengaluru
CUST-001081,James,Martin,james.martin.1081@example.com,2024-07-10,United Arab Emirates,Dubai
CUST-001082,Hassan,Brown,hassan.brown.1082@example.com,2023-09-21,United States,Seattle
CUST-001083,Hassan,Kim,hassan.kim.1083@example.com,2025-12-12,United States,Chicago
CUST-001084,Noah,Silva,noah.silva.1084@example.com,2020-02-06,Canada,Toronto
CUST-001085,Riya,Iyer,riya.iyer.1085@example.com,2022-09-11,Singapore,Singapore
CUST-001086,Aditi,Wright,aditi.wright.1086@example.com,2024-04-11,United Kingdom,London
CUST-001087,Isha,Lee,isha.lee.1087@example.com,2023-03-04,United Arab Emirates,Dubai
CUST-001088,Sofia,Wilson,sofia.wilson.1088@example.com,2024-03-15,Canada,Vancouver
CUST-001089,Leo,Patel,leo.patel.1089@example.com,2022-02-27,United Kingdom,Manchester
CUST-001090,Maya,Khan,maya.khan.1090@example.com,2021-11-16,India,Chennai
CUST-001091,Noah,Sharma,noah.sharma.1091@example.com,2020-09-25,Germany,Berlin
CUST-001092,Riya,Lopez,riya.lopez.1092@example.com,2022-05-23,Canada,Vancouver
CUST-001093,Wei,Nguyen,wei.nguyen.1093@example.com,2026-01-11,United States,Chicago
CUST-001094,Quinn,Silva,quinn.silva.1094@example.com,2021-09-21,India,Mumbai
CUST-001095,Kavya,Das,kavya.das.1095@example.com,2020-06-04,United Kingdom,London
CUST-001096,Amelia,Patel,amelia.patel.1096@example.com,2022-10-28,United States,New York
CUST-001097,Olivia,Silva,olivia.silva.1097@example.com,2022-11-25,United States,Chicago
CUST-001098,Isha,Ali,isha.ali.1098@example.com,2024-07-14,Germany,Munich
CUST-001099,Grace,Sharma,grace.sharma.1099@example.com,2021-04-29,Singapore,Singapore
CUST-001100,Quinn,Mehta,quinn.mehta.1100@example.com,2020-09-16,United Arab Emirates,Dubai
CUST-001101,Samir,Thomas,samir.thomas.1101@example.com,2024-01-05,India,Chennai
CUST-001102,Arjun,Kim,arjun.kim.1102@example.com,2023-05-19,Canada,Toronto
CUST-001103,Fatima,Roy,fatima.roy.1103@example.com,2024-04-11,Singapore,Singapore
CUST-001104,Wei,Wright,wei.wright.1104@example.com,2025-04-25,India,Bengaluru
CUST-001105,Noah,Brown,noah.brown.1105@example.com,2024-05-20,United States,Seattle
CUST-001106,Quinn,Garcia,quinn.garcia.1106@example.com,2024-03-08,United Kingdom,London
CUST-001107,Noah,Thomas,noah.thomas.1107@example.com,2021-08-02,United Arab Emirates,Dubai
CUST-001108,Aditi,Sharma,aditi.sharma.1108@example.com,2024-06-02,United Arab Emirates,Dubai
CUST-001109,Fatima,Johnson,fatima.johnson.1109@example.com,2023-11-09,Germany,Berlin
CUST-001110,James,Young,james.young.1110@example.com,2025-09-30,Germany,Berlin
CUST-001111,Ben,Smith,ben.smith.1111@example.com,2022-11-01,United States,Austin
CUST-001112,Arjun,Smith,arjun.smith.1112@example.com,2026-05-12,Germany,Berlin
CUST-001113,Yara,Roy,yara.roy.1113@example.com,2025-03-04,United Arab Emirates,Dubai
CUST-001114,Fatima,Wright,fatima.wright.1114@example.com,2022-10-23,India,Mumbai
CUST-001115,Chen,Mehta,chen.mehta.1115@example.com,2025-06-18,United Arab Emirates,Abu Dhabi
CUST-001116,Hassan,Garcia,hassan.garcia.1116@example.com,2022-08-18,Germany,Berlin
CUST-001117,Fatima,Nair,fatima.nair.1117@example.com,2022-03-03,India,Delhi
CUST-001118,Leo,Ali,leo.ali.1118@example.com,2023-06-06,United Kingdom,Birmingham
CUST-001119,Olivia,Garcia,olivia.garcia.1119@example.com,2026-05-10,United Arab Emirates,Abu Dhabi
CUST-001120,Vikram,Singh,vikram.singh.1120@example.com,2021-11-21,Singapore,Singapore
CUST-001121,Grace,Brown,grace.brown.1121@example.com,2022-06-26,Canada,Vancouver
CUST-001122,Emma,Silva,emma.silva.1122@example.com,2021-07-04,United Kingdom,Birmingham
CUST-001123,Tara,Singh,tara.singh.1123@example.com,2025-03-10,Singapore,Singapore
CUST-001124,Hassan,Roy,hassan.roy.1124@example.com,2025-06-17,United Kingdom,Birmingham
CUST-001125,Arjun,Smith,arjun.smith.1125@example.com,2020-12-01,Germany,Munich
CUST-001126,Yara,Silva,yara.silva.1126@example.com,2026-01-15,United States,Austin
CUST-001127,Emma,Mehta,emma.mehta.1127@example.com,2020-11-09,Germany,Berlin
CUST-001128,Zane,Sharma,zane.sharma.1128@example.com,2025-09-08,Canada,Toronto
CUST-001129,Wei,Ahmed,wei.ahmed.1129@example.com,2024-07-17,United Arab Emirates,Dubai
CUST-001130,Sofia,Patel,sofia.patel.1130@example.com,2022-12-03,United Arab Emirates,Abu Dhabi
CUST-001131,Quinn,Roy,quinn.roy.1131@example.com,2024-02-07,United States,Chicago
CUST-001132,Diego,Young,diego.young.1132@example.com,2026-08-12,Canada,Vancouver
CUST-001133,Aisha,Ali,aisha.ali.1133@example.com,2025-09-21,United Arab Emirates,Dubai
CUST-001134,Isha,Iyer,isha.iyer.1134@example.com,2020-02-13,United Arab Emirates,Dubai
CUST-001135,Yara,Park,yara.park.1135@example.com,2021-11-10,United Arab Emirates,Dubai
CUST-001136,Kavya,Smith,kavya.smith.1136@example.com,2026-05-08,United States,Austin
CUST-001137,Tara,Mehta,tara.mehta.1137@example.com,2024-01-09,Singapore,Singapore
CUST-001138,Diego,Roy,diego.roy.1138@example.com,2022-08-07,Singapore,Singapore
CUST-001139,Emma,Iyer,emma.iyer.1139@example.com,2020-06-24,United States,Austin
CUST-001140,Maya,Kapoor,maya.kapoor.1140@example.com,2024-01-19,Canada,Vancouver
CUST-001141,Leo,Kapoor,leo.kapoor.1141@example.com,2020-07-09,Singapore,Singapore
CUST-001142,Quinn,Singh,quinn.singh.1142@example.com,2025-11-05,India,Delhi
CUST-001143,Wei,Mehta,wei.mehta.1143@example.com,2026-06-28,United Kingdom,Birmingham
CUST-001144,Olivia,Smith,olivia.smith.1144@example.com,2024-03-30,Singapore,Singapore
CUST-001145,Olivia,Lopez,olivia.lopez.1145@example.com,2020-11-14,Canada,Vancouver
CUST-001146,Isha,Kapoor,isha.kapoor.1146@example.com,2025-10-16,United States,Chicago
CUST-001147,Hassan,Silva,hassan.silva.1147@example.com,2023-11-14,Canada,Vancouver
CUST-001148,Vikram,Chen,vikram.chen.1148@example.com,2020-01-28,United Arab Emirates,Dubai
CUST-001149,Kavya,Smith,kavya.smith.1149@example.com,2020-11-11,United States,Seattle
CUST-001150,Chen,Garcia,chen.garcia.1150@example.com,2021-10-06,United States,Seattle
CUST-001151,Priya,Das,priya.das.1151@example.com,2021-04-29,Canada,Toronto
CUST-001152,James,Park,james.park.1152@example.com,2021-04-09,United Kingdom,Manchester
CUST-001153,Riya,Chen,riya.chen.1153@example.com,2022-05-13,Singapore,Singapore
CUST-001154,Quinn,Silva,quinn.silva.1154@example.com,2020-04-01,Singapore,Singapore
CUST-001155,Aditi,Garcia,aditi.garcia.1155@example.com,2021-10-21,United Arab Emirates,Dubai
CUST-001156,Quinn,Wilson,quinn.wilson.1156@example.com,2026-06-02,India,Bengaluru
CUST-001157,Aditi,Smith,aditi.smith.1157@example.com,2022-01-07,United Kingdom,Birmingham
CUST-001158,Isha,Nair,isha.nair.1158@example.com,2020-03-17,United Arab Emirates,Abu Dhabi
CUST-001159,Amelia,Johnson,amelia.johnson.1159@example.com,2025-04-14,Singapore,Singapore
CUST-001160,Ben,Brown,ben.brown.1160@example.com,2024-08-09,Canada,Toronto
CUST-001161,Vikram,Ahmed,vikram.ahmed.1161@example.com,2022-01-14,Canada,Vancouver
CUST-001162,Ben,Mehta,ben.mehta.1162@example.com,2023-11-04,Germany,Munich
CUST-001163,Priya,Ahmed,priya.ahmed.1163@example.com,2022-07-30,India,Hyderabad
CUST-001164,Isha,Garcia,isha.garcia.1164@example.com,2020-03-08,India,Bengaluru
CUST-001165,Maya,Thomas,maya.thomas.1165@example.com,2024-09-15,United Arab Emirates,Dubai
CUST-001166,Priya,Nguyen,priya.nguyen.1166@example.com,2025-05-03,United States,New York
CUST-001167,Zane,Park,zane.park.1167@example.com,2025-08-23,United Arab Emirates,Dubai
CUST-001168,Amelia,Chen,amelia.chen.1168@example.com,2021-06-17,Germany,Berlin
CUST-001169,Zane,Roy,zane.roy.1169@example.com,2024-11-02,Germany,Munich
CUST-001170,Hassan,Thomas,hassan.thomas.1170@example.com,2025-12-10,India,Hyderabad
CUST-001171,Diego,Park,diego.park.1171@example.com,2024-04-10,Singapore,Singapore
CUST-001172,Olivia,Park,olivia.park.1172@example.com,2026-06-17,Germany,Berlin
CUST-001173,James,Garcia,james.garcia.1173@example.com,2025-05-08,United Kingdom,London
CUST-001174,Sofia,Thomas,sofia.thomas.1174@example.com,2023-03-06,India,Chennai
CUST-001175,Zane,Martin,zane.martin.1175@example.com,2022-11-21,Singapore,Singapore
CUST-001176,Aarav,Das,aarav.das.1176@example.com,2020-01-30,Germany,Berlin
CUST-001177,Maya,Sharma,maya.sharma.1177@example.com,2022-04-21,Singapore,Singapore
CUST-001178,James,Iyer,james.iyer.1178@example.com,2021-09-25,India,Hyderabad
CUST-001179,Quinn,Ahmed,quinn.ahmed.1179@example.com,2022-12-06,United Kingdom,Birmingham
CUST-001180,James,Ahmed,james.ahmed.1180@example.com,2023-02-02,United Kingdom,Birmingham
CUST-001181,Isha,Roy,isha.roy.1181@example.com,2024-08-19,United States,Chicago
CUST-001182,Ben,Iyer,ben.iyer.1182@example.com,2026-03-22,United Arab Emirates,Abu Dhabi
CUST-001183,Emma,Kim,emma.kim.1183@example.com,2023-11-11,United Arab Emirates,Abu Dhabi
CUST-001184,Tara,Garcia,tara.garcia.1184@example.com,2021-05-02,Canada,Toronto
CUST-001185,Kavya,Park,kavya.park.1185@example.com,2021-10-24,Germany,Berlin
CUST-001186,Chen,Wilson,chen.wilson.1186@example.com,2023-10-18,Singapore,Singapore
CUST-001187,Ben,Muller,ben.muller.1187@example.com,2020-01-22,Germany,Berlin
CUST-001188,Wei,Garcia,wei.garcia.1188@example.com,2024-11-18,Singapore,Singapore
CUST-001189,Amelia,Lee,amelia.lee.1189@example.com,2024-02-27,United States,New York
CUST-001190,Priya,Patel,priya.patel.1190@example.com,2024-04-23,Germany,Munich
CUST-001191,Priya,Lopez,priya.lopez.1191@example.com,2023-03-19,United Arab Emirates,Dubai
CUST-001192,Uma,Silva,uma.silva.1192@example.com,2025-07-17,United States,Chicago
CUST-001193,Aarav,Johnson,aarav.johnson.1193@example.com,2025-10-23,Canada,Vancouver
CUST-001194,Chen,Patel,chen.patel.1194@example.com,2025-09-22,Canada,Toronto
CUST-001195,Priya,Smith,priya.smith.1195@example.com,2020-05-27,Germany,Munich
CUST-001196,Diego,Lopez,diego.lopez.1196@example.com,2021-10-06,India,Mumbai
CUST-001197,Emma,Roy,emma.roy.1197@example.com,2023-12-17,Singapore,Singapore
CUST-001198,Isha,Ahmed,isha.ahmed.1198@example.com,2025-10-21,United States,New York
CUST-001199,Tara,Das,tara.das.1199@example.com,2021-01-04,India,Chennai
CUST-001200,Fatima,Mehta,fatima.mehta.1200@example.com,2026-04-09,Canada,Vancouver
CUST-001201,Hassan,Silva,hassan.silva.1201@example.com,2022-07-15,United Kingdom,Birmingham
CUST-001202,Chen,Ali,chen.ali.1202@example.com,2026-06-12,Singapore,Singapore
CUST-001203,Emma,Smith,emma.smith.1203@example.com,2025-09-04,Singapore,Singapore
CUST-001204,Noah,Khan,noah.khan.1204@example.com,2023-04-20,United Arab Emirates,Abu Dhabi
CUST-001205,Arjun,Park,arjun.park.1205@example.com,2022-11-21,United Arab Emirates,Abu Dhabi
CUST-001206,Samir,Ali,samir.ali.1206@example.com,2026-04-25,Singapore,Singapore
CUST-001207,Uma,Brown,uma.brown.1207@example.com,2023-10-23,Canada,Vancouver
CUST-001208,Riya,Ali,riya.ali.1208@example.com,2020-04-22,United Arab Emirates,Abu Dhabi
CUST-001209,Arjun,Lee,arjun.lee.1209@example.com,2024-04-16,India,Bengaluru
CUST-001210,Riya,Das,riya.das.1210@example.com,2023-07-17,United States,Chicago
CUST-001211,Hassan,Wilson,hassan.wilson.1211@example.com,2020-02-09,United Arab Emirates,Abu Dhabi
CUST-001212,Diego,Kim,diego.kim.1212@example.com,2024-06-22,India,Delhi
CUST-001213,Amelia,Martin,amelia.martin.1213@example.com,2025-05-05,United States,Seattle
CUST-001214,Hassan,Johnson,hassan.johnson.1214@example.com,2023-01-07,United Arab Emirates,Dubai
CUST-001215,Tara,Wright,tara.wright.1215@example.com,2025-08-05,United States,Austin
CUST-001216,Diego,Mehta,diego.mehta.1216@example.com,2022-12-23,United States,Austin
CUST-001217,Diego,Johnson,diego.johnson.1217@example.com,2022-10-19,Canada,Vancouver
CUST-001218,Aisha,Roy,aisha.roy.1218@example.com,2021-05-06,India,Mumbai
CUST-001219,Riya,Wright,riya.wright.1219@example.com,2020-01-28,Singapore,Singapore
CUST-001220,Yara,Chen,yara.chen.1220@example.com,2023-07-15,United Kingdom,Manchester
CUST-001221,Zane,Young,zane.young.1221@example.com,2023-01-30,United Arab Emirates,Abu Dhabi
CUST-001222,Ben,Roy,ben.roy.1222@example.com,2023-02-21,United Arab Emirates,Abu Dhabi
CUST-001223,Diego,Roy,diego.roy.1223@example.com,2021-06-09,United Arab Emirates,Dubai
CUST-001224,Maya,Park,maya.park.1224@example.com,2025-05-13,Singapore,Singapore
CUST-001225,Maya,Iyer,maya.iyer.1225@example.com,2021-12-16,Singapore,Singapore
CUST-001226,Arjun,Das,arjun.das.1226@example.com,2025-02-27,United Arab Emirates,Abu Dhabi
CUST-001227,Samir,Sharma,samir.sharma.1227@example.com,2022-05-13,India,Hyderabad
CUST-001228,Olivia,Nguyen,olivia.nguyen.1228@example.com,2024-01-21,United Kingdom,Birmingham
CUST-001229,Yara,Lee,yara.lee.1229@example.com,2026-02-24,United States,Seattle
CUST-001230,Diego,Lee,diego.lee.1230@example.com,2023-11-06,Singapore,Singapore
CUST-001231,Ben,Chen,ben.chen.1231@example.com,2022-05-12,Singapore,Singapore
CUST-001232,Samir,Roy,samir.roy.1232@example.com,2024-02-04,United Kingdom,Manchester
CUST-001233,Emma,Ali,emma.ali.1233@example.com,2026-05-29,United States,Austin
CUST-001234,Olivia,Wright,olivia.wright.1234@example.com,2021-02-13,United States,Seattle
CUST-001235,Vikram,Brown,vikram.brown.1235@example.com,2024-11-05,United Arab Emirates,Abu Dhabi
CUST-001236,Chen,Garcia,chen.garcia.1236@example.com,2021-09-04,Canada,Vancouver
CUST-001237,Vikram,Sharma,vikram.sharma.1237@example.com,2024-09-22,United States,Chicago
CUST-001238,Aisha,Young,aisha.young.1238@example.com,2025-10-18,Canada,Vancouver
CUST-001239,Vikram,Chen,vikram.chen.1239@example.com,2022-10-24,United Kingdom,Birmingham
CUST-001240,Yara,Ahmed,yara.ahmed.1240@example.com,2024-06-19,India,Mumbai
CUST-001241,Samir,Smith,samir.smith.1241@example.com,2022-06-01,India,Delhi
CUST-001242,Leo,Silva,leo.silva.1242@example.com,2021-01-29,Germany,Munich
CUST-001243,Tara,Singh,tara.singh.1243@example.com,2024-01-18,United Kingdom,Manchester
CUST-001244,Noah,Martin,noah.martin.1244@example.com,2022-11-21,Canada,Vancouver
CUST-001245,Aarav,Costa,aarav.costa.1245@example.com,2023-12-09,India,Chennai
CUST-001246,Chen,Ahmed,chen.ahmed.1246@example.com,2026-01-14,United Arab Emirates,Dubai
CUST-001247,Uma,Kim,uma.kim.1247@example.com,2023-08-24,United Kingdom,Birmingham
CUST-001248,Maya,Chen,maya.chen.1248@example.com,2025-01-04,Canada,Toronto
CUST-001249,Isha,Nair,isha.nair.1249@example.com,2025-03-14,United Kingdom,Birmingham
CUST-001250,Aisha,Thomas,aisha.thomas.1250@example.com,2023-10-13,United States,Chicago
CUST-001251,Quinn,Nair,quinn.nair.1251@example.com,2024-07-15,United Arab Emirates,Dubai
CUST-001252,Amelia,Smith,amelia.smith.1252@example.com,2022-07-23,United Kingdom,Manchester
CUST-001253,Grace,Lopez,grace.lopez.1253@example.com,2022-12-31,United Kingdom,Birmingham
CUST-001254,Quinn,Muller,quinn.muller.1254@example.com,2024-12-27,United Kingdom,Manchester
CUST-001255,Tara,Ahmed,tara.ahmed.1255@example.com,2025-01-18,United Arab Emirates,Abu Dhabi
CUST-001256,Ben,Smith,ben.smith.1256@example.com,2020-04-04,Canada,Toronto
CUST-001257,Tara,Brown,tara.brown.1257@example.com,2022-10-27,Germany,Berlin
CUST-001258,Chen,Smith,chen.smith.1258@example.com,2021-02-25,Singapore,Singapore
CUST-001259,Amelia,Kapoor,amelia.kapoor.1259@example.com,2026-02-24,Singapore,Singapore
CUST-001260,Aarav,Roy,aarav.roy.1260@example.com,2025-11-16,Singapore,Singapore
CUST-001261,Arjun,Lee,arjun.lee.1261@example.com,2021-09-28,United Arab Emirates,Dubai
CUST-001262,Quinn,Kapoor,quinn.kapoor.1262@example.com,2023-06-21,Singapore,Singapore
CUST-001263,Diego,Mehta,diego.mehta.1263@example.com,2024-12-20,United Kingdom,Birmingham
CUST-001264,Aisha,Garcia,aisha.garcia.1264@example.com,2021-11-29,United Arab Emirates,Dubai
CUST-001265,Aditi,Wright,aditi.wright.1265@example.com,2023-08-25,United Kingdom,Manchester
CUST-001266,Kavya,Thomas,kavya.thomas.1266@example.com,2023-01-20,United Arab Emirates,Abu Dhabi
CUST-001267,Aisha,Das,aisha.das.1267@example.com,2021-12-26,United Arab Emirates,Abu Dhabi
CUST-001268,Quinn,Mehta,quinn.mehta.1268@example.com,2026-04-29,Germany,Munich
CUST-001269,Maya,Lopez,maya.lopez.1269@example.com,2025-12-26,Germany,Munich
CUST-001270,Sofia,Iyer,sofia.iyer.1270@example.com,2026-01-19,Singapore,Singapore
CUST-001271,Vikram,Khan,vikram.khan.1271@example.com,2023-06-15,Singapore,Singapore
CUST-001272,James,Lee,james.lee.1272@example.com,2023-05-28,United States,New York
CUST-001273,Aarav,Wilson,aarav.wilson.1273@example.com,2021-07-12,Canada,Vancouver
CUST-001274,Fatima,Chen,fatima.chen.1274@example.com,2020-02-04,United Arab Emirates,Abu Dhabi
CUST-001275,Uma,Chen,uma.chen.1275@example.com,2020-02-07,United Kingdom,Manchester
CUST-001276,Vikram,Kim,vikram.kim.1276@example.com,2022-08-05,United Arab Emirates,Dubai
CUST-001277,Noah,Iyer,noah.iyer.1277@example.com,2024-08-13,United States,Chicago
CUST-001278,Isha,Brown,isha.brown.1278@example.com,2024-05-15,United States,Chicago
CUST-001279,Diego,Lee,diego.lee.1279@example.com,2024-09-25,India,Bengaluru
CUST-001280,Maya,Roy,maya.roy.1280@example.com,2023-01-18,Canada,Vancouver
CUST-001281,Quinn,Mehta,quinn.mehta.1281@example.com,2023-01-06,United Arab Emirates,Abu Dhabi
CUST-001282,Chen,Thomas,chen.thomas.1282@example.com,2022-01-17,India,Bengaluru
CUST-001283,Fatima,Nguyen,fatima.nguyen.1283@example.com,2025-02-08,Germany,Munich
CUST-001284,Emma,Das,emma.das.1284@example.com,2025-07-08,United Arab Emirates,Dubai
CUST-001285,Grace,Sharma,grace.sharma.1285@example.com,2020-07-22,United States,New York
CUST-001286,Ben,Nguyen,ben.nguyen.1286@example.com,2023-01-07,United Kingdom,London
CUST-001287,Samir,Ali,samir.ali.1287@example.com,2020-02-03,Germany,Berlin
CUST-001288,Amelia,Garcia,amelia.garcia.1288@example.com,2025-07-14,India,Bengaluru
CUST-001289,Grace,Costa,grace.costa.1289@example.com,2025-08-03,United Kingdom,Manchester
CUST-001290,Kavya,Das,kavya.das.1290@example.com,2020-05-09,Canada,Vancouver
CUST-001291,Amelia,Silva,amelia.silva.1291@example.com,2021-08-21,Canada,Toronto
CUST-001292,Emma,Roy,emma.roy.1292@example.com,2020-10-19,Singapore,Singapore
CUST-001293,Ben,Johnson,ben.johnson.1293@example.com,2022-10-21,Canada,Vancouver
CUST-001294,Wei,Sharma,wei.sharma.1294@example.com,2022-10-16,India,Hyderabad
CUST-001295,Uma,Ali,uma.ali.1295@example.com,2020-05-17,United States,Austin
CUST-001296,Kavya,Mehta,kavya.mehta.1296@example.com,2021-01-19,Canada,Toronto
CUST-001297,Leo,Muller,leo.muller.1297@example.com,2023-07-02,Germany,Munich
CUST-001298,Ben,Lopez,ben.lopez.1298@example.com,2020-06-21,Germany,Berlin
CUST-001299,Emma,Chen,emma.chen.1299@example.com,2023-05-08,Germany,Berlin
CUST-001300,Hassan,Young,hassan.young.1300@example.com,2022-06-11,India,Mumbai
CUST-001301,Diego,Lopez,diego.lopez.1301@example.com,2023-08-22,Singapore,Singapore
CUST-001302,Ben,Park,ben.park.1302@example.com,2026-07-22,United Kingdom,London
CUST-001303,Isha,Park,isha.park.1303@example.com,2020-02-06,United States,New York
CUST-001304,Olivia,Park,olivia.park.1304@example.com,2025-04-30,Germany,Berlin
CUST-001305,Hassan,Roy,hassan.roy.1305@example.com,2022-10-15,India,Bengaluru
CUST-001306,Leo,Khan,leo.khan.1306@example.com,2023-10-18,Germany,Berlin
CUST-001307,Aditi,Iyer,aditi.iyer.1307@example.com,2021-09-22,Germany,Berlin
CUST-001308,Aisha,Chen,aisha.chen.1308@example.com,2023-07-21,United States,Seattle
CUST-001309,Vikram,Young,vikram.young.1309@example.com,2022-03-01,Singapore,Singapore
CUST-001310,Samir,Muller,samir.muller.1310@example.com,2021-07-05,United Kingdom,Manchester
CUST-001311,Zane,Patel,zane.patel.1311@example.com,2024-11-27,Singapore,Singapore
CUST-001312,Noah,Das,noah.das.1312@example.com,2022-02-16,Singapore,Singapore
CUST-001313,Noah,Iyer,noah.iyer.1313@example.com,2025-04-02,United Kingdom,Manchester
CUST-001314,Yara,Silva,yara.silva.1314@example.com,2026-03-21,United Arab Emirates,Dubai
CUST-001315,Amelia,Wilson,amelia.wilson.1315@example.com,2025-01-14,United States,Seattle
CUST-001316,Wei,Lee,wei.lee.1316@example.com,2024-02-12,United Arab Emirates,Abu Dhabi
CUST-001317,Aarav,Roy,aarav.roy.1317@example.com,2025-09-03,Germany,Munich
CUST-001318,Tara,Smith,tara.smith.1318@example.com,2024-01-31,India,Chennai
CUST-001319,Diego,Singh,diego.singh.1319@example.com,2020-09-16,Germany,Munich
CUST-001320,Chen,Wilson,chen.wilson.1320@example.com,2025-07-30,Germany,Berlin
CUST-001321,Priya,Kim,priya.kim.1321@example.com,2024-08-05,United Kingdom,Birmingham
CUST-001322,Grace,Nguyen,grace.nguyen.1322@example.com,2025-11-13,India,Mumbai
CUST-001323,Aditi,Silva,aditi.silva.1323@example.com,2022-01-01,United States,New York
CUST-001324,Chen,Nguyen,chen.nguyen.1324@example.com,2022-02-23,Singapore,Singapore
CUST-001325,Aditi,Ahmed,aditi.ahmed.1325@example.com,2024-05-10,Germany,Munich
CUST-001326,Maya,Nair,maya.nair.1326@example.com,2026-08-14,Germany,Munich
CUST-001327,Aditi,Iyer,aditi.iyer.1327@example.com,2020-10-17,United States,New York
CUST-001328,Sofia,Kapoor,sofia.kapoor.1328@example.com,2025-07-05,United States,New York
CUST-001329,Kavya,Park,kavya.park.1329@example.com,2020-09-05,Germany,Munich
CUST-001330,Noah,Mehta,noah.mehta.1330@example.com,2024-02-20,Singapore,Singapore
CUST-001331,Wei,Nair,wei.nair.1331@example.com,2025-12-06,United Kingdom,London
CUST-001332,Tara,Khan,tara.khan.1332@example.com,2023-05-29,Canada,Toronto
CUST-001333,Chen,Wilson,chen.wilson.1333@example.com,2021-02-18,India,Bengaluru
CUST-001334,Noah,Muller,noah.muller.1334@example.com,2022-03-02,United States,Austin
CUST-001335,Olivia,Lopez,olivia.lopez.1335@example.com,2026-04-06,United States,Chicago
CUST-001336,Tara,Nguyen,tara.nguyen.1336@example.com,2026-06-19,Canada,Vancouver
CUST-001337,Riya,Ali,riya.ali.1337@example.com,2024-10-15,Germany,Berlin
CUST-001338,Ben,Park,ben.park.1338@example.com,2026-03-02,United States,Chicago
CUST-001339,Maya,Singh,maya.singh.1339@example.com,2021-10-09,Germany,Munich
CUST-001340,Sofia,Iyer,sofia.iyer.1340@example.com,2026-03-03,United Kingdom,Manchester
CUST-001341,Yara,Iyer,yara.iyer.1341@example.com,2024-10-29,Singapore,Singapore
CUST-001342,Priya,Brown,priya.brown.1342@example.com,2026-02-12,United Arab Emirates,Dubai
CUST-001343,Isha,Roy,isha.roy.1343@example.com,2022-11-06,United Arab Emirates,Abu Dhabi
CUST-001344,Kavya,Ali,kavya.ali.1344@example.com,2020-01-01,Singapore,Singapore
CUST-001345,Fatima,Nair,fatima.nair.1345@example.com,2025-10-21,India,Bengaluru
CUST-001346,Zane,Kim,zane.kim.1346@example.com,2023-05-15,India,Bengaluru
CUST-001347,Chen,Thomas,chen.thomas.1347@example.com,2020-03-29,United Kingdom,Birmingham
CUST-001348,Wei,Lee,wei.lee.1348@example.com,2025-09-25,United Arab Emirates,Dubai
CUST-001349,Arjun,Patel,arjun.patel.1349@example.com,2023-12-27,Singapore,Singapore
CUST-001350,Aisha,Lee,aisha.lee.1350@example.com,2026-07-12,United Kingdom,London
CUST-001351,Diego,Lee,diego.lee.1351@example.com,2023-05-15,Canada,Toronto
CUST-001352,Olivia,Muller,olivia.muller.1352@example.com,2022-06-09,United Arab Emirates,Dubai
CUST-001353,Tara,Singh,tara.singh.1353@example.com,2025-05-30,Canada,Toronto
CUST-001354,Leo,Silva,leo.silva.1354@example.com,2026-06-18,Germany,Berlin
CUST-001355,Priya,Lopez,priya.lopez.1355@example.com,2020-06-02,United Kingdom,Birmingham
CUST-001356,Vikram,Ahmed,vikram.ahmed.1356@example.com,2020-11-17,Singapore,Singapore
CUST-001357,Sofia,Roy,sofia.roy.1357@example.com,2023-11-26,United Kingdom,Manchester
CUST-001358,James,Kapoor,james.kapoor.1358@example.com,2021-05-08,Canada,Toronto
CUST-001359,Tara,Lopez,tara.lopez.1359@example.com,2020-02-16,Canada,Vancouver
CUST-001360,Aditi,Kim,aditi.kim.1360@example.com,2020-06-17,United Arab Emirates,Abu Dhabi
CUST-001361,Noah,Ahmed,noah.ahmed.1361@example.com,2023-08-31,United States,Austin
CUST-001362,Aisha,Patel,aisha.patel.1362@example.com,2024-05-28,Germany,Munich
CUST-001363,Uma,Nair,uma.nair.1363@example.com,2025-08-29,United Arab Emirates,Dubai
CUST-001364,Diego,Costa,diego.costa.1364@example.com,2024-06-03,United Kingdom,London
CUST-001365,Aisha,Singh,aisha.singh.1365@example.com,2025-05-03,India,Chennai
CUST-001366,Tara,Patel,tara.patel.1366@example.com,2024-06-23,United Arab Emirates,Abu Dhabi
CUST-001367,Amelia,Muller,amelia.muller.1367@example.com,2024-11-14,United Arab Emirates,Dubai
CUST-001368,Uma,Garcia,uma.garcia.1368@example.com,2026-04-09,Singapore,Singapore
CUST-001369,Leo,Muller,leo.muller.1369@example.com,2026-05-29,Germany,Berlin
CUST-001370,Noah,Nair,noah.nair.1370@example.com,2025-11-17,Germany,Berlin
CUST-001371,Diego,Khan,diego.khan.1371@example.com,2024-10-27,United Kingdom,Manchester
CUST-001372,Riya,Kapoor,riya.kapoor.1372@example.com,2021-01-01,United Arab Emirates,Dubai
CUST-001373,Riya,Costa,riya.costa.1373@example.com,2024-02-05,Singapore,Singapore
CUST-001374,Chen,Singh,chen.singh.1374@example.com,2020-04-09,United Kingdom,Manchester
CUST-001375,Ben,Iyer,ben.iyer.1375@example.com,2024-12-16,United Arab Emirates,Dubai
CUST-001376,Kavya,Patel,kavya.patel.1376@example.com,2022-08-14,Canada,Toronto
CUST-001377,Riya,Iyer,riya.iyer.1377@example.com,2020-12-17,United States,New York
CUST-001378,Tara,Patel,tara.patel.1378@example.com,2021-08-27,United States,Seattle
CUST-001379,Aarav,Singh,aarav.singh.1379@example.com,2021-03-31,Germany,Munich
CUST-001380,Kavya,Chen,kavya.chen.1380@example.com,2023-09-21,India,Bengaluru
CUST-001381,Tara,Martin,tara.martin.1381@example.com,2022-04-14,United States,Seattle
CUST-001382,Noah,Chen,noah.chen.1382@example.com,2021-08-01,United Arab Emirates,Dubai
CUST-001383,Isha,Ahmed,isha.ahmed.1383@example.com,2025-11-27,Germany,Berlin
CUST-001384,Emma,Smith,emma.smith.1384@example.com,2023-03-09,India,Bengaluru
CUST-001385,Vikram,Das,vikram.das.1385@example.com,2023-01-16,United Arab Emirates,Dubai
CUST-001386,Kavya,Lopez,kavya.lopez.1386@example.com,2020-09-29,India,Hyderabad
CUST-001387,Riya,Lee,riya.lee.1387@example.com,2024-01-15,Germany,Berlin
CUST-001388,Aarav,Kim,aarav.kim.1388@example.com,2024-05-02,Canada,Toronto
CUST-001389,Isha,Wilson,isha.wilson.1389@example.com,2021-02-11,Germany,Munich
CUST-001390,Leo,Thomas,leo.thomas.1390@example.com,2025-12-17,United Arab Emirates,Dubai
CUST-001391,Ben,Johnson,ben.johnson.1391@example.com,2025-02-18,United Arab Emirates,Dubai
CUST-001392,Aditi,Brown,aditi.brown.1392@example.com,2023-06-02,United Arab Emirates,Abu Dhabi
CUST-001393,Leo,Muller,leo.muller.1393@example.com,2021-10-05,Germany,Berlin
CUST-001394,Hassan,Wright,hassan.wright.1394@example.com,2023-12-26,United Kingdom,Birmingham
CUST-001395,Fatima,Brown,fatima.brown.1395@example.com,2023-02-03,United Arab Emirates,Dubai
CUST-001396,Quinn,Lee,quinn.lee.1396@example.com,2020-04-30,Singapore,Singapore
CUST-001397,Diego,Garcia,diego.garcia.1397@example.com,2024-05-28,United Kingdom,Birmingham
CUST-001398,Aisha,Khan,aisha.khan.1398@example.com,2024-04-14,Germany,Berlin
CUST-001399,James,Brown,james.brown.1399@example.com,2021-09-17,United Arab Emirates,Abu Dhabi
CUST-001400,Fatima,Kapoor,fatima.kapoor.1400@example.com,2023-09-10,United Arab Emirates,Abu Dhabi
CUST-001401,Noah,Garcia,noah.garcia.1401@example.com,2021-07-21,United States,Austin
CUST-001402,Yara,Garcia,yara.garcia.1402@example.com,2025-11-15,United Kingdom,London
CUST-001403,James,Kapoor,james.kapoor.1403@example.com,2021-08-17,Canada,Toronto
CUST-001404,Grace,Khan,grace.khan.1404@example.com,2025-12-23,United Arab Emirates,Dubai
CUST-001405,Ben,Singh,ben.singh.1405@example.com,2021-08-19,Canada,Toronto
CUST-001406,Uma,Singh,uma.singh.1406@example.com,2024-08-11,Singapore,Singapore
CUST-001407,Kavya,Mehta,kavya.mehta.1407@example.com,2023-01-26,Canada,Toronto
CUST-001408,Uma,Johnson,uma.johnson.1408@example.com,2021-06-22,India,Bengaluru
CUST-001409,Aarav,Roy,aarav.roy.1409@example.com,2022-12-29,United Arab Emirates,Dubai
CUST-001410,Priya,Brown,priya.brown.1410@example.com,2020-04-16,United States,Seattle
CUST-001411,Amelia,Das,amelia.das.1411@example.com,2025-05-06,Canada,Toronto
CUST-001412,Maya,Thomas,maya.thomas.1412@example.com,2025-04-04,United Arab Emirates,Abu Dhabi
CUST-001413,Ben,Thomas,ben.thomas.1413@example.com,2025-07-05,Singapore,Singapore
CUST-001414,Aisha,Smith,aisha.smith.1414@example.com,2022-07-15,United States,New York
CUST-001415,James,Roy,james.roy.1415@example.com,2023-01-10,India,Hyderabad
CUST-001416,Diego,Mehta,diego.mehta.1416@example.com,2022-04-10,Germany,Berlin
CUST-001417,Amelia,Smith,amelia.smith.1417@example.com,2025-06-29,Singapore,Singapore
CUST-001418,Yara,Ali,yara.ali.1418@example.com,2024-10-17,United States,Chicago
CUST-001419,Uma,Patel,uma.patel.1419@example.com,2024-04-07,United Arab Emirates,Abu Dhabi
CUST-001420,Isha,Nair,isha.nair.1420@example.com,2026-05-31,Germany,Berlin
CUST-001421,Maya,Nguyen,maya.nguyen.1421@example.com,2025-02-14,Singapore,Singapore
CUST-001422,Zane,Brown,zane.brown.1422@example.com,2026-01-12,United Arab Emirates,Abu Dhabi
CUST-001423,Tara,Patel,tara.patel.1423@example.com,2024-05-05,United Arab Emirates,Dubai
CUST-001424,Chen,Kim,chen.kim.1424@example.com,2024-06-18,Singapore,Singapore
CUST-001425,Uma,Silva,uma.silva.1425@example.com,2025-03-04,United Kingdom,London
CUST-001426,James,Kim,james.kim.1426@example.com,2020-08-11,United Arab Emirates,Dubai
CUST-001427,Kavya,Silva,kavya.silva.1427@example.com,2025-01-24,Germany,Berlin
CUST-001428,Tara,Wilson,tara.wilson.1428@example.com,2022-01-06,India,Chennai
CUST-001429,Zane,Das,zane.das.1429@example.com,2021-07-08,United Arab Emirates,Abu Dhabi
CUST-001430,James,Singh,james.singh.1430@example.com,2020-04-12,Singapore,Singapore
CUST-001431,Kavya,Ahmed,kavya.ahmed.1431@example.com,2022-04-07,Germany,Munich
CUST-001432,Amelia,Lee,amelia.lee.1432@example.com,2021-11-02,United Kingdom,Birmingham
CUST-001433,Tara,Nguyen,tara.nguyen.1433@example.com,2021-04-12,India,Hyderabad
CUST-001434,Quinn,Iyer,quinn.iyer.1434@example.com,2025-11-15,India,Hyderabad
CUST-001435,Tara,Park,tara.park.1435@example.com,2021-10-16,United Arab Emirates,Abu Dhabi
CUST-001436,Noah,Muller,noah.muller.1436@example.com,2021-11-30,India,Delhi
CUST-001437,Olivia,Thomas,olivia.thomas.1437@example.com,2021-09-06,Germany,Berlin
CUST-001438,Yara,Garcia,yara.garcia.1438@example.com,2020-07-29,United States,Chicago
CUST-001439,Fatima,Kim,fatima.kim.1439@example.com,2025-01-01,Germany,Munich
CUST-001440,Quinn,Smith,quinn.smith.1440@example.com,2021-06-22,India,Bengaluru
CUST-001441,Aarav,Nair,aarav.nair.1441@example.com,2022-11-02,Canada,Toronto
CUST-001442,Kavya,Chen,kavya.chen.1442@example.com,2025-08-04,Canada,Toronto
CUST-001443,Priya,Young,priya.young.1443@example.com,2022-09-01,Singapore,Singapore
CUST-001444,Olivia,Wright,olivia.wright.1444@example.com,2025-02-01,Singapore,Singapore
CUST-001445,Kavya,Khan,kavya.khan.1445@example.com,2020-01-27,United Arab Emirates,Dubai
CUST-001446,Zane,Martin,zane.martin.1446@example.com,2026-04-02,United Kingdom,London
CUST-001447,Aditi,Smith,aditi.smith.1447@example.com,2020-08-13,United States,Seattle
CUST-001448,Aditi,Garcia,aditi.garcia.1448@example.com,2020-05-12,Canada,Vancouver
CUST-001449,Grace,Kapoor,grace.kapoor.1449@example.com,2020-07-19,India,Mumbai
CUST-001450,James,Smith,james.smith.1450@example.com,2023-03-10,United States,Austin
CUST-001451,Kavya,Mehta,kavya.mehta.1451@example.com,2024-01-15,United Arab Emirates,Dubai
CUST-001452,Amelia,Roy,amelia.roy.1452@example.com,2023-08-15,United Kingdom,Manchester
CUST-001453,Zane,Muller,zane.muller.1453@example.com,2020-10-04,Canada,Vancouver
CUST-001454,Wei,Martin,wei.martin.1454@example.com,2023-04-14,India,Hyderabad
CUST-001455,Aisha,Nguyen,aisha.nguyen.1455@example.com,2023-01-29,Germany,Munich
CUST-001456,Maya,Costa,maya.costa.1456@example.com,2022-05-09,United Arab Emirates,Dubai
CUST-001457,Priya,Patel,priya.patel.1457@example.com,2026-05-29,India,Chennai
CUST-001458,Amelia,Chen,amelia.chen.1458@example.com,2023-03-22,Germany,Munich
CUST-001459,Priya,Thomas,priya.thomas.1459@example.com,2022-11-29,United Kingdom,Birmingham
CUST-001460,Olivia,Nair,olivia.nair.1460@example.com,2021-06-15,United Kingdom,Birmingham
CUST-001461,Olivia,Chen,olivia.chen.1461@example.com,2025-07-31,United Arab Emirates,Abu Dhabi
CUST-001462,Vikram,Smith,vikram.smith.1462@example.com,2022-08-11,United Arab Emirates,Abu Dhabi
CUST-001463,Chen,Sharma,chen.sharma.1463@example.com,2020-04-08,India,Hyderabad
CUST-001464,Quinn,Park,quinn.park.1464@example.com,2022-04-29,India,Chennai
CUST-001465,James,Costa,james.costa.1465@example.com,2023-09-29,India,Delhi
CUST-001466,Noah,Park,noah.park.1466@example.com,2022-05-19,Germany,Berlin
CUST-001467,Quinn,Johnson,quinn.johnson.1467@example.com,2023-02-27,Germany,Munich
CUST-001468,Vikram,Khan,vikram.khan.1468@example.com,2023-05-14,United Kingdom,Birmingham
CUST-001469,Noah,Singh,noah.singh.1469@example.com,2020-01-26,Canada,Toronto
CUST-001470,Riya,Singh,riya.singh.1470@example.com,2024-06-10,United Kingdom,Birmingham
CUST-001471,Olivia,Nair,olivia.nair.1471@example.com,2021-12-20,India,Bengaluru
CUST-001472,Grace,Silva,grace.silva.1472@example.com,2025-05-16,United Kingdom,Manchester
CUST-001473,Vikram,Patel,vikram.patel.1473@example.com,2021-07-10,Germany,Munich
CUST-001474,Aisha,Lopez,aisha.lopez.1474@example.com,2026-01-08,Singapore,Singapore
CUST-001475,Kavya,Park,kavya.park.1475@example.com,2024-08-22,Canada,Toronto
CUST-001476,Wei,Wilson,wei.wilson.1476@example.com,2026-05-03,United Kingdom,Birmingham
CUST-001477,Riya,Singh,riya.singh.1477@example.com,2026-01-03,United Arab Emirates,Dubai
CUST-001478,Chen,Ahmed,chen.ahmed.1478@example.com,2023-09-20,Germany,Munich
CUST-001479,Amelia,Garcia,amelia.garcia.1479@example.com,2020-05-07,United Kingdom,Manchester
CUST-001480,Isha,Lopez,isha.lopez.1480@example.com,2021-11-10,United Arab Emirates,Abu Dhabi
CUST-001481,Ben,Nair,ben.nair.1481@example.com,2023-06-16,India,Delhi
CUST-001482,Samir,Patel,samir.patel.1482@example.com,2024-08-22,United Kingdom,London
CUST-001483,Leo,Young,leo.young.1483@example.com,2024-03-02,United States,Chicago
CUST-001484,Wei,Kim,wei.kim.1484@example.com,2025-11-20,United States,Seattle
CUST-001485,Ben,Nguyen,ben.nguyen.1485@example.com,2020-06-02,United Kingdom,London
CUST-001486,Sofia,Khan,sofia.khan.1486@example.com,2025-09-03,Singapore,Singapore
CUST-001487,Vikram,Chen,vikram.chen.1487@example.com,2021-09-23,United Arab Emirates,Dubai
CUST-001488,Grace,Kapoor,grace.kapoor.1488@example.com,2025-11-14,Singapore,Singapore
CUST-001489,Uma,Singh,uma.singh.1489@example.com,2021-02-06,United States,Austin
CUST-001490,Chen,Mehta,chen.mehta.1490@example.com,2025-02-24,India,Hyderabad
CUST-001491,Samir,Thomas,samir.thomas.1491@example.com,2021-04-19,United Arab Emirates,Dubai
CUST-001492,Fatima,Kapoor,fatima.kapoor.1492@example.com,2020-12-22,India,Delhi
CUST-001493,Kavya,Young,kavya.young.1493@example.com,2021-02-26,India,Chennai
CUST-001494,Uma,Wright,uma.wright.1494@example.com,2023-07-03,Germany,Berlin
CUST-001495,Olivia,Roy,olivia.roy.1495@example.com,2022-05-09,United Kingdom,Manchester
CUST-001496,Chen,Johnson,chen.johnson.1496@example.com,2023-02-07,United Kingdom,Birmingham
CUST-001497,Grace,Roy,grace.roy.1497@example.com,2021-04-26,Singapore,Singapore
CUST-001498,Aisha,Smith,aisha.smith.1498@example.com,2021-04-13,United Kingdom,London
CUST-001499,Priya,Martin,priya.martin.1499@example.com,2021-02-23,United Arab Emirates,Dubai
CUST-001500,Noah,Iyer,noah.iyer.1500@example.com,2023-07-28,United Arab Emirates,Abu Dhabi
CUST-001501,Aisha,Das,aisha.das.1501@example.com,2023-03-06,Canada,Toronto
CUST-001502,Ben,Khan,ben.khan.1502@example.com,2023-10-19,United Kingdom,Birmingham
CUST-001503,Kavya,Patel,kavya.patel.1503@example.com,2020-04-28,United States,Chicago
CUST-001504,Zane,Wright,zane.wright.1504@example.com,2021-03-09,India,Hyderabad
CUST-001505,Aditi,Khan,aditi.khan.1505@example.com,2024-05-24,Singapore,Singapore
CUST-001506,Samir,Nair,samir.nair.1506@example.com,2024-12-31,United Arab Emirates,Abu Dhabi
CUST-001507,Fatima,Singh,fatima.singh.1507@example.com,2022-03-22,Canada,Toronto
CUST-001508,Sofia,Roy,sofia.roy.1508@example.com,2025-03-22,Canada,Toronto
CUST-001509,Amelia,Silva,amelia.silva.1509@example.com,2025-04-02,Canada,Toronto
CUST-001510,Kavya,Kim,kavya.kim.1510@example.com,2025-03-21,Germany,Munich
CUST-001511,Diego,Brown,diego.brown.1511@example.com,2022-11-22,United States,Seattle
CUST-001512,Isha,Smith,isha.smith.1512@example.com,2023-09-15,Germany,Munich
CUST-001513,Kavya,Chen,kavya.chen.1513@example.com,2020-09-24,India,Hyderabad
CUST-001514,Arjun,Iyer,arjun.iyer.1514@example.com,2025-03-04,Singapore,Singapore
CUST-001515,Fatima,Roy,fatima.roy.1515@example.com,2026-06-11,United Kingdom,London
CUST-001516,Maya,Nguyen,maya.nguyen.1516@example.com,2021-03-14,Singapore,Singapore
CUST-001517,Noah,Lopez,noah.lopez.1517@example.com,2023-05-22,India,Chennai
CUST-001518,Kavya,Muller,kavya.muller.1518@example.com,2024-08-20,United Arab Emirates,Dubai
CUST-001519,Priya,Brown,priya.brown.1519@example.com,2021-10-13,United Arab Emirates,Abu Dhabi
CUST-001520,Isha,Khan,isha.khan.1520@example.com,2022-05-02,United Kingdom,Birmingham
CUST-001521,Olivia,Costa,olivia.costa.1521@example.com,2024-11-18,Canada,Vancouver
CUST-001522,Noah,Das,noah.das.1522@example.com,2021-12-09,United States,New York
CUST-001523,Tara,Kapoor,tara.kapoor.1523@example.com,2026-06-09,Germany,Munich
CUST-001524,Arjun,Ahmed,arjun.ahmed.1524@example.com,2025-03-11,United Arab Emirates,Abu Dhabi
CUST-001525,Noah,Nguyen,noah.nguyen.1525@example.com,2024-12-28,Canada,Toronto
CUST-001526,Fatima,Muller,fatima.muller.1526@example.com,2021-03-21,India,Chennai
CUST-001527,Uma,Silva,uma.silva.1527@example.com,2023-09-03,Singapore,Singapore
CUST-001528,Quinn,Wright,quinn.wright.1528@example.com,2021-01-05,India,Bengaluru
CUST-001529,Wei,Garcia,wei.garcia.1529@example.com,2020-01-01,United Arab Emirates,Dubai
CUST-001530,Riya,Garcia,riya.garcia.1530@example.com,2025-12-16,Singapore,Singapore
CUST-001531,Isha,Nair,isha.nair.1531@example.com,2025-01-05,United Arab Emirates,Dubai
CUST-001532,Chen,Wright,chen.wright.1532@example.com,2023-05-12,United Kingdom,Birmingham
CUST-001533,Vikram,Kapoor,vikram.kapoor.1533@example.com,2023-06-01,Germany,Munich
CUST-001534,Samir,Kapoor,samir.kapoor.1534@example.com,2020-12-31,United Kingdom,Birmingham
CUST-001535,Aarav,Nair,aarav.nair.1535@example.com,2024-07-13,United Arab Emirates,Dubai
CUST-001536,Yara,Kim,yara.kim.1536@example.com,2024-02-21,India,Chennai
CUST-001537,Aditi,Sharma,aditi.sharma.1537@example.com,2026-04-12,Germany,Munich
CUST-001538,Arjun,Thomas,arjun.thomas.1538@example.com,2020-05-07,United Kingdom,London
CUST-001539,James,Das,james.das.1539@example.com,2024-06-02,United Arab Emirates,Abu Dhabi
CUST-001540,Samir,Muller,samir.muller.1540@example.com,2024-04-11,Singapore,Singapore
CUST-001541,Noah,Johnson,noah.johnson.1541@example.com,2021-12-11,Germany,Munich
CUST-001542,Aisha,Johnson,aisha.johnson.1542@example.com,2024-04-24,United Arab Emirates,Abu Dhabi
CUST-001543,Wei,Costa,wei.costa.1543@example.com,2023-03-27,United States,Austin
CUST-001544,Aisha,Sharma,aisha.sharma.1544@example.com,2020-03-05,India,Bengaluru
CUST-001545,Tara,Young,tara.young.1545@example.com,2024-11-23,Singapore,Singapore
CUST-001546,Amelia,Garcia,amelia.garcia.1546@example.com,2024-08-30,Germany,Munich
CUST-001547,Zane,Park,zane.park.1547@example.com,2024-10-09,Germany,Berlin
CUST-001548,Kavya,Wilson,kavya.wilson.1548@example.com,2026-03-11,Singapore,Singapore
CUST-001549,Isha,Iyer,isha.iyer.1549@example.com,2022-01-31,United States,Chicago
CUST-001550,Priya,Sharma,priya.sharma.1550@example.com,2025-08-02,United Arab Emirates,Dubai
CUST-001551,Samir,Wilson,samir.wilson.1551@example.com,2024-08-09,United Kingdom,Birmingham
CUST-001552,Olivia,Iyer,olivia.iyer.1552@example.com,2020-06-04,India,Chennai
CUST-001553,Leo,Das,leo.das.1553@example.com,2021-04-08,United Kingdom,Birmingham
CUST-001554,Leo,Das,leo.das.1554@example.com,2021-08-04,India,Chennai
CUST-001555,Yara,Roy,yara.roy.1555@example.com,2023-02-18,Canada,Vancouver
CUST-001556,Maya,Khan,maya.khan.1556@example.com,2020-12-28,United Arab Emirates,Dubai
CUST-001557,Leo,Lopez,leo.lopez.1557@example.com,2020-11-15,Germany,Munich
CUST-001558,Priya,Patel,priya.patel.1558@example.com,2025-12-31,United Kingdom,London
CUST-001559,Leo,Ali,leo.ali.1559@example.com,2025-04-05,United Arab Emirates,Abu Dhabi
CUST-001560,James,Iyer,james.iyer.1560@example.com,2023-04-21,Canada,Vancouver
CUST-001561,Ben,Patel,ben.patel.1561@example.com,2023-05-30,Germany,Munich
CUST-001562,Aditi,Lopez,aditi.lopez.1562@example.com,2026-06-26,Singapore,Singapore
CUST-001563,Olivia,Patel,olivia.patel.1563@example.com,2023-04-10,Germany,Berlin
CUST-001564,Fatima,Chen,fatima.chen.1564@example.com,2021-06-03,India,Chennai
CUST-001565,Amelia,Thomas,amelia.thomas.1565@example.com,2023-02-12,Canada,Vancouver
CUST-001566,Aisha,Nair,aisha.nair.1566@example.com,2023-02-01,United Kingdom,Manchester
CUST-001567,Aarav,Mehta,aarav.mehta.1567@example.com,2021-12-16,India,Chennai
CUST-001568,Tara,Garcia,tara.garcia.1568@example.com,2025-01-03,Germany,Munich
CUST-001569,Vikram,Smith,vikram.smith.1569@example.com,2022-08-25,United Kingdom,Manchester
CUST-001570,Ben,Park,ben.park.1570@example.com,2020-05-15,United Arab Emirates,Abu Dhabi
CUST-001571,Amelia,Garcia,amelia.garcia.1571@example.com,2021-09-23,United Arab Emirates,Abu Dhabi
CUST-001572,Uma,Costa,uma.costa.1572@example.com,2024-04-18,Canada,Toronto
CUST-001573,Riya,Ali,riya.ali.1573@example.com,2021-11-16,Germany,Berlin
CUST-001574,Olivia,Mehta,olivia.mehta.1574@example.com,2023-11-14,Canada,Toronto
CUST-001575,Quinn,Lee,quinn.lee.1575@example.com,2021-04-20,Canada,Toronto
CUST-001576,Ben,Ali,ben.ali.1576@example.com,2025-05-04,Singapore,Singapore
CUST-001577,Leo,Mehta,leo.mehta.1577@example.com,2025-12-21,Canada,Toronto
CUST-001578,Isha,Wright,isha.wright.1578@example.com,2024-05-16,Germany,Munich
CUST-001579,Emma,Garcia,emma.garcia.1579@example.com,2024-11-15,United Arab Emirates,Dubai
CUST-001580,Fatima,Kapoor,fatima.kapoor.1580@example.com,2025-01-12,Canada,Vancouver
CUST-001581,Riya,Singh,riya.singh.1581@example.com,2020-06-17,United Arab Emirates,Dubai
CUST-001582,Sofia,Martin,sofia.martin.1582@example.com,2023-12-20,Germany,Munich
CUST-001583,Priya,Kapoor,priya.kapoor.1583@example.com,2023-01-21,Germany,Munich
CUST-001584,Emma,Lee,emma.lee.1584@example.com,2021-02-06,Canada,Vancouver
CUST-001585,Quinn,Ahmed,quinn.ahmed.1585@example.com,2025-03-03,Singapore,Singapore
CUST-001586,Tara,Wright,tara.wright.1586@example.com,2022-03-09,United Arab Emirates,Abu Dhabi
CUST-001587,Riya,Das,riya.das.1587@example.com,2023-07-07,United States,New York
CUST-001588,Riya,Sharma,riya.sharma.1588@example.com,2020-10-05,Canada,Toronto
CUST-001589,James,Nguyen,james.nguyen.1589@example.com,2021-03-01,United Arab Emirates,Abu Dhabi
CUST-001590,Hassan,Brown,hassan.brown.1590@example.com,2023-03-06,Germany,Munich
CUST-001591,Chen,Patel,chen.patel.1591@example.com,2021-01-11,India,Mumbai
CUST-001592,Priya,Wright,priya.wright.1592@example.com,2022-06-07,Canada,Toronto
CUST-001593,Samir,Nguyen,samir.nguyen.1593@example.com,2021-06-16,India,Hyderabad
CUST-001594,Riya,Roy,riya.roy.1594@example.com,2026-05-07,Germany,Berlin
CUST-001595,Zane,Nguyen,zane.nguyen.1595@example.com,2022-01-24,Germany,Munich
CUST-001596,Fatima,Ali,fatima.ali.1596@example.com,2020-11-06,Germany,Munich
CUST-001597,Sofia,Lee,sofia.lee.1597@example.com,2024-10-14,Canada,Vancouver
CUST-001598,Emma,Smith,emma.smith.1598@example.com,2020-10-30,Canada,Vancouver
CUST-001599,Uma,Patel,uma.patel.1599@example.com,2024-05-10,Singapore,Singapore
CUST-001600,Aditi,Lee,aditi.lee.1600@example.com,2022-12-20,Canada,Toronto
CUST-001601,Kavya,Khan,kavya.khan.1601@example.com,2022-04-01,Singapore,Singapore
CUST-001602,Ben,Lopez,ben.lopez.1602@example.com,2021-03-20,Singapore,Singapore
CUST-001603,Noah,Roy,noah.roy.1603@example.com,2022-06-13,Singapore,Singapore
CUST-001604,Sofia,Ali,sofia.ali.1604@example.com,2022-11-26,Germany,Berlin
CUST-001605,Aditi,Khan,aditi.khan.1605@example.com,2026-05-29,India,Delhi
CUST-001606,Uma,Ali,uma.ali.1606@example.com,2025-07-31,India,Bengaluru
CUST-001607,Quinn,Lopez,quinn.lopez.1607@example.com,2020-06-03,India,Hyderabad
CUST-001608,Emma,Garcia,emma.garcia.1608@example.com,2023-09-12,Germany,Munich
CUST-001609,Olivia,Sharma,olivia.sharma.1609@example.com,2025-07-02,United Arab Emirates,Abu Dhabi
CUST-001610,James,Muller,james.muller.1610@example.com,2020-10-14,Canada,Toronto
CUST-001611,Aarav,Muller,aarav.muller.1611@example.com,2025-05-28,Germany,Berlin
CUST-001612,Olivia,Martin,olivia.martin.1612@example.com,2023-09-27,United Kingdom,Birmingham
CUST-001613,Fatima,Muller,fatima.muller.1613@example.com,2021-01-06,India,Delhi
CUST-001614,Noah,Thomas,noah.thomas.1614@example.com,2020-11-25,United Kingdom,Manchester
CUST-001615,Uma,Roy,uma.roy.1615@example.com,2022-04-11,United Kingdom,London
CUST-001616,Noah,Patel,noah.patel.1616@example.com,2022-02-21,Singapore,Singapore
CUST-001617,Samir,Muller,samir.muller.1617@example.com,2024-01-11,India,Hyderabad
CUST-001618,Amelia,Young,amelia.young.1618@example.com,2024-11-28,Germany,Berlin
CUST-001619,Aisha,Patel,aisha.patel.1619@example.com,2020-04-13,United States,Austin
CUST-001620,Leo,Muller,leo.muller.1620@example.com,2026-01-23,India,Delhi
CUST-001621,Leo,Martin,leo.martin.1621@example.com,2025-01-14,Canada,Toronto
CUST-001622,Aditi,Singh,aditi.singh.1622@example.com,2023-10-15,India,Mumbai
CUST-001623,Isha,Nguyen,isha.nguyen.1623@example.com,2025-11-12,United States,Chicago
CUST-001624,Riya,Thomas,riya.thomas.1624@example.com,2026-01-06,Canada,Toronto
CUST-001625,Tara,Ahmed,tara.ahmed.1625@example.com,2020-10-22,United States,New York
CUST-001626,Tara,Garcia,tara.garcia.1626@example.com,2020-03-19,Singapore,Singapore
CUST-001627,Sofia,Kapoor,sofia.kapoor.1627@example.com,2020-07-06,United Arab Emirates,Dubai
CUST-001628,Samir,Lopez,samir.lopez.1628@example.com,2020-02-28,United States,Austin
CUST-001629,Quinn,Patel,quinn.patel.1629@example.com,2021-02-02,United Kingdom,Manchester
CUST-001630,Priya,Smith,priya.smith.1630@example.com,2020-09-18,Canada,Toronto
CUST-001631,Arjun,Chen,arjun.chen.1631@example.com,2022-06-22,United Arab Emirates,Dubai
CUST-001632,Vikram,Johnson,vikram.johnson.1632@example.com,2023-10-13,Singapore,Singapore
CUST-001633,Grace,Nguyen,grace.nguyen.1633@example.com,2026-06-17,Germany,Berlin
CUST-001634,Grace,Silva,grace.silva.1634@example.com,2022-05-23,Canada,Toronto
CUST-001635,Olivia,Smith,olivia.smith.1635@example.com,2020-09-15,United Kingdom,London
CUST-001636,Emma,Garcia,emma.garcia.1636@example.com,2024-08-27,Canada,Toronto
CUST-001637,Samir,Iyer,samir.iyer.1637@example.com,2021-11-06,United Arab Emirates,Abu Dhabi
CUST-001638,Diego,Kapoor,diego.kapoor.1638@example.com,2020-06-15,United Arab Emirates,Dubai
CUST-001639,Arjun,Park,arjun.park.1639@example.com,2024-03-20,Canada,Toronto
CUST-001640,Aarav,Young,aarav.young.1640@example.com,2020-11-26,Singapore,Singapore
CUST-001641,Aarav,Smith,aarav.smith.1641@example.com,2023-03-08,India,Hyderabad
CUST-001642,Samir,Park,samir.park.1642@example.com,2025-05-03,Canada,Toronto
CUST-001643,Chen,Garcia,chen.garcia.1643@example.com,2023-01-14,Germany,Munich
CUST-001644,James,Brown,james.brown.1644@example.com,2020-06-03,United States,Austin
CUST-001645,Samir,Chen,samir.chen.1645@example.com,2020-12-26,United Arab Emirates,Abu Dhabi
CUST-001646,Hassan,Costa,hassan.costa.1646@example.com,2026-04-03,India,Bengaluru
CUST-001647,Chen,Nguyen,chen.nguyen.1647@example.com,2021-01-26,United Arab Emirates,Abu Dhabi
CUST-001648,Yara,Roy,yara.roy.1648@example.com,2025-09-09,United Arab Emirates,Dubai
CUST-001649,Kavya,Roy,kavya.roy.1649@example.com,2022-05-02,Germany,Munich
CUST-001650,Aditi,Johnson,aditi.johnson.1650@example.com,2021-09-03,India,Hyderabad
CUST-001651,Leo,Smith,leo.smith.1651@example.com,2020-06-25,United States,New York
CUST-001652,Quinn,Iyer,quinn.iyer.1652@example.com,2022-05-08,United Kingdom,Manchester
CUST-001653,Emma,Singh,emma.singh.1653@example.com,2025-01-30,United Arab Emirates,Dubai
CUST-001654,Arjun,Mehta,arjun.mehta.1654@example.com,2026-01-10,India,Bengaluru
CUST-001655,Ben,Park,ben.park.1655@example.com,2025-06-09,India,Chennai
CUST-001656,Arjun,Khan,arjun.khan.1656@example.com,2024-12-26,United States,Seattle
CUST-001657,James,Johnson,james.johnson.1657@example.com,2023-08-27,Germany,Berlin
CUST-001658,Uma,Nguyen,uma.nguyen.1658@example.com,2022-07-21,United Kingdom,London
CUST-001659,Diego,Mehta,diego.mehta.1659@example.com,2022-03-30,Singapore,Singapore
CUST-001660,Zane,Brown,zane.brown.1660@example.com,2025-04-13,India,Chennai
CUST-001661,Leo,Patel,leo.patel.1661@example.com,2021-08-16,Singapore,Singapore
CUST-001662,Sofia,Nair,sofia.nair.1662@example.com,2021-12-30,Singapore,Singapore
CUST-001663,Hassan,Garcia,hassan.garcia.1663@example.com,2022-03-06,Singapore,Singapore
CUST-001664,Emma,Johnson,emma.johnson.1664@example.com,2021-06-05,United Kingdom,London
CUST-001665,Samir,Ahmed,samir.ahmed.1665@example.com,2023-02-23,India,Bengaluru
CUST-001666,Arjun,Thomas,arjun.thomas.1666@example.com,2025-02-21,Singapore,Singapore
CUST-001667,Ben,Roy,ben.roy.1667@example.com,2022-06-19,United Kingdom,Manchester
CUST-001668,Priya,Smith,priya.smith.1668@example.com,2021-11-27,Canada,Toronto
CUST-001669,Amelia,Costa,amelia.costa.1669@example.com,2025-11-07,Canada,Vancouver
CUST-001670,Yara,Johnson,yara.johnson.1670@example.com,2025-04-23,United Arab Emirates,Abu Dhabi
CUST-001671,Emma,Sharma,emma.sharma.1671@example.com,2024-10-19,Germany,Berlin
CUST-001672,Diego,Singh,diego.singh.1672@example.com,2026-07-01,Singapore,Singapore
CUST-001673,Zane,Kapoor,zane.kapoor.1673@example.com,2021-09-02,United Arab Emirates,Dubai
CUST-001674,James,Patel,james.patel.1674@example.com,2025-04-11,India,Chennai
CUST-001675,Aditi,Costa,aditi.costa.1675@example.com,2024-06-03,United Arab Emirates,Abu Dhabi
CUST-001676,Vikram,Park,vikram.park.1676@example.com,2021-02-05,Germany,Munich
CUST-001677,Leo,Brown,leo.brown.1677@example.com,2026-04-06,India,Mumbai
CUST-001678,Samir,Mehta,samir.mehta.1678@example.com,2022-06-11,Singapore,Singapore
CUST-001679,Hassan,Kim,hassan.kim.1679@example.com,2021-01-06,United States,New York
CUST-001680,Leo,Wright,leo.wright.1680@example.com,2021-10-24,United Kingdom,Birmingham
CUST-001681,Kavya,Thomas,kavya.thomas.1681@example.com,2026-07-18,United Arab Emirates,Dubai
CUST-001682,Kavya,Ali,kavya.ali.1682@example.com,2021-07-21,Canada,Vancouver
CUST-001683,Ben,Park,ben.park.1683@example.com,2024-02-26,Canada,Vancouver
CUST-001684,Samir,Lopez,samir.lopez.1684@example.com,2020-10-16,India,Hyderabad
CUST-001685,Zane,Das,zane.das.1685@example.com,2025-12-14,United Kingdom,London
CUST-001686,Fatima,Costa,fatima.costa.1686@example.com,2023-01-10,Canada,Toronto
CUST-001687,Vikram,Wright,vikram.wright.1687@example.com,2023-10-07,India,Mumbai
CUST-001688,Maya,Kapoor,maya.kapoor.1688@example.com,2024-01-30,Germany,Berlin
CUST-001689,Arjun,Muller,arjun.muller.1689@example.com,2025-03-21,United Kingdom,Birmingham
CUST-001690,Aditi,Iyer,aditi.iyer.1690@example.com,2021-12-18,United Kingdom,Birmingham
CUST-001691,Noah,Das,noah.das.1691@example.com,2026-04-15,India,Bengaluru
CUST-001692,Aisha,Singh,aisha.singh.1692@example.com,2026-01-19,United States,New York
CUST-001693,Quinn,Chen,quinn.chen.1693@example.com,2026-07-04,Germany,Berlin
CUST-001694,Uma,Mehta,uma.mehta.1694@example.com,2022-07-12,Canada,Vancouver
CUST-001695,Hassan,Young,hassan.young.1695@example.com,2025-08-24,United Kingdom,Birmingham
CUST-001696,James,Lee,james.lee.1696@example.com,2020-09-16,India,Delhi
CUST-001697,Hassan,Ali,hassan.ali.1697@example.com,2025-08-15,Singapore,Singapore
CUST-001698,Leo,Das,leo.das.1698@example.com,2025-12-22,United Arab Emirates,Abu Dhabi
CUST-001699,Kavya,Nair,kavya.nair.1699@example.com,2020-09-25,United Kingdom,London
CUST-001700,Zane,Young,zane.young.1700@example.com,2020-12-23,Singapore,Singapore
CUST-001701,Isha,Young,isha.young.1701@example.com,2023-03-27,United States,New York
CUST-001702,Arjun,Smith,arjun.smith.1702@example.com,2021-04-03,United Kingdom,Birmingham
CUST-001703,Aisha,Chen,aisha.chen.1703@example.com,2022-04-16,United States,New York
CUST-001704,Fatima,Costa,fatima.costa.1704@example.com,2026-01-26,Germany,Berlin
CUST-001705,Leo,Iyer,leo.iyer.1705@example.com,2024-12-23,Singapore,Singapore
CUST-001706,Fatima,Johnson,fatima.johnson.1706@example.com,2020-03-31,India,Bengaluru
CUST-001707,Wei,Wilson,wei.wilson.1707@example.com,2023-10-07,Germany,Munich
CUST-001708,Olivia,Singh,olivia.singh.1708@example.com,2023-08-29,Germany,Munich
CUST-001709,Olivia,Wright,olivia.wright.1709@example.com,2025-12-11,Germany,Munich
CUST-001710,Kavya,Kim,kavya.kim.1710@example.com,2021-06-24,United Arab Emirates,Abu Dhabi
CUST-001711,Ben,Park,ben.park.1711@example.com,2022-07-17,United Kingdom,Manchester
CUST-001712,Hassan,Kim,hassan.kim.1712@example.com,2020-07-12,Canada,Toronto
CUST-001713,Hassan,Kim,hassan.kim.1713@example.com,2021-11-12,Singapore,Singapore
CUST-001714,Samir,Martin,samir.martin.1714@example.com,2022-01-16,United Kingdom,London
CUST-001715,Wei,Das,wei.das.1715@example.com,2021-09-20,Germany,Berlin
CUST-001716,Diego,Nguyen,diego.nguyen.1716@example.com,2023-07-20,India,Chennai
CUST-001717,Aisha,Ali,aisha.ali.1717@example.com,2024-02-23,United Kingdom,London
CUST-001718,Chen,Martin,chen.martin.1718@example.com,2020-05-22,Germany,Munich
CUST-001719,Hassan,Garcia,hassan.garcia.1719@example.com,2025-01-10,United Kingdom,Birmingham
CUST-001720,Ben,Martin,ben.martin.1720@example.com,2021-05-12,United Kingdom,London
CUST-001721,Isha,Kapoor,isha.kapoor.1721@example.com,2021-08-18,Singapore,Singapore
CUST-001722,Sofia,Singh,sofia.singh.1722@example.com,2020-01-18,United States,Seattle
CUST-001723,Quinn,Das,quinn.das.1723@example.com,2025-04-25,United Kingdom,Manchester
CUST-001724,Uma,Ahmed,uma.ahmed.1724@example.com,2021-08-25,Germany,Munich
CUST-001725,Grace,Das,grace.das.1725@example.com,2025-05-15,India,Mumbai
CUST-001726,Aisha,Wright,aisha.wright.1726@example.com,2021-04-23,United Arab Emirates,Abu Dhabi
CUST-001727,Aarav,Muller,aarav.muller.1727@example.com,2022-06-21,United Arab Emirates,Abu Dhabi
CUST-001728,Hassan,Khan,hassan.khan.1728@example.com,2020-08-13,United Kingdom,Birmingham
CUST-001729,Quinn,Johnson,quinn.johnson.1729@example.com,2025-11-26,United Arab Emirates,Dubai
CUST-001730,Vikram,Kapoor,vikram.kapoor.1730@example.com,2023-02-12,Canada,Toronto
CUST-001731,Aarav,Khan,aarav.khan.1731@example.com,2024-12-29,United Arab Emirates,Dubai
CUST-001732,Maya,Muller,maya.muller.1732@example.com,2025-07-01,United States,Seattle
CUST-001733,Priya,Nair,priya.nair.1733@example.com,2020-08-17,United Arab Emirates,Abu Dhabi
CUST-001734,Isha,Garcia,isha.garcia.1734@example.com,2024-10-17,Germany,Munich
CUST-001735,Isha,Iyer,isha.iyer.1735@example.com,2023-03-11,India,Delhi
CUST-001736,Hassan,Kim,hassan.kim.1736@example.com,2026-04-16,Singapore,Singapore
CUST-001737,Chen,Mehta,chen.mehta.1737@example.com,2024-08-29,Singapore,Singapore
CUST-001738,Fatima,Smith,fatima.smith.1738@example.com,2024-10-02,Canada,Vancouver
CUST-001739,Aisha,Silva,aisha.silva.1739@example.com,2020-12-18,United Arab Emirates,Dubai
CUST-001740,Chen,Kim,chen.kim.1740@example.com,2025-11-21,Singapore,Singapore
CUST-001741,Amelia,Kapoor,amelia.kapoor.1741@example.com,2024-03-19,United Arab Emirates,Dubai
CUST-001742,Aarav,Costa,aarav.costa.1742@example.com,2023-01-24,Germany,Munich
CUST-001743,Ben,Martin,ben.martin.1743@example.com,2026-05-15,Singapore,Singapore
CUST-001744,Chen,Smith,chen.smith.1744@example.com,2024-04-12,Canada,Vancouver
CUST-001745,Noah,Chen,noah.chen.1745@example.com,2023-05-21,India,Chennai
CUST-001746,Fatima,Chen,fatima.chen.1746@example.com,2025-03-13,United Arab Emirates,Dubai
CUST-001747,Aarav,Park,aarav.park.1747@example.com,2021-09-22,India,Delhi
CUST-001748,Fatima,Lopez,fatima.lopez.1748@example.com,2025-04-19,Canada,Toronto
CUST-001749,Quinn,Wright,quinn.wright.1749@example.com,2024-09-04,United Kingdom,London
CUST-001750,Leo,Kapoor,leo.kapoor.1750@example.com,2022-09-29,Germany,Berlin
CUST-001751,Arjun,Roy,arjun.roy.1751@example.com,2025-07-12,United Kingdom,London
CUST-001752,Priya,Mehta,priya.mehta.1752@example.com,2026-07-08,United Kingdom,Manchester
CUST-001753,Olivia,Costa,olivia.costa.1753@example.com,2022-11-22,Canada,Vancouver
CUST-001754,Samir,Silva,samir.silva.1754@example.com,2024-03-08,India,Chennai
CUST-001755,Tara,Ahmed,tara.ahmed.1755@example.com,2022-11-29,India,Bengaluru
CUST-001756,Olivia,Patel,olivia.patel.1756@example.com,2023-08-02,United States,Chicago
CUST-001757,Zane,Das,zane.das.1757@example.com,2024-01-03,United States,Austin
CUST-001758,Aditi,Lee,aditi.lee.1758@example.com,2024-09-14,United Kingdom,Birmingham
CUST-001759,Sofia,Iyer,sofia.iyer.1759@example.com,2023-04-02,India,Delhi
CUST-001760,Maya,Lopez,maya.lopez.1760@example.com,2025-10-05,India,Bengaluru
CUST-001761,Uma,Lopez,uma.lopez.1761@example.com,2021-01-22,United States,Austin
CUST-001762,Noah,Singh,noah.singh.1762@example.com,2023-07-19,Canada,Vancouver
CUST-001763,Emma,Wright,emma.wright.1763@example.com,2024-01-24,Germany,Berlin
CUST-001764,Noah,Ahmed,noah.ahmed.1764@example.com,2021-08-11,United Kingdom,London
CUST-001765,Aisha,Wilson,aisha.wilson.1765@example.com,2024-03-07,United Kingdom,Manchester
CUST-001766,James,Singh,james.singh.1766@example.com,2021-02-23,United States,Austin
CUST-001767,Aisha,Wilson,aisha.wilson.1767@example.com,2022-02-10,United States,New York
CUST-001768,James,Ali,james.ali.1768@example.com,2021-04-22,India,Bengaluru
CUST-001769,Sofia,Sharma,sofia.sharma.1769@example.com,2023-11-27,Singapore,Singapore
CUST-001770,Samir,Iyer,samir.iyer.1770@example.com,2024-12-15,United States,Seattle
CUST-001771,Ben,Das,ben.das.1771@example.com,2020-04-27,United Kingdom,Birmingham
CUST-001772,Wei,Nguyen,wei.nguyen.1772@example.com,2021-06-11,United States,Austin
CUST-001773,Samir,Brown,samir.brown.1773@example.com,2021-05-28,United Kingdom,London
CUST-001774,Aisha,Khan,aisha.khan.1774@example.com,2021-04-02,Singapore,Singapore
CUST-001775,Aarav,Roy,aarav.roy.1775@example.com,2024-11-01,Singapore,Singapore
CUST-001776,Chen,Nguyen,chen.nguyen.1776@example.com,2025-10-04,India,Chennai
CUST-001777,Aditi,Chen,aditi.chen.1777@example.com,2022-11-02,India,Mumbai
CUST-001778,Amelia,Kim,amelia.kim.1778@example.com,2020-02-12,Germany,Berlin
CUST-001779,Vikram,Nguyen,vikram.nguyen.1779@example.com,2022-04-21,United Arab Emirates,Dubai
CUST-001780,Ben,Wright,ben.wright.1780@example.com,2020-04-29,United Kingdom,London
CUST-001781,Aisha,Thomas,aisha.thomas.1781@example.com,2023-02-10,Germany,Munich
CUST-001782,Hassan,Smith,hassan.smith.1782@example.com,2025-08-12,Canada,Toronto
CUST-001783,Maya,Ahmed,maya.ahmed.1783@example.com,2021-02-09,India,Chennai
CUST-001784,Uma,Sharma,uma.sharma.1784@example.com,2022-06-07,United Arab Emirates,Dubai
CUST-001785,Fatima,Smith,fatima.smith.1785@example.com,2026-01-09,Canada,Toronto
CUST-001786,Tara,Nguyen,tara.nguyen.1786@example.com,2025-08-27,United States,Chicago
CUST-001787,Hassan,Das,hassan.das.1787@example.com,2022-01-28,United Arab Emirates,Abu Dhabi
CUST-001788,Riya,Nguyen,riya.nguyen.1788@example.com,2023-12-24,United States,Chicago
CUST-001789,James,Johnson,james.johnson.1789@example.com,2022-07-21,United Arab Emirates,Abu Dhabi
CUST-001790,Arjun,Roy,arjun.roy.1790@example.com,2021-05-21,United Kingdom,Manchester
CUST-001791,Arjun,Wilson,arjun.wilson.1791@example.com,2025-07-23,United States,Seattle
CUST-001792,Samir,Kim,samir.kim.1792@example.com,2020-06-15,United Arab Emirates,Dubai
CUST-001793,Grace,Chen,grace.chen.1793@example.com,2024-04-25,India,Delhi
CUST-001794,Kavya,Nair,kavya.nair.1794@example.com,2023-07-01,Germany,Munich
CUST-001795,Diego,Martin,diego.martin.1795@example.com,2023-04-05,Singapore,Singapore
CUST-001796,Chen,Thomas,chen.thomas.1796@example.com,2025-05-02,India,Delhi
CUST-001797,Ben,Sharma,ben.sharma.1797@example.com,2025-07-06,Germany,Berlin
CUST-001798,Isha,Ali,isha.ali.1798@example.com,2020-12-14,United Arab Emirates,Dubai
CUST-001799,Aisha,Muller,aisha.muller.1799@example.com,2026-08-15,Singapore,Singapore
CUST-001800,Tara,Kapoor,tara.kapoor.1800@example.com,2020-09-22,United States,Seattle
CUST-001801,Chen,Singh,chen.singh.1801@example.com,2024-07-13,United States,New York
CUST-001802,Diego,Silva,diego.silva.1802@example.com,2025-08-06,Singapore,Singapore
CUST-001803,Uma,Das,uma.das.1803@example.com,2026-07-11,Canada,Vancouver
CUST-001804,Uma,Park,uma.park.1804@example.com,2024-06-27,Canada,Vancouver
CUST-001805,Leo,Wright,leo.wright.1805@example.com,2024-07-14,United Arab Emirates,Abu Dhabi
CUST-001806,Maya,Lee,maya.lee.1806@example.com,2025-02-05,United States,New York
CUST-001807,Arjun,Lee,arjun.lee.1807@example.com,2025-07-29,Singapore,Singapore
CUST-001808,Quinn,Garcia,quinn.garcia.1808@example.com,2021-02-11,India,Mumbai
CUST-001809,Wei,Khan,wei.khan.1809@example.com,2020-04-19,Singapore,Singapore
CUST-001810,Isha,Nair,isha.nair.1810@example.com,2023-09-01,Germany,Berlin
CUST-001811,Fatima,Nair,fatima.nair.1811@example.com,2021-01-29,United Arab Emirates,Dubai
CUST-001812,Riya,Roy,riya.roy.1812@example.com,2025-07-09,United Arab Emirates,Abu Dhabi
CUST-001813,Chen,Kim,chen.kim.1813@example.com,2025-08-01,Germany,Munich
CUST-001814,Maya,Lee,maya.lee.1814@example.com,2023-11-08,United Arab Emirates,Dubai
CUST-001815,Uma,Patel,uma.patel.1815@example.com,2021-05-02,Singapore,Singapore
CUST-001816,Kavya,Singh,kavya.singh.1816@example.com,2024-03-21,Canada,Vancouver
CUST-001817,Kavya,Patel,kavya.patel.1817@example.com,2021-12-25,India,Chennai
CUST-001818,Riya,Thomas,riya.thomas.1818@example.com,2023-05-26,Canada,Toronto
CUST-001819,Leo,Costa,leo.costa.1819@example.com,2023-07-03,United States,Chicago
CUST-001820,Leo,Roy,leo.roy.1820@example.com,2026-05-19,India,Hyderabad
CUST-001821,Riya,Martin,riya.martin.1821@example.com,2026-01-18,Germany,Munich
CUST-001822,Leo,Martin,leo.martin.1822@example.com,2021-10-02,Canada,Toronto
CUST-001823,Isha,Lee,isha.lee.1823@example.com,2024-03-27,Singapore,Singapore
CUST-001824,Uma,Kim,uma.kim.1824@example.com,2020-09-08,United Kingdom,London
CUST-001825,Olivia,Patel,olivia.patel.1825@example.com,2024-02-09,United States,Seattle
CUST-001826,Vikram,Mehta,vikram.mehta.1826@example.com,2020-04-20,United Arab Emirates,Abu Dhabi
CUST-001827,Isha,Nguyen,isha.nguyen.1827@example.com,2023-11-14,Singapore,Singapore
CUST-001828,James,Iyer,james.iyer.1828@example.com,2022-09-27,India,Bengaluru
CUST-001829,Diego,Lopez,diego.lopez.1829@example.com,2020-12-13,United Kingdom,Birmingham
CUST-001830,Amelia,Thomas,amelia.thomas.1830@example.com,2021-04-13,United Kingdom,Manchester
CUST-001831,Ben,Sharma,ben.sharma.1831@example.com,2023-08-28,United Arab Emirates,Dubai
CUST-001832,Kavya,Wright,kavya.wright.1832@example.com,2024-09-26,Canada,Vancouver
CUST-001833,Emma,Sharma,emma.sharma.1833@example.com,2025-04-07,Germany,Berlin
CUST-001834,Grace,Muller,grace.muller.1834@example.com,2024-05-17,United Arab Emirates,Abu Dhabi
CUST-001835,Olivia,Nguyen,olivia.nguyen.1835@example.com,2025-06-23,Canada,Toronto
CUST-001836,Samir,Wright,samir.wright.1836@example.com,2023-10-08,United States,Chicago
CUST-001837,Maya,Park,maya.park.1837@example.com,2023-10-22,Canada,Toronto
CUST-001838,Priya,Kim,priya.kim.1838@example.com,2024-11-20,United Kingdom,London
CUST-001839,Leo,Lopez,leo.lopez.1839@example.com,2020-11-04,Canada,Toronto
CUST-001840,Fatima,Lee,fatima.lee.1840@example.com,2023-05-02,India,Chennai
CUST-001841,Isha,Park,isha.park.1841@example.com,2021-01-11,United States,New York
CUST-001842,Olivia,Singh,olivia.singh.1842@example.com,2020-10-02,United Kingdom,Birmingham
CUST-001843,Vikram,Wilson,vikram.wilson.1843@example.com,2024-10-15,Singapore,Singapore
CUST-001844,Hassan,Park,hassan.park.1844@example.com,2023-05-21,India,Chennai
CUST-001845,Vikram,Kim,vikram.kim.1845@example.com,2026-01-20,Singapore,Singapore
CUST-001846,Chen,Costa,chen.costa.1846@example.com,2022-10-26,Singapore,Singapore
CUST-001847,Riya,Roy,riya.roy.1847@example.com,2022-01-09,United Arab Emirates,Dubai
CUST-001848,Quinn,Das,quinn.das.1848@example.com,2022-02-03,United Arab Emirates,Abu Dhabi
CUST-001849,Chen,Wright,chen.wright.1849@example.com,2025-03-29,Canada,Vancouver
CUST-001850,Sofia,Lopez,sofia.lopez.1850@example.com,2024-11-11,United Arab Emirates,Dubai
CUST-001851,Maya,Johnson,maya.johnson.1851@example.com,2025-03-09,United Kingdom,London
CUST-001852,Diego,Garcia,diego.garcia.1852@example.com,2023-05-14,Germany,Munich
CUST-001853,James,Singh,james.singh.1853@example.com,2020-09-20,Canada,Toronto
CUST-001854,Yara,Costa,yara.costa.1854@example.com,2023-03-21,United Kingdom,Birmingham
CUST-001855,Ben,Lee,ben.lee.1855@example.com,2022-08-25,Germany,Munich
CUST-001856,Diego,Nguyen,diego.nguyen.1856@example.com,2022-02-25,United States,New York
CUST-001857,Diego,Park,diego.park.1857@example.com,2023-06-25,Canada,Vancouver
CUST-001858,Leo,Martin,leo.martin.1858@example.com,2024-09-24,Singapore,Singapore
CUST-001859,Chen,Smith,chen.smith.1859@example.com,2021-07-12,United Kingdom,London
CUST-001860,Emma,Park,emma.park.1860@example.com,2023-02-11,Canada,Toronto
CUST-001861,Quinn,Thomas,quinn.thomas.1861@example.com,2025-06-13,India,Mumbai
CUST-001862,Aditi,Thomas,aditi.thomas.1862@example.com,2023-07-09,India,Chennai
CUST-001863,Fatima,Thomas,fatima.thomas.1863@example.com,2024-07-25,India,Delhi
CUST-001864,Riya,Wright,riya.wright.1864@example.com,2024-06-13,India,Bengaluru
CUST-001865,Diego,Nguyen,diego.nguyen.1865@example.com,2025-08-11,United Arab Emirates,Dubai
CUST-001866,Maya,Wright,maya.wright.1866@example.com,2026-07-05,Canada,Vancouver
CUST-001867,Leo,Young,leo.young.1867@example.com,2022-09-02,India,Chennai
CUST-001868,Arjun,Roy,arjun.roy.1868@example.com,2023-07-07,Canada,Vancouver
CUST-001869,Wei,Ahmed,wei.ahmed.1869@example.com,2024-05-16,Germany,Berlin
CUST-001870,Sofia,Costa,sofia.costa.1870@example.com,2021-08-13,United States,New York
CUST-001871,Ben,Johnson,ben.johnson.1871@example.com,2024-12-05,United Kingdom,Manchester
CUST-001872,Emma,Thomas,emma.thomas.1872@example.com,2020-08-17,United Arab Emirates,Abu Dhabi
CUST-001873,Noah,Iyer,noah.iyer.1873@example.com,2021-04-07,Germany,Munich
CUST-001874,Noah,Costa,noah.costa.1874@example.com,2022-10-06,Singapore,Singapore
CUST-001875,Zane,Park,zane.park.1875@example.com,2024-01-26,United States,Chicago
CUST-001876,Samir,Iyer,samir.iyer.1876@example.com,2023-06-16,Canada,Toronto
CUST-001877,Quinn,Young,quinn.young.1877@example.com,2020-05-22,United Arab Emirates,Dubai
CUST-001878,Samir,Kapoor,samir.kapoor.1878@example.com,2022-09-08,Canada,Vancouver
CUST-001879,Noah,Muller,noah.muller.1879@example.com,2024-01-26,United Kingdom,Birmingham
CUST-001880,Arjun,Martin,arjun.martin.1880@example.com,2022-08-26,Canada,Vancouver
CUST-001881,Isha,Sharma,isha.sharma.1881@example.com,2022-11-12,Singapore,Singapore
CUST-001882,Amelia,Kapoor,amelia.kapoor.1882@example.com,2022-08-22,Canada,Vancouver
CUST-001883,Chen,Thomas,chen.thomas.1883@example.com,2024-12-02,United States,Seattle
CUST-001884,Zane,Park,zane.park.1884@example.com,2024-07-22,Canada,Toronto
CUST-001885,Emma,Thomas,emma.thomas.1885@example.com,2025-07-06,India,Hyderabad
CUST-001886,Tara,Costa,tara.costa.1886@example.com,2023-09-24,Canada,Vancouver
CUST-001887,Zane,Kapoor,zane.kapoor.1887@example.com,2021-02-15,Canada,Toronto
CUST-001888,Samir,Lee,samir.lee.1888@example.com,2020-09-28,United Arab Emirates,Abu Dhabi
CUST-001889,James,Nair,james.nair.1889@example.com,2026-02-21,Germany,Munich
CUST-001890,Kavya,Das,kavya.das.1890@example.com,2020-08-01,India,Bengaluru
CUST-001891,Quinn,Ali,quinn.ali.1891@example.com,2021-07-11,Canada,Toronto
CUST-001892,Isha,Johnson,isha.johnson.1892@example.com,2023-06-05,Germany,Munich
CUST-001893,Olivia,Khan,olivia.khan.1893@example.com,2021-10-08,India,Bengaluru
CUST-001894,Maya,Das,maya.das.1894@example.com,2021-06-16,Canada,Vancouver
CUST-001895,Vikram,Singh,vikram.singh.1895@example.com,2025-05-13,Singapore,Singapore
CUST-001896,Emma,Smith,emma.smith.1896@example.com,2023-09-03,Germany,Munich
CUST-001897,Chen,Khan,chen.khan.1897@example.com,2024-02-14,Singapore,Singapore
CUST-001898,Isha,Young,isha.young.1898@example.com,2026-05-25,Singapore,Singapore
CUST-001899,Aarav,Sharma,aarav.sharma.1899@example.com,2022-07-25,United Arab Emirates,Dubai
CUST-001900,Kavya,Johnson,kavya.johnson.1900@example.com,2021-11-22,United Kingdom,London
CUST-001901,Isha,Nair,isha.nair.1901@example.com,2022-12-01,Singapore,Singapore
CUST-001902,Amelia,Iyer,amelia.iyer.1902@example.com,2026-05-12,United States,New York
CUST-001903,Aarav,Das,aarav.das.1903@example.com,2024-11-17,United Arab Emirates,Abu Dhabi
CUST-001904,Wei,Wright,wei.wright.1904@example.com,2021-04-30,Singapore,Singapore
CUST-001905,Samir,Johnson,samir.johnson.1905@example.com,2022-12-26,United States,Seattle
CUST-001906,Tara,Chen,tara.chen.1906@example.com,2021-06-17,Singapore,Singapore
CUST-001907,Yara,Johnson,yara.johnson.1907@example.com,2022-06-01,United Arab Emirates,Abu Dhabi
CUST-001908,Tara,Wright,tara.wright.1908@example.com,2024-09-09,United States,Austin
CUST-001909,James,Park,james.park.1909@example.com,2020-04-27,United States,Seattle
CUST-001910,Emma,Brown,emma.brown.1910@example.com,2025-01-21,United Arab Emirates,Dubai
CUST-001911,Hassan,Ahmed,hassan.ahmed.1911@example.com,2025-02-19,Germany,Berlin
CUST-001912,Aarav,Chen,aarav.chen.1912@example.com,2023-08-17,United States,Chicago
CUST-001913,Riya,Johnson,riya.johnson.1913@example.com,2024-04-19,Germany,Munich
CUST-001914,Tara,Nair,tara.nair.1914@example.com,2020-10-26,United Kingdom,London
CUST-001915,Noah,Patel,noah.patel.1915@example.com,2023-09-25,India,Bengaluru
CUST-001916,Leo,Kapoor,leo.kapoor.1916@example.com,2020-07-05,United Kingdom,London
CUST-001917,Emma,Wilson,emma.wilson.1917@example.com,2024-04-09,United Arab Emirates,Abu Dhabi
CUST-001918,Isha,Wright,isha.wright.1918@example.com,2021-06-25,United Kingdom,Birmingham
CUST-001919,Aditi,Ahmed,aditi.ahmed.1919@example.com,2022-12-02,United States,Austin
CUST-001920,Maya,Chen,maya.chen.1920@example.com,2025-04-01,United Kingdom,London
CUST-001921,Amelia,Singh,amelia.singh.1921@example.com,2025-12-12,Germany,Munich
CUST-001922,Aisha,Lee,aisha.lee.1922@example.com,2023-07-07,India,Mumbai
CUST-001923,Aisha,Chen,aisha.chen.1923@example.com,2023-02-24,Canada,Vancouver
CUST-001924,Sofia,Costa,sofia.costa.1924@example.com,2022-12-14,United Kingdom,Birmingham
CUST-001925,Wei,Roy,wei.roy.1925@example.com,2025-10-18,United Kingdom,Manchester
CUST-001926,James,Young,james.young.1926@example.com,2023-07-16,United States,Chicago
CUST-001927,Uma,Garcia,uma.garcia.1927@example.com,2024-12-07,United Arab Emirates,Dubai
CUST-001928,Chen,Garcia,chen.garcia.1928@example.com,2022-07-30,India,Bengaluru
CUST-001929,Aditi,Chen,aditi.chen.1929@example.com,2021-10-31,United Kingdom,Birmingham
CUST-001930,Kavya,Costa,kavya.costa.1930@example.com,2025-07-20,India,Mumbai
CUST-001931,Kavya,Iyer,kavya.iyer.1931@example.com,2026-04-16,Germany,Munich
CUST-001932,Kavya,Chen,kavya.chen.1932@example.com,2021-08-29,India,Mumbai
CUST-001933,Hassan,Khan,hassan.khan.1933@example.com,2023-03-09,United States,Austin
CUST-001934,Wei,Smith,wei.smith.1934@example.com,2025-09-14,Germany,Munich
CUST-001935,Olivia,Young,olivia.young.1935@example.com,2026-07-26,Germany,Berlin
CUST-001936,Olivia,Sharma,olivia.sharma.1936@example.com,2026-05-26,United Arab Emirates,Dubai
CUST-001937,James,Kapoor,james.kapoor.1937@example.com,2022-10-05,India,Hyderabad
CUST-001938,Riya,Nguyen,riya.nguyen.1938@example.com,2020-04-16,United Kingdom,Manchester
CUST-001939,Riya,Wright,riya.wright.1939@example.com,2024-06-02,India,Delhi
CUST-001940,Olivia,Kapoor,olivia.kapoor.1940@example.com,2023-08-18,India,Bengaluru
CUST-001941,Aarav,Khan,aarav.khan.1941@example.com,2025-05-19,Singapore,Singapore
CUST-001942,Quinn,Lee,quinn.lee.1942@example.com,2020-01-24,United Arab Emirates,Abu Dhabi
CUST-001943,Aditi,Lopez,aditi.lopez.1943@example.com,2025-01-29,United Arab Emirates,Abu Dhabi
CUST-001944,Tara,Mehta,tara.mehta.1944@example.com,2026-05-20,Canada,Toronto
CUST-001945,Chen,Thomas,chen.thomas.1945@example.com,2023-03-04,India,Delhi
CUST-001946,Vikram,Patel,vikram.patel.1946@example.com,2020-10-16,Germany,Munich
CUST-001947,Amelia,Muller,amelia.muller.1947@example.com,2021-12-30,United Kingdom,London
CUST-001948,Uma,Thomas,uma.thomas.1948@example.com,2020-12-31,Singapore,Singapore
CUST-001949,Yara,Johnson,yara.johnson.1949@example.com,2024-05-10,United States,Chicago
CUST-001950,Fatima,Lopez,fatima.lopez.1950@example.com,2021-09-23,Canada,Toronto
CUST-001951,Fatima,Chen,fatima.chen.1951@example.com,2024-11-05,Canada,Vancouver
CUST-001952,Zane,Wright,zane.wright.1952@example.com,2021-06-21,United Arab Emirates,Abu Dhabi
CUST-001953,Riya,Nguyen,riya.nguyen.1953@example.com,2024-02-14,Canada,Toronto
CUST-001954,Leo,Ali,leo.ali.1954@example.com,2025-05-05,Singapore,Singapore
CUST-001955,Olivia,Nair,olivia.nair.1955@example.com,2021-01-04,Singapore,Singapore
CUST-001956,Vikram,Iyer,vikram.iyer.1956@example.com,2022-02-02,United Arab Emirates,Abu Dhabi
CUST-001957,Quinn,Costa,quinn.costa.1957@example.com,2020-06-14,India,Chennai
CUST-001958,Grace,Ali,grace.ali.1958@example.com,2022-07-07,Germany,Berlin
CUST-001959,Sofia,Chen,sofia.chen.1959@example.com,2025-11-19,United Arab Emirates,Dubai
CUST-001960,Fatima,Ali,fatima.ali.1960@example.com,2020-11-20,Singapore,Singapore
CUST-001961,Fatima,Garcia,fatima.garcia.1961@example.com,2023-05-15,United States,Austin
CUST-001962,Maya,Costa,maya.costa.1962@example.com,2026-05-17,United Kingdom,London
CUST-001963,Noah,Khan,noah.khan.1963@example.com,2025-10-03,India,Mumbai
CUST-001964,Maya,Costa,maya.costa.1964@example.com,2021-01-22,Singapore,Singapore
CUST-001965,Riya,Mehta,riya.mehta.1965@example.com,2022-11-03,United Arab Emirates,Abu Dhabi
CUST-001966,Emma,Ahmed,emma.ahmed.1966@example.com,2025-08-24,India,Mumbai
CUST-001967,Arjun,Mehta,arjun.mehta.1967@example.com,2025-03-10,Germany,Berlin
CUST-001968,Vikram,Smith,vikram.smith.1968@example.com,2024-05-28,Canada,Toronto
CUST-001969,Amelia,Costa,amelia.costa.1969@example.com,2023-05-04,Germany,Munich
CUST-001970,Olivia,Mehta,olivia.mehta.1970@example.com,2025-01-16,Singapore,Singapore
CUST-001971,Grace,Kapoor,grace.kapoor.1971@example.com,2022-02-05,Canada,Toronto
CUST-001972,Ben,Khan,ben.khan.1972@example.com,2022-11-28,Germany,Berlin
CUST-001973,James,Martin,james.martin.1973@example.com,2020-01-24,India,Hyderabad
CUST-001974,Arjun,Sharma,arjun.sharma.1974@example.com,2025-05-08,United States,Chicago
CUST-001975,Samir,Muller,samir.muller.1975@example.com,2025-06-16,Canada,Vancouver
CUST-001976,Priya,Silva,priya.silva.1976@example.com,2024-01-17,United Arab Emirates,Abu Dhabi
CUST-001977,Vikram,Kim,vikram.kim.1977@example.com,2021-05-27,India,Bengaluru
CUST-001978,Aarav,Johnson,aarav.johnson.1978@example.com,2020-03-06,India,Bengaluru
CUST-001979,Yara,Sharma,yara.sharma.1979@example.com,2025-05-24,United States,Austin
CUST-001980,Quinn,Brown,quinn.brown.1980@example.com,2026-01-15,Singapore,Singapore
CUST-001981,Amelia,Kim,amelia.kim.1981@example.com,2025-03-13,Canada,Toronto
CUST-001982,Leo,Costa,leo.costa.1982@example.com,2021-04-22,India,Bengaluru
CUST-001983,Zane,Garcia,zane.garcia.1983@example.com,2024-12-28,Germany,Munich
CUST-001984,Leo,Sharma,leo.sharma.1984@example.com,2025-01-15,Canada,Toronto
CUST-001985,Chen,Kim,chen.kim.1985@example.com,2024-05-23,United Arab Emirates,Dubai
CUST-001986,Grace,Sharma,grace.sharma.1986@example.com,2024-11-03,India,Hyderabad
CUST-001987,Yara,Chen,yara.chen.1987@example.com,2026-06-28,Germany,Munich
CUST-001988,Aditi,Chen,aditi.chen.1988@example.com,2025-06-14,Singapore,Singapore
CUST-001989,Diego,Das,diego.das.1989@example.com,2025-12-03,India,Mumbai
CUST-001990,James,Ahmed,james.ahmed.1990@example.com,2026-03-16,United Kingdom,London
CUST-001991,Emma,Young,emma.young.1991@example.com,2024-09-04,Germany,Munich
CUST-001992,Arjun,Chen,arjun.chen.1992@example.com,2023-11-21,United Arab Emirates,Abu Dhabi
CUST-001993,Samir,Costa,samir.costa.1993@example.com,2021-10-22,India,Delhi
CUST-001994,Tara,Johnson,tara.johnson.1994@example.com,2023-11-09,Singapore,Singapore
CUST-001995,Diego,Wilson,diego.wilson.1995@example.com,2026-08-04,United States,Seattle
CUST-001996,Sofia,Nair,sofia.nair.1996@example.com,2025-04-02,Canada,Toronto
CUST-001997,Zane,Kim,zane.kim.1997@example.com,2024-05-17,Germany,Munich
CUST-001998,Wei,Wright,wei.wright.1998@example.com,2024-01-15,Germany,Munich
CUST-001999,Vikram,Thomas,vikram.thomas.1999@example.com,2022-04-28,United States,Seattle
CUST-002000,Samir,Mehta,samir.mehta.2000@example.com,2025-05-31,India,Bengaluru
CUST-002001,Ben,Johnson,ben.johnson.2001@example.com,2025-07-08,United States,New York
CUST-002002,Vikram,Costa,vikram.costa.2002@example.com,2023-05-28,Singapore,Singapore
CUST-002003,Chen,Martin,chen.martin.2003@example.com,2020-03-15,India,Delhi
CUST-002004,Zane,Lee,zane.lee.2004@example.com,2021-10-11,United Kingdom,London
CUST-002005,Wei,Thomas,wei.thomas.2005@example.com,2020-05-10,United Arab Emirates,Dubai
CUST-002006,Grace,Costa,grace.costa.2006@example.com,2022-07-17,India,Mumbai
CUST-002007,Noah,Brown,noah.brown.2007@example.com,2022-11-22,Singapore,Singapore
CUST-002008,Vikram,Iyer,vikram.iyer.2008@example.com,2020-07-10,Canada,Vancouver
CUST-002009,Zane,Garcia,zane.garcia.2009@example.com,2025-10-12,Canada,Toronto
CUST-002010,Samir,Patel,samir.patel.2010@example.com,2025-02-15,Singapore,Singapore
CUST-002011,Arjun,Park,arjun.park.2011@example.com,2021-02-21,United Arab Emirates,Dubai
CUST-002012,Maya,Nguyen,maya.nguyen.2012@example.com,2021-04-28,United States,Austin
CUST-002013,Sofia,Iyer,sofia.iyer.2013@example.com,2023-04-11,United States,Chicago
CUST-002014,Uma,Wilson,uma.wilson.2014@example.com,2021-02-10,Singapore,Singapore
CUST-002015,Quinn,Iyer,quinn.iyer.2015@example.com,2021-07-18,United Kingdom,London
CUST-002016,Yara,Johnson,yara.johnson.2016@example.com,2024-08-29,Singapore,Singapore
CUST-002017,Diego,Silva,diego.silva.2017@example.com,2025-04-24,Canada,Vancouver
CUST-002018,Fatima,Wilson,fatima.wilson.2018@example.com,2020-12-15,United States,Seattle
CUST-002019,Hassan,Das,hassan.das.2019@example.com,2024-08-26,Canada,Vancouver
CUST-002020,Quinn,Wright,quinn.wright.2020@example.com,2021-09-12,United States,Chicago
CUST-002021,Vikram,Brown,vikram.brown.2021@example.com,2024-10-22,United States,Chicago
CUST-002022,Sofia,Costa,sofia.costa.2022@example.com,2025-10-15,Singapore,Singapore
CUST-002023,Aarav,Ali,aarav.ali.2023@example.com,2020-02-10,United States,New York
CUST-002024,Amelia,Singh,amelia.singh.2024@example.com,2024-07-03,United Kingdom,London
CUST-002025,James,Patel,james.patel.2025@example.com,2020-05-31,Singapore,Singapore
CUST-002026,Zane,Ahmed,zane.ahmed.2026@example.com,2025-10-30,India,Delhi
CUST-002027,James,Muller,james.muller.2027@example.com,2026-03-17,Germany,Munich
CUST-002028,Tara,Mehta,tara.mehta.2028@example.com,2023-11-10,United Kingdom,London
CUST-002029,Wei,Lee,wei.lee.2029@example.com,2021-08-24,United Arab Emirates,Abu Dhabi
CUST-002030,Kavya,Lopez,kavya.lopez.2030@example.com,2026-02-07,United States,Chicago
CUST-002031,Samir,Iyer,samir.iyer.2031@example.com,2024-07-14,Canada,Toronto
CUST-002032,Zane,Kim,zane.kim.2032@example.com,2020-05-31,India,Chennai
CUST-002033,Grace,Muller,grace.muller.2033@example.com,2021-05-31,Germany,Munich
CUST-002034,Chen,Khan,chen.khan.2034@example.com,2026-03-10,United Arab Emirates,Abu Dhabi
CUST-002035,Maya,Singh,maya.singh.2035@example.com,2021-10-17,Canada,Toronto
CUST-002036,Aarav,Young,aarav.young.2036@example.com,2026-01-20,Canada,Vancouver
CUST-002037,Diego,Silva,diego.silva.2037@example.com,2023-05-29,Canada,Vancouver
CUST-002038,Maya,Nguyen,maya.nguyen.2038@example.com,2020-09-02,Germany,Munich
CUST-002039,Emma,Lopez,emma.lopez.2039@example.com,2023-12-22,United Arab Emirates,Dubai
CUST-002040,Aditi,Roy,aditi.roy.2040@example.com,2021-05-25,Germany,Munich
CUST-002041,Fatima,Ahmed,fatima.ahmed.2041@example.com,2020-01-22,Germany,Munich
CUST-002042,Grace,Brown,grace.brown.2042@example.com,2026-07-10,Canada,Toronto
CUST-002043,Hassan,Kim,hassan.kim.2043@example.com,2026-06-04,United Kingdom,Birmingham
CUST-002044,Aisha,Das,aisha.das.2044@example.com,2025-10-29,Singapore,Singapore
CUST-002045,Arjun,Singh,arjun.singh.2045@example.com,2026-07-13,United Arab Emirates,Dubai
CUST-002046,Wei,Roy,wei.roy.2046@example.com,2025-02-03,United Kingdom,London
CUST-002047,Aisha,Das,aisha.das.2047@example.com,2024-08-14,Singapore,Singapore
CUST-002048,Amelia,Patel,amelia.patel.2048@example.com,2021-06-16,Singapore,Singapore
CUST-002049,Chen,Ali,chen.ali.2049@example.com,2024-02-21,India,Chennai
CUST-002050,Isha,Ahmed,isha.ahmed.2050@example.com,2025-10-26,United Arab Emirates,Abu Dhabi
CUST-002051,Yara,Lee,yara.lee.2051@example.com,2025-08-05,United Arab Emirates,Abu Dhabi
CUST-002052,Kavya,Das,kavya.das.2052@example.com,2024-09-03,Singapore,Singapore
CUST-002053,Aisha,Wilson,aisha.wilson.2053@example.com,2025-06-08,United States,Chicago
CUST-002054,Aisha,Das,aisha.das.2054@example.com,2025-12-07,United Arab Emirates,Dubai
CUST-002055,Samir,Johnson,samir.johnson.2055@example.com,2025-04-22,Singapore,Singapore
CUST-002056,Tara,Smith,tara.smith.2056@example.com,2024-02-21,United Arab Emirates,Dubai
CUST-002057,Priya,Thomas,priya.thomas.2057@example.com,2021-03-27,Singapore,Singapore
CUST-002058,Hassan,Ahmed,hassan.ahmed.2058@example.com,2020-06-13,United Kingdom,Birmingham
CUST-002059,Aisha,Nguyen,aisha.nguyen.2059@example.com,2023-06-02,United Kingdom,Manchester
CUST-002060,Fatima,Kim,fatima.kim.2060@example.com,2020-04-24,Singapore,Singapore
CUST-002061,Aisha,Park,aisha.park.2061@example.com,2024-09-23,United Arab Emirates,Dubai
CUST-002062,Sofia,Young,sofia.young.2062@example.com,2023-03-07,United Kingdom,London
CUST-002063,Ben,Silva,ben.silva.2063@example.com,2025-06-25,Germany,Berlin
CUST-002064,Arjun,Martin,arjun.martin.2064@example.com,2020-10-03,United Kingdom,London
CUST-002065,James,Chen,james.chen.2065@example.com,2023-06-22,United Arab Emirates,Abu Dhabi
CUST-002066,Zane,Singh,zane.singh.2066@example.com,2024-03-25,Canada,Vancouver
CUST-002067,Wei,Mehta,wei.mehta.2067@example.com,2021-06-27,Canada,Toronto
CUST-002068,Maya,Lopez,maya.lopez.2068@example.com,2025-01-16,Singapore,Singapore
CUST-002069,Aisha,Thomas,aisha.thomas.2069@example.com,2023-08-25,Germany,Berlin
CUST-002070,Vikram,Nair,vikram.nair.2070@example.com,2024-08-04,Germany,Munich
CUST-002071,Diego,Young,diego.young.2071@example.com,2023-10-20,Singapore,Singapore
CUST-002072,Riya,Young,riya.young.2072@example.com,2023-02-10,Singapore,Singapore
CUST-002073,Yara,Smith,yara.smith.2073@example.com,2020-04-11,Germany,Munich
CUST-002074,Noah,Lopez,noah.lopez.2074@example.com,2026-04-10,India,Mumbai
CUST-002075,Chen,Nair,chen.nair.2075@example.com,2026-06-20,United Arab Emirates,Dubai
CUST-002076,Olivia,Wilson,olivia.wilson.2076@example.com,2025-05-03,United States,New York
CUST-002077,Arjun,Wright,arjun.wright.2077@example.com,2022-01-06,United Arab Emirates,Dubai
CUST-002078,Emma,Park,emma.park.2078@example.com,2022-10-01,United States,Chicago
CUST-002079,Amelia,Park,amelia.park.2079@example.com,2023-08-05,United Arab Emirates,Abu Dhabi
CUST-002080,Olivia,Patel,olivia.patel.2080@example.com,2020-04-05,Singapore,Singapore
CUST-002081,James,Smith,james.smith.2081@example.com,2020-04-08,Singapore,Singapore
CUST-002082,Isha,Lee,isha.lee.2082@example.com,2021-04-14,India,Mumbai
CUST-002083,Noah,Smith,noah.smith.2083@example.com,2021-08-12,United Kingdom,London
CUST-002084,Emma,Roy,emma.roy.2084@example.com,2021-09-23,India,Delhi
CUST-002085,James,Wright,james.wright.2085@example.com,2020-08-29,United States,Seattle
CUST-002086,Ben,Sharma,ben.sharma.2086@example.com,2020-08-27,Germany,Munich
CUST-002087,Isha,Nguyen,isha.nguyen.2087@example.com,2021-08-06,United Kingdom,Manchester
CUST-002088,Zane,Singh,zane.singh.2088@example.com,2024-03-18,United Kingdom,London
CUST-002089,Aditi,Johnson,aditi.johnson.2089@example.com,2026-07-28,United States,Austin
CUST-002090,Leo,Wilson,leo.wilson.2090@example.com,2025-08-28,Canada,Vancouver
CUST-002091,Arjun,Lee,arjun.lee.2091@example.com,2023-07-27,India,Hyderabad
CUST-002092,Noah,Costa,noah.costa.2092@example.com,2025-06-06,India,Mumbai
CUST-002093,James,Lopez,james.lopez.2093@example.com,2020-03-17,United States,Seattle
CUST-002094,Noah,Ahmed,noah.ahmed.2094@example.com,2021-02-19,Germany,Berlin
CUST-002095,Uma,Martin,uma.martin.2095@example.com,2021-05-29,Germany,Munich
CUST-002096,Olivia,Costa,olivia.costa.2096@example.com,2020-12-09,Singapore,Singapore
CUST-002097,Vikram,Garcia,vikram.garcia.2097@example.com,2026-01-22,United Kingdom,London
CUST-002098,Vikram,Brown,vikram.brown.2098@example.com,2024-10-01,United Arab Emirates,Abu Dhabi
CUST-002099,Aditi,Sharma,aditi.sharma.2099@example.com,2025-03-18,Canada,Vancouver
CUST-002100,Quinn,Smith,quinn.smith.2100@example.com,2020-09-03,India,Hyderabad
CUST-002101,Emma,Nair,emma.nair.2101@example.com,2024-04-06,United Kingdom,Manchester
CUST-002102,Wei,Lopez,wei.lopez.2102@example.com,2026-07-24,United States,Seattle
CUST-002103,Aditi,Smith,aditi.smith.2103@example.com,2025-12-27,Germany,Berlin
CUST-002104,Fatima,Khan,fatima.khan.2104@example.com,2021-05-18,Singapore,Singapore
CUST-002105,Tara,Martin,tara.martin.2105@example.com,2024-11-04,United Kingdom,London
CUST-002106,Priya,Wilson,priya.wilson.2106@example.com,2023-07-27,Canada,Vancouver
CUST-002107,Quinn,Lee,quinn.lee.2107@example.com,2025-01-28,Canada,Vancouver
CUST-002108,Diego,Wright,diego.wright.2108@example.com,2023-10-31,United Kingdom,London
CUST-002109,Kavya,Nair,kavya.nair.2109@example.com,2020-03-06,United Kingdom,Birmingham
CUST-002110,Aisha,Lopez,aisha.lopez.2110@example.com,2025-05-05,India,Mumbai
CUST-002111,Zane,Sharma,zane.sharma.2111@example.com,2021-12-11,Germany,Munich
CUST-002112,Noah,Young,noah.young.2112@example.com,2025-06-25,Germany,Munich
CUST-002113,Noah,Khan,noah.khan.2113@example.com,2020-11-13,Canada,Toronto
CUST-002114,Zane,Silva,zane.silva.2114@example.com,2024-12-28,Canada,Toronto
CUST-002115,Hassan,Silva,hassan.silva.2115@example.com,2024-01-06,Singapore,Singapore
CUST-002116,Ben,Silva,ben.silva.2116@example.com,2020-02-04,Canada,Toronto
CUST-002117,Kavya,Iyer,kavya.iyer.2117@example.com,2024-12-25,United States,New York
CUST-002118,Diego,Mehta,diego.mehta.2118@example.com,2023-02-25,India,Delhi
CUST-002119,Chen,Khan,chen.khan.2119@example.com,2023-05-26,Canada,Toronto
CUST-002120,Diego,Chen,diego.chen.2120@example.com,2020-05-30,United Kingdom,Manchester
CUST-002121,Leo,Young,leo.young.2121@example.com,2022-05-06,Germany,Berlin
CUST-002122,Chen,Silva,chen.silva.2122@example.com,2024-06-10,Germany,Berlin
CUST-002123,Yara,Lee,yara.lee.2123@example.com,2025-08-11,United Arab Emirates,Abu Dhabi
CUST-002124,Ben,Martin,ben.martin.2124@example.com,2026-05-06,United States,Austin
CUST-002125,Amelia,Ahmed,amelia.ahmed.2125@example.com,2020-09-23,United States,Austin
CUST-002126,Emma,Kapoor,emma.kapoor.2126@example.com,2022-07-22,United Arab Emirates,Abu Dhabi
CUST-002127,Chen,Thomas,chen.thomas.2127@example.com,2020-04-04,Germany,Munich
CUST-002128,Riya,Martin,riya.martin.2128@example.com,2020-01-09,Singapore,Singapore
CUST-002129,Quinn,Wright,quinn.wright.2129@example.com,2020-07-31,Germany,Munich
CUST-002130,James,Thomas,james.thomas.2130@example.com,2023-01-27,Singapore,Singapore
CUST-002131,Riya,Wilson,riya.wilson.2131@example.com,2025-07-22,Singapore,Singapore
CUST-002132,Maya,Roy,maya.roy.2132@example.com,2022-07-08,India,Mumbai
CUST-002133,Emma,Kapoor,emma.kapoor.2133@example.com,2025-12-20,Singapore,Singapore
CUST-002134,Grace,Sharma,grace.sharma.2134@example.com,2022-03-08,Singapore,Singapore
CUST-002135,Amelia,Young,amelia.young.2135@example.com,2020-04-13,United Arab Emirates,Dubai
CUST-002136,Samir,Costa,samir.costa.2136@example.com,2022-10-20,India,Bengaluru
CUST-002137,Ben,Singh,ben.singh.2137@example.com,2020-09-14,United Kingdom,Birmingham
CUST-002138,Quinn,Nguyen,quinn.nguyen.2138@example.com,2025-05-19,India,Hyderabad
CUST-002139,Vikram,Sharma,vikram.sharma.2139@example.com,2023-10-01,United Arab Emirates,Abu Dhabi
CUST-002140,Diego,Nguyen,diego.nguyen.2140@example.com,2022-09-03,Singapore,Singapore
CUST-002141,Wei,Patel,wei.patel.2141@example.com,2023-09-28,Canada,Toronto
CUST-002142,Amelia,Roy,amelia.roy.2142@example.com,2024-12-01,United Arab Emirates,Dubai
CUST-002143,Quinn,Ali,quinn.ali.2143@example.com,2021-05-26,United Arab Emirates,Dubai
CUST-002144,Aditi,Kapoor,aditi.kapoor.2144@example.com,2024-03-25,India,Delhi
CUST-002145,Zane,Thomas,zane.thomas.2145@example.com,2020-09-23,Germany,Berlin
CUST-002146,Aditi,Kapoor,aditi.kapoor.2146@example.com,2024-12-15,Canada,Toronto
CUST-002147,Fatima,Nair,fatima.nair.2147@example.com,2024-11-03,Germany,Berlin
CUST-002148,Arjun,Wright,arjun.wright.2148@example.com,2026-04-09,India,Mumbai
CUST-002149,Fatima,Thomas,fatima.thomas.2149@example.com,2024-07-03,Singapore,Singapore
CUST-002150,Priya,Roy,priya.roy.2150@example.com,2022-08-12,Singapore,Singapore
CUST-002151,Kavya,Muller,kavya.muller.2151@example.com,2024-10-19,Singapore,Singapore
CUST-002152,Grace,Lopez,grace.lopez.2152@example.com,2020-04-16,Germany,Munich
CUST-002153,Maya,Singh,maya.singh.2153@example.com,2022-02-27,United Arab Emirates,Dubai
CUST-002154,Arjun,Sharma,arjun.sharma.2154@example.com,2020-10-03,United Arab Emirates,Dubai
CUST-002155,Zane,Ahmed,zane.ahmed.2155@example.com,2025-09-15,United States,Seattle
CUST-002156,Hassan,Costa,hassan.costa.2156@example.com,2024-12-26,Singapore,Singapore
CUST-002157,Diego,Garcia,diego.garcia.2157@example.com,2020-06-29,Canada,Toronto
CUST-002158,Aisha,Kim,aisha.kim.2158@example.com,2024-11-20,United Arab Emirates,Abu Dhabi
CUST-002159,Fatima,Ahmed,fatima.ahmed.2159@example.com,2021-08-19,United Arab Emirates,Dubai
CUST-002160,Leo,Kim,leo.kim.2160@example.com,2023-11-05,United Arab Emirates,Abu Dhabi
CUST-002161,Hassan,Sharma,hassan.sharma.2161@example.com,2026-07-30,United Arab Emirates,Dubai
CUST-002162,Aditi,Brown,aditi.brown.2162@example.com,2026-04-10,United Arab Emirates,Dubai
CUST-002163,James,Iyer,james.iyer.2163@example.com,2022-03-31,United States,Austin
CUST-002164,Vikram,Khan,vikram.khan.2164@example.com,2022-02-14,United Kingdom,Birmingham
CUST-002165,Leo,Das,leo.das.2165@example.com,2025-03-29,Germany,Munich
CUST-002166,Yara,Ahmed,yara.ahmed.2166@example.com,2023-10-06,United Arab Emirates,Abu Dhabi
CUST-002167,James,Singh,james.singh.2167@example.com,2021-03-05,United States,Chicago
CUST-002168,Zane,Park,zane.park.2168@example.com,2025-07-24,India,Bengaluru
CUST-002169,Sofia,Sharma,sofia.sharma.2169@example.com,2022-07-02,Germany,Berlin
CUST-002170,Kavya,Nair,kavya.nair.2170@example.com,2022-09-06,United States,Chicago
CUST-002171,Tara,Roy,tara.roy.2171@example.com,2023-09-19,Canada,Vancouver
CUST-002172,Chen,Muller,chen.muller.2172@example.com,2020-01-28,United States,Seattle
CUST-002173,Aarav,Khan,aarav.khan.2173@example.com,2020-05-02,United Kingdom,Birmingham
CUST-002174,Arjun,Garcia,arjun.garcia.2174@example.com,2024-12-08,United Kingdom,London
CUST-002175,Quinn,Ahmed,quinn.ahmed.2175@example.com,2024-01-14,Canada,Toronto
CUST-002176,Aarav,Johnson,aarav.johnson.2176@example.com,2023-03-09,United States,Austin
CUST-002177,Diego,Young,diego.young.2177@example.com,2021-12-14,United Kingdom,Manchester
CUST-002178,Yara,Martin,yara.martin.2178@example.com,2022-01-01,United States,Austin
CUST-002179,Aarav,Smith,aarav.smith.2179@example.com,2022-12-08,Canada,Toronto
CUST-002180,Aarav,Silva,aarav.silva.2180@example.com,2021-07-16,Germany,Munich
CUST-002181,Quinn,Park,quinn.park.2181@example.com,2023-10-18,India,Bengaluru
CUST-002182,Fatima,Ali,fatima.ali.2182@example.com,2024-02-23,United States,Seattle
CUST-002183,Riya,Smith,riya.smith.2183@example.com,2024-11-11,United Arab Emirates,Dubai
CUST-002184,Arjun,Garcia,arjun.garcia.2184@example.com,2022-02-15,United States,Austin
CUST-002185,Noah,Muller,noah.muller.2185@example.com,2024-03-12,Germany,Munich
CUST-002186,Priya,Costa,priya.costa.2186@example.com,2022-09-28,Germany,Berlin
CUST-002187,Uma,Nair,uma.nair.2187@example.com,2022-02-13,United Arab Emirates,Abu Dhabi
CUST-002188,Vikram,Garcia,vikram.garcia.2188@example.com,2022-10-09,United Kingdom,London
CUST-002189,Quinn,Park,quinn.park.2189@example.com,2021-06-01,United Kingdom,Birmingham
CUST-002190,Olivia,Young,olivia.young.2190@example.com,2022-05-07,Singapore,Singapore
CUST-002191,Vikram,Chen,vikram.chen.2191@example.com,2020-09-22,Canada,Toronto
CUST-002192,Maya,Muller,maya.muller.2192@example.com,2025-09-16,Canada,Vancouver
CUST-002193,Leo,Wilson,leo.wilson.2193@example.com,2022-01-03,Singapore,Singapore
CUST-002194,Samir,Iyer,samir.iyer.2194@example.com,2025-06-02,United Arab Emirates,Abu Dhabi
CUST-002195,Leo,Lee,leo.lee.2195@example.com,2024-06-30,United Arab Emirates,Dubai
CUST-002196,Chen,Brown,chen.brown.2196@example.com,2025-01-25,United States,Austin
CUST-002197,Isha,Johnson,isha.johnson.2197@example.com,2024-10-06,United Kingdom,Manchester
CUST-002198,Olivia,Smith,olivia.smith.2198@example.com,2024-03-12,Canada,Vancouver
CUST-002199,Noah,Khan,noah.khan.2199@example.com,2020-12-10,United States,Seattle
CUST-002200,Kavya,Wilson,kavya.wilson.2200@example.com,2022-07-31,United Kingdom,Birmingham
CUST-002201,Aditi,Ali,aditi.ali.2201@example.com,2023-10-09,United Arab Emirates,Abu Dhabi
CUST-002202,Kavya,Ali,kavya.ali.2202@example.com,2024-08-02,Singapore,Singapore
CUST-002203,Vikram,Chen,vikram.chen.2203@example.com,2023-01-23,United Kingdom,Manchester
CUST-002204,Aarav,Smith,aarav.smith.2204@example.com,2022-08-15,Singapore,Singapore
CUST-002205,Quinn,Khan,quinn.khan.2205@example.com,2020-12-03,United Kingdom,Manchester
CUST-002206,Wei,Wilson,wei.wilson.2206@example.com,2026-02-17,United Arab Emirates,Dubai
CUST-002207,Vikram,Lee,vikram.lee.2207@example.com,2021-02-07,United States,New York
CUST-002208,Amelia,Iyer,amelia.iyer.2208@example.com,2026-02-14,India,Bengaluru
CUST-002209,Grace,Johnson,grace.johnson.2209@example.com,2023-09-10,Germany,Munich
CUST-002210,Fatima,Mehta,fatima.mehta.2210@example.com,2023-01-29,Canada,Toronto
CUST-002211,Samir,Nair,samir.nair.2211@example.com,2026-02-02,United States,Seattle
CUST-002212,Aarav,Roy,aarav.roy.2212@example.com,2023-02-28,United Kingdom,Manchester
CUST-002213,Vikram,Muller,vikram.muller.2213@example.com,2026-07-03,Singapore,Singapore
CUST-002214,Leo,Lopez,leo.lopez.2214@example.com,2021-09-03,United Arab Emirates,Abu Dhabi
CUST-002215,Diego,Brown,diego.brown.2215@example.com,2022-05-09,Germany,Munich
CUST-002216,Diego,Wilson,diego.wilson.2216@example.com,2026-03-13,United Arab Emirates,Abu Dhabi
CUST-002217,Tara,Silva,tara.silva.2217@example.com,2023-10-27,Singapore,Singapore
CUST-002218,Grace,Thomas,grace.thomas.2218@example.com,2024-10-22,United States,Chicago
CUST-002219,Chen,Ali,chen.ali.2219@example.com,2026-04-06,Singapore,Singapore
CUST-002220,Hassan,Garcia,hassan.garcia.2220@example.com,2021-06-09,United Arab Emirates,Abu Dhabi
CUST-002221,Tara,Sharma,tara.sharma.2221@example.com,2023-12-23,Singapore,Singapore
CUST-002222,Diego,Costa,diego.costa.2222@example.com,2024-07-10,Singapore,Singapore
CUST-002223,Grace,Ahmed,grace.ahmed.2223@example.com,2026-05-13,India,Mumbai
CUST-002224,Sofia,Garcia,sofia.garcia.2224@example.com,2023-09-14,United States,Chicago
CUST-002225,Isha,Johnson,isha.johnson.2225@example.com,2020-09-17,Singapore,Singapore
CUST-002226,Chen,Chen,chen.chen.2226@example.com,2023-09-08,India,Chennai
CUST-002227,Kavya,Lopez,kavya.lopez.2227@example.com,2021-01-16,United Kingdom,London
CUST-002228,Arjun,Wright,arjun.wright.2228@example.com,2021-12-28,United Arab Emirates,Dubai
CUST-002229,Wei,Das,wei.das.2229@example.com,2025-06-24,United Arab Emirates,Dubai
CUST-002230,Ben,Johnson,ben.johnson.2230@example.com,2024-04-29,India,Delhi
CUST-002231,Chen,Brown,chen.brown.2231@example.com,2025-11-17,United Kingdom,London
CUST-002232,Kavya,Patel,kavya.patel.2232@example.com,2025-10-24,United Kingdom,London
CUST-002233,Ben,Singh,ben.singh.2233@example.com,2024-08-09,Canada,Vancouver
CUST-002234,Ben,Nguyen,ben.nguyen.2234@example.com,2026-01-06,United States,Chicago
CUST-002235,Leo,Mehta,leo.mehta.2235@example.com,2024-05-12,India,Bengaluru
CUST-002236,Aisha,Thomas,aisha.thomas.2236@example.com,2023-06-22,United States,Chicago
CUST-002237,Wei,Das,wei.das.2237@example.com,2025-04-28,Germany,Berlin
CUST-002238,Priya,Ahmed,priya.ahmed.2238@example.com,2026-08-03,United Kingdom,London
CUST-002239,Maya,Das,maya.das.2239@example.com,2025-02-22,Germany,Munich
CUST-002240,Chen,Sharma,chen.sharma.2240@example.com,2024-12-30,United States,New York
CUST-002241,Wei,Muller,wei.muller.2241@example.com,2022-10-08,United Arab Emirates,Abu Dhabi
CUST-002242,Sofia,Ahmed,sofia.ahmed.2242@example.com,2025-02-27,Singapore,Singapore
CUST-002243,Olivia,Patel,olivia.patel.2243@example.com,2021-01-08,Germany,Munich
CUST-002244,Quinn,Young,quinn.young.2244@example.com,2023-11-21,Singapore,Singapore
CUST-002245,Isha,Nair,isha.nair.2245@example.com,2021-12-18,Canada,Vancouver
CUST-002246,Diego,Smith,diego.smith.2246@example.com,2024-11-04,United Arab Emirates,Abu Dhabi
CUST-002247,Isha,Kapoor,isha.kapoor.2247@example.com,2022-01-21,Germany,Berlin
CUST-002248,Isha,Das,isha.das.2248@example.com,2022-09-08,India,Bengaluru
CUST-002249,Emma,Young,emma.young.2249@example.com,2026-01-11,Germany,Munich
CUST-002250,Riya,Kapoor,riya.kapoor.2250@example.com,2022-06-08,India,Hyderabad
CUST-002251,James,Roy,james.roy.2251@example.com,2021-05-11,United Arab Emirates,Abu Dhabi
CUST-002252,Amelia,Roy,amelia.roy.2252@example.com,2025-08-28,India,Delhi
CUST-002253,James,Ali,james.ali.2253@example.com,2022-11-01,United States,Austin
CUST-002254,Maya,Patel,maya.patel.2254@example.com,2020-04-19,Singapore,Singapore
CUST-002255,Quinn,Das,quinn.das.2255@example.com,2025-03-06,Germany,Munich
CUST-002256,Grace,Mehta,grace.mehta.2256@example.com,2022-03-07,Singapore,Singapore
CUST-002257,Aditi,Sharma,aditi.sharma.2257@example.com,2021-04-14,United Kingdom,Birmingham
CUST-002258,Sofia,Garcia,sofia.garcia.2258@example.com,2025-03-16,United Kingdom,Manchester
CUST-002259,Kavya,Khan,kavya.khan.2259@example.com,2026-02-24,India,Bengaluru
CUST-002260,Samir,Ali,samir.ali.2260@example.com,2025-04-12,United States,Seattle
CUST-002261,Wei,Smith,wei.smith.2261@example.com,2020-03-14,United States,New York
CUST-002262,Ben,Kim,ben.kim.2262@example.com,2025-12-29,India,Hyderabad
CUST-002263,Ben,Khan,ben.khan.2263@example.com,2020-02-15,Germany,Munich
CUST-002264,Aisha,Ali,aisha.ali.2264@example.com,2021-12-29,United Kingdom,London
CUST-002265,Samir,Patel,samir.patel.2265@example.com,2025-12-20,Germany,Berlin
CUST-002266,Kavya,Das,kavya.das.2266@example.com,2025-11-11,India,Mumbai
CUST-002267,Isha,Das,isha.das.2267@example.com,2024-12-23,United Kingdom,London
CUST-002268,Priya,Sharma,priya.sharma.2268@example.com,2024-03-25,India,Bengaluru
CUST-002269,Sofia,Brown,sofia.brown.2269@example.com,2022-09-04,United Kingdom,London
CUST-002270,Amelia,Sharma,amelia.sharma.2270@example.com,2020-04-24,Singapore,Singapore
CUST-002271,Grace,Silva,grace.silva.2271@example.com,2020-09-15,United States,Austin
CUST-002272,Zane,Nguyen,zane.nguyen.2272@example.com,2021-11-18,Canada,Toronto
CUST-002273,Aditi,Costa,aditi.costa.2273@example.com,2021-03-17,United Arab Emirates,Abu Dhabi
CUST-002274,Grace,Martin,grace.martin.2274@example.com,2022-02-15,Germany,Berlin
CUST-002275,Sofia,Martin,sofia.martin.2275@example.com,2024-10-18,Singapore,Singapore
CUST-002276,Diego,Johnson,diego.johnson.2276@example.com,2023-12-31,India,Delhi
CUST-002277,Ben,Sharma,ben.sharma.2277@example.com,2023-07-19,Singapore,Singapore
CUST-002278,Isha,Johnson,isha.johnson.2278@example.com,2022-06-20,Singapore,Singapore
CUST-002279,Riya,Silva,riya.silva.2279@example.com,2024-02-20,United Kingdom,London
CUST-002280,Amelia,Young,amelia.young.2280@example.com,2024-08-10,United States,Seattle
CUST-002281,Uma,Nair,uma.nair.2281@example.com,2021-02-21,Singapore,Singapore
CUST-002282,Emma,Nguyen,emma.nguyen.2282@example.com,2023-08-21,United Arab Emirates,Abu Dhabi
CUST-002283,Riya,Kapoor,riya.kapoor.2283@example.com,2021-06-28,Canada,Vancouver
CUST-002284,Ben,Lopez,ben.lopez.2284@example.com,2023-07-26,Canada,Vancouver
CUST-002285,Amelia,Singh,amelia.singh.2285@example.com,2026-07-24,India,Hyderabad
CUST-002286,Isha,Wilson,isha.wilson.2286@example.com,2022-08-10,Germany,Berlin
CUST-002287,Diego,Sharma,diego.sharma.2287@example.com,2021-05-23,United Arab Emirates,Abu Dhabi
CUST-002288,Diego,Mehta,diego.mehta.2288@example.com,2022-09-24,Singapore,Singapore
CUST-002289,Aditi,Garcia,aditi.garcia.2289@example.com,2025-08-04,United Kingdom,Manchester
CUST-002290,Chen,Garcia,chen.garcia.2290@example.com,2022-04-17,Singapore,Singapore
CUST-002291,Diego,Kapoor,diego.kapoor.2291@example.com,2024-12-22,Germany,Munich
CUST-002292,Aisha,Lee,aisha.lee.2292@example.com,2020-06-11,United Kingdom,Birmingham
CUST-002293,Vikram,Costa,vikram.costa.2293@example.com,2023-03-27,Germany,Berlin
CUST-002294,Diego,Thomas,diego.thomas.2294@example.com,2023-09-18,Germany,Munich
CUST-002295,Diego,Johnson,diego.johnson.2295@example.com,2020-08-09,United Arab Emirates,Dubai
CUST-002296,Vikram,Wright,vikram.wright.2296@example.com,2022-06-30,Germany,Munich
CUST-002297,Maya,Singh,maya.singh.2297@example.com,2024-12-16,United States,New York
CUST-002298,Amelia,Thomas,amelia.thomas.2298@example.com,2020-10-13,Singapore,Singapore
CUST-002299,Aditi,Lopez,aditi.lopez.2299@example.com,2022-04-16,United States,Austin
CUST-002300,Amelia,Smith,amelia.smith.2300@example.com,2026-02-26,United Arab Emirates,Dubai
CUST-002301,Diego,Wilson,diego.wilson.2301@example.com,2024-10-11,India,Hyderabad
CUST-002302,Fatima,Smith,fatima.smith.2302@example.com,2022-03-20,Germany,Berlin
CUST-002303,James,Smith,james.smith.2303@example.com,2022-10-16,United Arab Emirates,Abu Dhabi
CUST-002304,Fatima,Ahmed,fatima.ahmed.2304@example.com,2022-04-04,Singapore,Singapore
CUST-002305,Yara,Park,yara.park.2305@example.com,2020-11-23,Singapore,Singapore
CUST-002306,Isha,Muller,isha.muller.2306@example.com,2025-04-12,United States,Chicago
CUST-002307,James,Wilson,james.wilson.2307@example.com,2024-11-10,United Arab Emirates,Dubai
CUST-002308,Wei,Park,wei.park.2308@example.com,2020-03-22,Singapore,Singapore
CUST-002309,James,Thomas,james.thomas.2309@example.com,2023-05-14,India,Chennai
CUST-002310,Noah,Garcia,noah.garcia.2310@example.com,2021-12-20,United Arab Emirates,Abu Dhabi
CUST-002311,Isha,Ali,isha.ali.2311@example.com,2025-01-31,United Kingdom,Manchester
CUST-002312,Isha,Martin,isha.martin.2312@example.com,2025-05-23,United Arab Emirates,Dubai
CUST-002313,Grace,Garcia,grace.garcia.2313@example.com,2025-04-06,Germany,Berlin
CUST-002314,Aisha,Kapoor,aisha.kapoor.2314@example.com,2020-01-18,United States,New York
CUST-002315,Yara,Wilson,yara.wilson.2315@example.com,2024-03-12,Germany,Munich
CUST-002316,Isha,Kapoor,isha.kapoor.2316@example.com,2024-06-04,Singapore,Singapore
CUST-002317,Isha,Chen,isha.chen.2317@example.com,2026-08-06,United Kingdom,London
CUST-002318,James,Young,james.young.2318@example.com,2021-05-24,India,Hyderabad
CUST-002319,Sofia,Ahmed,sofia.ahmed.2319@example.com,2022-03-06,United States,Chicago
CUST-002320,Emma,Roy,emma.roy.2320@example.com,2023-11-28,Canada,Vancouver
CUST-002321,Quinn,Das,quinn.das.2321@example.com,2020-08-24,United Kingdom,Birmingham
CUST-002322,Isha,Kapoor,isha.kapoor.2322@example.com,2022-10-07,Singapore,Singapore
CUST-002323,Leo,Patel,leo.patel.2323@example.com,2024-01-20,Canada,Toronto
CUST-002324,Samir,Wright,samir.wright.2324@example.com,2021-08-28,Germany,Munich
CUST-002325,Priya,Ali,priya.ali.2325@example.com,2021-08-26,Germany,Munich
CUST-002326,Diego,Nair,diego.nair.2326@example.com,2021-10-23,United Arab Emirates,Dubai
CUST-002327,Arjun,Roy,arjun.roy.2327@example.com,2024-04-23,India,Hyderabad
CUST-002328,Samir,Ahmed,samir.ahmed.2328@example.com,2025-10-24,India,Bengaluru
CUST-002329,Zane,Costa,zane.costa.2329@example.com,2024-10-14,United States,Seattle
CUST-002330,Samir,Kim,samir.kim.2330@example.com,2025-12-23,United Arab Emirates,Abu Dhabi
CUST-002331,Olivia,Kim,olivia.kim.2331@example.com,2024-08-12,Germany,Berlin
CUST-002332,Arjun,Lopez,arjun.lopez.2332@example.com,2023-11-11,United Arab Emirates,Dubai
CUST-002333,Emma,Mehta,emma.mehta.2333@example.com,2024-06-18,United States,Seattle
CUST-002334,Aarav,Smith,aarav.smith.2334@example.com,2025-07-07,Canada,Toronto
CUST-002335,Arjun,Khan,arjun.khan.2335@example.com,2024-09-07,Canada,Vancouver
CUST-002336,Quinn,Kim,quinn.kim.2336@example.com,2024-10-31,Germany,Berlin
CUST-002337,Ben,Iyer,ben.iyer.2337@example.com,2021-07-04,United States,Austin
CUST-002338,Leo,Smith,leo.smith.2338@example.com,2021-03-27,United Arab Emirates,Abu Dhabi
CUST-002339,Olivia,Silva,olivia.silva.2339@example.com,2022-01-30,United States,Austin
CUST-002340,Aditi,Mehta,aditi.mehta.2340@example.com,2022-02-24,United States,Seattle
CUST-002341,Zane,Thomas,zane.thomas.2341@example.com,2024-12-10,Singapore,Singapore
CUST-002342,Yara,Lopez,yara.lopez.2342@example.com,2020-11-22,United States,Seattle
CUST-002343,Amelia,Muller,amelia.muller.2343@example.com,2023-02-07,India,Mumbai
CUST-002344,Grace,Sharma,grace.sharma.2344@example.com,2022-08-19,United Arab Emirates,Abu Dhabi
CUST-002345,Leo,Wright,leo.wright.2345@example.com,2021-02-16,Canada,Toronto
CUST-002346,Aditi,Lee,aditi.lee.2346@example.com,2020-01-30,Canada,Toronto
CUST-002347,Arjun,Johnson,arjun.johnson.2347@example.com,2020-01-30,United Arab Emirates,Abu Dhabi
CUST-002348,Priya,Wilson,priya.wilson.2348@example.com,2022-12-24,Canada,Vancouver
CUST-002349,Leo,Roy,leo.roy.2349@example.com,2024-10-25,United Kingdom,Manchester
CUST-002350,Hassan,Wright,hassan.wright.2350@example.com,2023-07-15,United Kingdom,London
CUST-002351,Hassan,Wright,hassan.wright.2351@example.com,2024-03-30,Singapore,Singapore
CUST-002352,Hassan,Thomas,hassan.thomas.2352@example.com,2021-02-14,United Kingdom,London
CUST-002353,Kavya,Thomas,kavya.thomas.2353@example.com,2024-07-03,Germany,Berlin
CUST-002354,Aarav,Nair,aarav.nair.2354@example.com,2025-12-13,India,Delhi
CUST-002355,Samir,Roy,samir.roy.2355@example.com,2022-10-15,Canada,Vancouver
CUST-002356,Kavya,Nair,kavya.nair.2356@example.com,2025-04-30,Germany,Munich
CUST-002357,Riya,Johnson,riya.johnson.2357@example.com,2023-08-12,India,Mumbai
CUST-002358,Quinn,Iyer,quinn.iyer.2358@example.com,2020-07-06,Canada,Vancouver
CUST-002359,Riya,Ali,riya.ali.2359@example.com,2025-06-07,United States,Chicago
CUST-002360,Tara,Nair,tara.nair.2360@example.com,2020-11-29,Canada,Vancouver
CUST-002361,James,Kapoor,james.kapoor.2361@example.com,2021-02-15,Singapore,Singapore
CUST-002362,Fatima,Nair,fatima.nair.2362@example.com,2021-08-09,United States,New York
CUST-002363,Aisha,Chen,aisha.chen.2363@example.com,2020-12-22,Canada,Vancouver
CUST-002364,Wei,Wright,wei.wright.2364@example.com,2025-03-27,United Arab Emirates,Dubai
CUST-002365,Zane,Ali,zane.ali.2365@example.com,2025-05-28,India,Chennai
CUST-002366,Diego,Brown,diego.brown.2366@example.com,2021-11-29,United States,New York
CUST-002367,Arjun,Costa,arjun.costa.2367@example.com,2020-04-29,Germany,Berlin
CUST-002368,Sofia,Kapoor,sofia.kapoor.2368@example.com,2024-04-19,United Kingdom,Manchester
CUST-002369,Diego,Mehta,diego.mehta.2369@example.com,2025-05-04,United Kingdom,Birmingham
CUST-002370,Arjun,Wright,arjun.wright.2370@example.com,2025-12-29,United States,Chicago
CUST-002371,Amelia,Park,amelia.park.2371@example.com,2023-09-25,Germany,Berlin
CUST-002372,Sofia,Ahmed,sofia.ahmed.2372@example.com,2020-09-21,Canada,Vancouver
CUST-002373,Isha,Kapoor,isha.kapoor.2373@example.com,2024-04-12,Germany,Munich
CUST-002374,Vikram,Brown,vikram.brown.2374@example.com,2022-11-27,United States,New York
CUST-002375,Fatima,Khan,fatima.khan.2375@example.com,2020-12-31,India,Delhi
CUST-002376,Tara,Ahmed,tara.ahmed.2376@example.com,2021-04-20,United States,Seattle
CUST-002377,Aisha,Thomas,aisha.thomas.2377@example.com,2024-04-06,United Kingdom,Birmingham
CUST-002378,Tara,Sharma,tara.sharma.2378@example.com,2020-09-10,United Kingdom,Birmingham
CUST-002379,Noah,Johnson,noah.johnson.2379@example.com,2024-05-08,Canada,Vancouver
CUST-002380,Grace,Roy,grace.roy.2380@example.com,2021-06-01,United Kingdom,Birmingham
CUST-002381,Riya,Nair,riya.nair.2381@example.com,2022-06-28,United Arab Emirates,Dubai
CUST-002382,Isha,Sharma,isha.sharma.2382@example.com,2025-03-01,United Arab Emirates,Abu Dhabi
CUST-002383,Aisha,Silva,aisha.silva.2383@example.com,2022-06-15,United Kingdom,Manchester
CUST-002384,Riya,Ali,riya.ali.2384@example.com,2023-03-06,United States,Austin
CUST-002385,Tara,Wright,tara.wright.2385@example.com,2020-05-20,Canada,Vancouver
CUST-002386,Fatima,Wilson,fatima.wilson.2386@example.com,2021-05-20,Germany,Munich
CUST-002387,Yara,Das,yara.das.2387@example.com,2025-05-13,United Arab Emirates,Dubai
CUST-002388,Leo,Kim,leo.kim.2388@example.com,2024-03-22,Germany,Berlin
CUST-002389,Vikram,Singh,vikram.singh.2389@example.com,2022-05-12,United States,Austin
CUST-002390,Samir,Mehta,samir.mehta.2390@example.com,2022-01-03,India,Hyderabad
CUST-002391,Tara,Muller,tara.muller.2391@example.com,2021-10-14,United Kingdom,London
CUST-002392,Noah,Muller,noah.muller.2392@example.com,2024-09-26,United Kingdom,Birmingham
CUST-002393,Leo,Iyer,leo.iyer.2393@example.com,2024-05-22,Canada,Vancouver
CUST-002394,Amelia,Wilson,amelia.wilson.2394@example.com,2023-03-05,Germany,Munich
CUST-002395,Samir,Kapoor,samir.kapoor.2395@example.com,2026-02-22,United States,Chicago
CUST-002396,Arjun,Garcia,arjun.garcia.2396@example.com,2026-07-05,United Kingdom,London
CUST-002397,Yara,Kapoor,yara.kapoor.2397@example.com,2023-05-30,Germany,Munich
CUST-002398,Quinn,Smith,quinn.smith.2398@example.com,2021-07-17,United Arab Emirates,Abu Dhabi
CUST-002399,Samir,Chen,samir.chen.2399@example.com,2021-08-16,United Kingdom,London
CUST-002400,Chen,Park,chen.park.2400@example.com,2022-03-12,Germany,Berlin
CUST-002401,Hassan,Mehta,hassan.mehta.2401@example.com,2026-06-15,Canada,Toronto
CUST-002402,Riya,Park,riya.park.2402@example.com,2021-08-27,Canada,Vancouver
CUST-002403,James,Wright,james.wright.2403@example.com,2021-11-20,Canada,Toronto
CUST-002404,Arjun,Iyer,arjun.iyer.2404@example.com,2022-01-05,Singapore,Singapore
CUST-002405,Arjun,Wilson,arjun.wilson.2405@example.com,2023-10-18,Germany,Munich
CUST-002406,Aisha,Lopez,aisha.lopez.2406@example.com,2024-07-12,Germany,Berlin
CUST-002407,Aditi,Nguyen,aditi.nguyen.2407@example.com,2024-06-12,United States,Chicago
CUST-002408,Fatima,Das,fatima.das.2408@example.com,2021-12-07,United Arab Emirates,Abu Dhabi
CUST-002409,Uma,Das,uma.das.2409@example.com,2021-01-02,Canada,Vancouver
CUST-002410,Yara,Silva,yara.silva.2410@example.com,2024-04-14,Germany,Munich
CUST-002411,Quinn,Lopez,quinn.lopez.2411@example.com,2024-02-13,Singapore,Singapore
CUST-002412,Arjun,Nguyen,arjun.nguyen.2412@example.com,2021-05-14,India,Hyderabad
CUST-002413,Quinn,Wright,quinn.wright.2413@example.com,2022-07-10,United Arab Emirates,Dubai
CUST-002414,Olivia,Ahmed,olivia.ahmed.2414@example.com,2025-05-18,United Arab Emirates,Abu Dhabi
CUST-002415,Samir,Mehta,samir.mehta.2415@example.com,2022-01-11,India,Hyderabad
CUST-002416,Leo,Lopez,leo.lopez.2416@example.com,2024-11-11,Germany,Munich
CUST-002417,Olivia,Garcia,olivia.garcia.2417@example.com,2023-08-25,India,Mumbai
CUST-002418,Samir,Kapoor,samir.kapoor.2418@example.com,2026-01-10,Canada,Toronto
CUST-002419,Isha,Silva,isha.silva.2419@example.com,2020-03-21,Germany,Munich
CUST-002420,Noah,Silva,noah.silva.2420@example.com,2025-12-11,United Arab Emirates,Abu Dhabi
CUST-002421,Amelia,Wilson,amelia.wilson.2421@example.com,2026-07-23,Canada,Toronto
CUST-002422,Uma,Roy,uma.roy.2422@example.com,2021-04-25,United States,Austin
CUST-002423,Yara,Nair,yara.nair.2423@example.com,2022-01-07,Germany,Berlin
CUST-002424,Noah,Ali,noah.ali.2424@example.com,2023-07-11,Canada,Toronto
CUST-002425,Aditi,Garcia,aditi.garcia.2425@example.com,2022-04-24,United Arab Emirates,Dubai
CUST-002426,Amelia,Martin,amelia.martin.2426@example.com,2020-05-23,United Kingdom,London
CUST-002427,Arjun,Wilson,arjun.wilson.2427@example.com,2024-01-29,United Kingdom,Birmingham
CUST-002428,Ben,Costa,ben.costa.2428@example.com,2020-01-01,Germany,Berlin
CUST-002429,Fatima,Patel,fatima.patel.2429@example.com,2023-04-16,United Arab Emirates,Abu Dhabi
CUST-002430,Aisha,Ahmed,aisha.ahmed.2430@example.com,2023-07-05,Singapore,Singapore
CUST-002431,Priya,Martin,priya.martin.2431@example.com,2022-05-09,United Arab Emirates,Dubai
CUST-002432,Riya,Silva,riya.silva.2432@example.com,2022-08-29,India,Mumbai
CUST-002433,Chen,Garcia,chen.garcia.2433@example.com,2022-05-31,United Kingdom,London
CUST-002434,Priya,Martin,priya.martin.2434@example.com,2024-01-10,United States,Seattle
CUST-002435,Aisha,Mehta,aisha.mehta.2435@example.com,2024-09-24,United Arab Emirates,Dubai
CUST-002436,Noah,Lee,noah.lee.2436@example.com,2024-04-12,United Kingdom,Birmingham
CUST-002437,Zane,Smith,zane.smith.2437@example.com,2025-02-11,Singapore,Singapore
CUST-002438,Emma,Wright,emma.wright.2438@example.com,2021-08-09,Singapore,Singapore
CUST-002439,Amelia,Lopez,amelia.lopez.2439@example.com,2023-01-08,Germany,Berlin
CUST-002440,Samir,Iyer,samir.iyer.2440@example.com,2025-09-25,United Arab Emirates,Dubai
CUST-002441,James,Silva,james.silva.2441@example.com,2023-07-19,United States,Chicago
CUST-002442,Isha,Sharma,isha.sharma.2442@example.com,2022-10-10,United Arab Emirates,Dubai
CUST-002443,Emma,Nguyen,emma.nguyen.2443@example.com,2021-03-26,United Arab Emirates,Abu Dhabi
CUST-002444,Amelia,Singh,amelia.singh.2444@example.com,2020-12-30,Germany,Munich
CUST-002445,Sofia,Singh,sofia.singh.2445@example.com,2023-01-24,Canada,Toronto
CUST-002446,Yara,Park,yara.park.2446@example.com,2023-01-25,United States,New York
CUST-002447,Arjun,Muller,arjun.muller.2447@example.com,2024-03-30,United States,New York
CUST-002448,Vikram,Kapoor,vikram.kapoor.2448@example.com,2021-12-20,India,Chennai
CUST-002449,Tara,Young,tara.young.2449@example.com,2026-08-08,United Kingdom,Manchester
CUST-002450,Arjun,Wilson,arjun.wilson.2450@example.com,2026-06-01,United Kingdom,Manchester
CUST-002451,Noah,Lee,noah.lee.2451@example.com,2021-02-09,United Arab Emirates,Dubai
CUST-002452,Ben,Singh,ben.singh.2452@example.com,2024-05-14,Canada,Toronto
CUST-002453,Hassan,Park,hassan.park.2453@example.com,2025-12-17,Germany,Munich
CUST-002454,Leo,Ahmed,leo.ahmed.2454@example.com,2022-11-27,United States,New York
CUST-002455,Riya,Wilson,riya.wilson.2455@example.com,2021-09-28,Germany,Berlin
CUST-002456,Aisha,Muller,aisha.muller.2456@example.com,2022-12-31,United Arab Emirates,Dubai
CUST-002457,Sofia,Mehta,sofia.mehta.2457@example.com,2024-02-25,Germany,Berlin
CUST-002458,Riya,Nair,riya.nair.2458@example.com,2025-02-18,Singapore,Singapore
CUST-002459,Kavya,Iyer,kavya.iyer.2459@example.com,2025-04-03,Canada,Vancouver
CUST-002460,Emma,Costa,emma.costa.2460@example.com,2022-07-26,United Arab Emirates,Abu Dhabi
CUST-002461,Quinn,Thomas,quinn.thomas.2461@example.com,2023-06-05,India,Hyderabad
CUST-002462,Uma,Singh,uma.singh.2462@example.com,2021-01-04,Canada,Toronto
CUST-002463,Amelia,Mehta,amelia.mehta.2463@example.com,2021-01-18,United States,Austin
CUST-002464,Olivia,Patel,olivia.patel.2464@example.com,2023-03-16,India,Chennai
CUST-002465,Sofia,Chen,sofia.chen.2465@example.com,2020-02-13,Canada,Vancouver
CUST-002466,Riya,Wilson,riya.wilson.2466@example.com,2021-07-12,Germany,Munich
CUST-002467,Leo,Wilson,leo.wilson.2467@example.com,2025-12-20,Germany,Berlin
CUST-002468,Isha,Sharma,isha.sharma.2468@example.com,2022-02-17,United Arab Emirates,Dubai
CUST-002469,Samir,Costa,samir.costa.2469@example.com,2025-12-28,Germany,Munich
CUST-002470,Diego,Mehta,diego.mehta.2470@example.com,2025-12-03,Germany,Berlin
CUST-002471,Priya,Ali,priya.ali.2471@example.com,2025-11-14,United States,Austin
CUST-002472,Ben,Khan,ben.khan.2472@example.com,2021-06-30,United Kingdom,Birmingham
CUST-002473,Hassan,Patel,hassan.patel.2473@example.com,2025-07-22,Singapore,Singapore
CUST-002474,Ben,Iyer,ben.iyer.2474@example.com,2023-10-16,India,Bengaluru
CUST-002475,Wei,Martin,wei.martin.2475@example.com,2021-04-27,Canada,Vancouver
CUST-002476,Fatima,Chen,fatima.chen.2476@example.com,2022-12-20,United Kingdom,London
CUST-002477,Aarav,Mehta,aarav.mehta.2477@example.com,2026-05-18,Germany,Munich
CUST-002478,Chen,Kapoor,chen.kapoor.2478@example.com,2025-10-12,United Kingdom,London
CUST-002479,Sofia,Ali,sofia.ali.2479@example.com,2025-06-22,United Arab Emirates,Dubai
CUST-002480,Hassan,Sharma,hassan.sharma.2480@example.com,2025-02-28,United Arab Emirates,Abu Dhabi
CUST-002481,Fatima,Iyer,fatima.iyer.2481@example.com,2020-01-22,India,Delhi
CUST-002482,Zane,Mehta,zane.mehta.2482@example.com,2024-07-04,United States,Seattle
CUST-002483,Aarav,Nguyen,aarav.nguyen.2483@example.com,2025-07-08,Singapore,Singapore
CUST-002484,Amelia,Wilson,amelia.wilson.2484@example.com,2021-09-21,United Arab Emirates,Abu Dhabi
CUST-002485,Arjun,Kapoor,arjun.kapoor.2485@example.com,2020-01-29,Singapore,Singapore
CUST-002486,Uma,Wright,uma.wright.2486@example.com,2022-07-15,United Kingdom,Manchester
CUST-002487,Isha,Iyer,isha.iyer.2487@example.com,2024-02-01,United Kingdom,Manchester
CUST-002488,Zane,Smith,zane.smith.2488@example.com,2023-01-08,United Arab Emirates,Dubai
CUST-002489,Kavya,Wright,kavya.wright.2489@example.com,2024-12-04,Canada,Toronto
CUST-002490,Aisha,Iyer,aisha.iyer.2490@example.com,2024-11-12,Germany,Berlin
CUST-002491,Hassan,Young,hassan.young.2491@example.com,2022-03-23,Canada,Toronto
CUST-002492,Chen,Kim,chen.kim.2492@example.com,2021-07-01,India,Hyderabad
CUST-002493,James,Mehta,james.mehta.2493@example.com,2020-05-09,United Kingdom,London
CUST-002494,Riya,Johnson,riya.johnson.2494@example.com,2022-12-24,Singapore,Singapore
CUST-002495,James,Chen,james.chen.2495@example.com,2025-07-22,United Arab Emirates,Dubai
CUST-002496,Grace,Roy,grace.roy.2496@example.com,2024-06-25,Canada,Vancouver
CUST-002497,Aisha,Nguyen,aisha.nguyen.2497@example.com,2020-03-27,India,Bengaluru
CUST-002498,Aisha,Iyer,aisha.iyer.2498@example.com,2020-02-25,United Arab Emirates,Dubai
CUST-002499,Aditi,Wright,aditi.wright.2499@example.com,2023-11-02,Canada,Vancouver
CUST-002500,Priya,Mehta,priya.mehta.2500@example.com,2024-11-14,India,Hyderabad
CUST-002501,Fatima,Kim,fatima.kim.2501@example.com,2020-12-04,Singapore,Singapore
CUST-002502,Diego,Nair,diego.nair.2502@example.com,2025-09-25,United States,Austin
CUST-002503,Diego,Lee,diego.lee.2503@example.com,2021-04-16,Canada,Vancouver
CUST-002504,Samir,Brown,samir.brown.2504@example.com,2024-10-23,Germany,Berlin
CUST-002505,Leo,Das,leo.das.2505@example.com,2021-02-26,Canada,Toronto
CUST-002506,Chen,Thomas,chen.thomas.2506@example.com,2021-09-01,United Arab Emirates,Dubai
CUST-002507,Arjun,Garcia,arjun.garcia.2507@example.com,2020-06-06,Singapore,Singapore
CUST-002508,Chen,Kapoor,chen.kapoor.2508@example.com,2024-10-12,United States,New York
CUST-002509,Priya,Johnson,priya.johnson.2509@example.com,2020-07-27,India,Hyderabad
CUST-002510,James,Wilson,james.wilson.2510@example.com,2022-08-05,United Kingdom,London
CUST-002511,Grace,Costa,grace.costa.2511@example.com,2020-09-08,Singapore,Singapore
CUST-002512,Quinn,Patel,quinn.patel.2512@example.com,2021-03-26,United Kingdom,Manchester
CUST-002513,Hassan,Lee,hassan.lee.2513@example.com,2024-09-08,United Kingdom,London
CUST-002514,Grace,Young,grace.young.2514@example.com,2022-01-14,India,Mumbai
CUST-002515,Aarav,Patel,aarav.patel.2515@example.com,2023-08-10,Germany,Berlin
CUST-002516,Fatima,Chen,fatima.chen.2516@example.com,2021-02-16,United Kingdom,Manchester
CUST-002517,Ben,Lee,ben.lee.2517@example.com,2024-01-29,Singapore,Singapore
CUST-002518,Fatima,Nguyen,fatima.nguyen.2518@example.com,2020-02-25,India,Chennai
CUST-002519,Uma,Thomas,uma.thomas.2519@example.com,2023-09-18,United States,Seattle
CUST-002520,Tara,Park,tara.park.2520@example.com,2026-08-09,United Kingdom,Birmingham
CUST-002521,Priya,Iyer,priya.iyer.2521@example.com,2023-02-04,United States,Austin
CUST-002522,Olivia,Muller,olivia.muller.2522@example.com,2021-03-11,India,Bengaluru
CUST-002523,Quinn,Mehta,quinn.mehta.2523@example.com,2021-05-07,United Arab Emirates,Dubai
CUST-002524,Olivia,Kapoor,olivia.kapoor.2524@example.com,2022-02-19,Germany,Berlin
CUST-002525,Samir,Ali,samir.ali.2525@example.com,2020-11-02,India,Chennai
CUST-002526,Priya,Singh,priya.singh.2526@example.com,2025-04-26,United Kingdom,London
CUST-002527,Noah,Mehta,noah.mehta.2527@example.com,2020-06-28,United States,Austin
CUST-002528,Chen,Costa,chen.costa.2528@example.com,2022-10-31,United Arab Emirates,Abu Dhabi
CUST-002529,Zane,Iyer,zane.iyer.2529@example.com,2021-04-25,Singapore,Singapore
CUST-002530,Amelia,Chen,amelia.chen.2530@example.com,2025-11-15,Singapore,Singapore
CUST-002531,Ben,Nair,ben.nair.2531@example.com,2021-06-12,United Kingdom,Manchester
CUST-002532,Aditi,Ahmed,aditi.ahmed.2532@example.com,2022-02-18,India,Hyderabad
CUST-002533,Leo,Wright,leo.wright.2533@example.com,2025-10-04,United Arab Emirates,Dubai
CUST-002534,Ben,Ali,ben.ali.2534@example.com,2025-09-17,Canada,Vancouver
CUST-002535,Noah,Roy,noah.roy.2535@example.com,2024-06-29,Singapore,Singapore
CUST-002536,Chen,Smith,chen.smith.2536@example.com,2021-10-17,India,Chennai
CUST-002537,Chen,Ahmed,chen.ahmed.2537@example.com,2020-02-06,Germany,Munich
CUST-002538,Maya,Das,maya.das.2538@example.com,2025-11-20,Germany,Munich
CUST-002539,Fatima,Thomas,fatima.thomas.2539@example.com,2023-04-28,United States,Seattle
CUST-002540,Noah,Nguyen,noah.nguyen.2540@example.com,2022-07-06,United States,New York
CUST-002541,Noah,Brown,noah.brown.2541@example.com,2020-06-09,United Kingdom,Birmingham
CUST-002542,Aisha,Young,aisha.young.2542@example.com,2021-06-28,United Kingdom,Manchester
CUST-002543,Yara,Park,yara.park.2543@example.com,2022-10-16,India,Bengaluru
CUST-002544,Noah,Nguyen,noah.nguyen.2544@example.com,2023-11-24,India,Chennai
CUST-002545,Hassan,Singh,hassan.singh.2545@example.com,2026-02-27,India,Delhi
CUST-002546,Tara,Garcia,tara.garcia.2546@example.com,2023-04-22,Singapore,Singapore
CUST-002547,Aditi,Lopez,aditi.lopez.2547@example.com,2020-02-12,Canada,Vancouver
CUST-002548,Diego,Mehta,diego.mehta.2548@example.com,2021-12-24,United Kingdom,Manchester
CUST-002549,Aarav,Martin,aarav.martin.2549@example.com,2026-07-17,Germany,Berlin
CUST-002550,Tara,Mehta,tara.mehta.2550@example.com,2024-04-13,Germany,Munich
CUST-002551,Yara,Lopez,yara.lopez.2551@example.com,2026-03-06,Germany,Berlin
CUST-002552,Wei,Ali,wei.ali.2552@example.com,2023-08-21,United States,Seattle
CUST-002553,Chen,Ahmed,chen.ahmed.2553@example.com,2024-06-07,Germany,Berlin
CUST-002554,Kavya,Brown,kavya.brown.2554@example.com,2024-11-12,Germany,Munich
CUST-002555,Aisha,Young,aisha.young.2555@example.com,2021-01-18,Singapore,Singapore
CUST-002556,Ben,Ali,ben.ali.2556@example.com,2021-12-22,United States,Austin
CUST-002557,Olivia,Chen,olivia.chen.2557@example.com,2022-01-08,Germany,Munich
CUST-002558,Aarav,Kim,aarav.kim.2558@example.com,2021-12-28,United States,Chicago
CUST-002559,Riya,Nair,riya.nair.2559@example.com,2020-10-11,United States,Austin
CUST-002560,Amelia,Costa,amelia.costa.2560@example.com,2025-02-06,United States,Chicago
CUST-002561,Arjun,Mehta,arjun.mehta.2561@example.com,2021-07-16,United Arab Emirates,Dubai
CUST-002562,Priya,Nguyen,priya.nguyen.2562@example.com,2024-04-21,Singapore,Singapore
CUST-002563,Arjun,Silva,arjun.silva.2563@example.com,2020-06-28,India,Bengaluru
CUST-002564,Diego,Roy,diego.roy.2564@example.com,2023-01-01,India,Bengaluru
CUST-002565,Quinn,Nair,quinn.nair.2565@example.com,2020-02-08,India,Mumbai
CUST-002566,Noah,Mehta,noah.mehta.2566@example.com,2023-10-18,Canada,Toronto
CUST-002567,Chen,Garcia,chen.garcia.2567@example.com,2026-04-24,Singapore,Singapore
CUST-002568,Wei,Smith,wei.smith.2568@example.com,2023-09-20,United Kingdom,Manchester
CUST-002569,Aisha,Brown,aisha.brown.2569@example.com,2026-02-04,India,Delhi
CUST-002570,Quinn,Martin,quinn.martin.2570@example.com,2020-03-27,India,Mumbai
CUST-002571,Arjun,Martin,arjun.martin.2571@example.com,2021-02-24,United Kingdom,Birmingham
CUST-002572,Zane,Silva,zane.silva.2572@example.com,2021-08-03,Singapore,Singapore
CUST-002573,Sofia,Brown,sofia.brown.2573@example.com,2022-07-17,India,Hyderabad
CUST-002574,Isha,Garcia,isha.garcia.2574@example.com,2023-03-20,United Kingdom,London
CUST-002575,Sofia,Young,sofia.young.2575@example.com,2024-04-24,Germany,Berlin
CUST-002576,Leo,Smith,leo.smith.2576@example.com,2022-07-08,India,Mumbai
CUST-002577,Fatima,Iyer,fatima.iyer.2577@example.com,2023-09-28,India,Mumbai
CUST-002578,Hassan,Kapoor,hassan.kapoor.2578@example.com,2020-06-26,India,Chennai
CUST-002579,Aisha,Smith,aisha.smith.2579@example.com,2025-12-12,Singapore,Singapore
CUST-002580,Priya,Smith,priya.smith.2580@example.com,2024-10-07,Germany,Berlin
CUST-002581,Zane,Wright,zane.wright.2581@example.com,2023-05-20,Germany,Munich
CUST-002582,Hassan,Young,hassan.young.2582@example.com,2023-01-15,India,Hyderabad
CUST-002583,Riya,Iyer,riya.iyer.2583@example.com,2020-11-08,United Kingdom,London
CUST-002584,Yara,Kapoor,yara.kapoor.2584@example.com,2021-08-23,United States,Seattle
CUST-002585,Aisha,Muller,aisha.muller.2585@example.com,2025-05-13,Singapore,Singapore
CUST-002586,Arjun,Ahmed,arjun.ahmed.2586@example.com,2023-02-14,Singapore,Singapore
CUST-002587,Amelia,Singh,amelia.singh.2587@example.com,2022-01-14,United States,Chicago
CUST-002588,Hassan,Singh,hassan.singh.2588@example.com,2024-10-02,Singapore,Singapore
CUST-002589,Samir,Costa,samir.costa.2589@example.com,2023-09-27,United Arab Emirates,Dubai
CUST-002590,Vikram,Lopez,vikram.lopez.2590@example.com,2024-04-18,United States,Chicago
CUST-002591,Noah,Chen,noah.chen.2591@example.com,2025-12-26,United Arab Emirates,Abu Dhabi
CUST-002592,Noah,Martin,noah.martin.2592@example.com,2022-07-31,Canada,Vancouver
CUST-002593,Amelia,Ahmed,amelia.ahmed.2593@example.com,2024-09-23,Germany,Berlin
CUST-002594,Samir,Khan,samir.khan.2594@example.com,2024-01-21,United States,New York
CUST-002595,Chen,Thomas,chen.thomas.2595@example.com,2024-01-24,India,Chennai
CUST-002596,Leo,Garcia,leo.garcia.2596@example.com,2020-09-01,India,Delhi
CUST-002597,Hassan,Thomas,hassan.thomas.2597@example.com,2021-07-24,Canada,Vancouver
CUST-002598,Kavya,Garcia,kavya.garcia.2598@example.com,2026-03-08,Canada,Vancouver
CUST-002599,Diego,Johnson,diego.johnson.2599@example.com,2022-07-08,Canada,Toronto
CUST-002600,Tara,Garcia,tara.garcia.2600@example.com,2021-08-09,India,Hyderabad
CUST-002601,Tara,Sharma,tara.sharma.2601@example.com,2024-10-05,Germany,Munich
CUST-002602,Aditi,Das,aditi.das.2602@example.com,2026-07-10,India,Mumbai
CUST-002603,Leo,Silva,leo.silva.2603@example.com,2021-10-09,United Arab Emirates,Dubai
CUST-002604,Aisha,Iyer,aisha.iyer.2604@example.com,2020-11-19,United States,Austin
CUST-002605,Amelia,Sharma,amelia.sharma.2605@example.com,2024-09-01,United Arab Emirates,Dubai
CUST-002606,Uma,Smith,uma.smith.2606@example.com,2021-07-27,Singapore,Singapore
CUST-002607,Leo,Costa,leo.costa.2607@example.com,2023-10-13,Germany,Munich
CUST-002608,Vikram,Lopez,vikram.lopez.2608@example.com,2020-02-24,Germany,Munich
CUST-002609,Arjun,Garcia,arjun.garcia.2609@example.com,2020-05-11,India,Chennai
CUST-002610,Uma,Smith,uma.smith.2610@example.com,2021-10-18,United Arab Emirates,Dubai
CUST-002611,Isha,Silva,isha.silva.2611@example.com,2025-02-03,Singapore,Singapore
CUST-002612,Sofia,Ahmed,sofia.ahmed.2612@example.com,2023-06-07,United Arab Emirates,Dubai
CUST-002613,James,Kapoor,james.kapoor.2613@example.com,2023-01-18,United States,New York
CUST-002614,Maya,Muller,maya.muller.2614@example.com,2022-05-17,United States,Chicago
CUST-002615,Priya,Patel,priya.patel.2615@example.com,2024-05-25,United States,Austin
CUST-002616,Wei,Mehta,wei.mehta.2616@example.com,2020-11-12,United Arab Emirates,Abu Dhabi
CUST-002617,Leo,Singh,leo.singh.2617@example.com,2024-07-17,Germany,Munich
CUST-002618,Ben,Patel,ben.patel.2618@example.com,2024-03-01,Canada,Vancouver
CUST-002619,Chen,Lee,chen.lee.2619@example.com,2021-03-03,India,Mumbai
CUST-002620,Hassan,Nair,hassan.nair.2620@example.com,2023-10-06,Canada,Toronto
CUST-002621,Diego,Kim,diego.kim.2621@example.com,2026-01-27,United States,New York
CUST-002622,Amelia,Johnson,amelia.johnson.2622@example.com,2020-02-14,United Arab Emirates,Abu Dhabi
CUST-002623,Chen,Martin,chen.martin.2623@example.com,2020-05-12,United States,Austin
CUST-002624,Emma,Khan,emma.khan.2624@example.com,2026-05-02,United Arab Emirates,Dubai
CUST-002625,Olivia,Park,olivia.park.2625@example.com,2020-07-06,Singapore,Singapore
CUST-002626,Grace,Khan,grace.khan.2626@example.com,2020-02-04,United Kingdom,Manchester
CUST-002627,Uma,Kim,uma.kim.2627@example.com,2025-08-10,Singapore,Singapore
CUST-002628,Grace,Roy,grace.roy.2628@example.com,2023-12-28,Singapore,Singapore
CUST-002629,Samir,Wright,samir.wright.2629@example.com,2023-09-19,India,Hyderabad
CUST-002630,Zane,Mehta,zane.mehta.2630@example.com,2021-02-17,United Arab Emirates,Dubai
CUST-002631,Aarav,Ahmed,aarav.ahmed.2631@example.com,2024-04-14,Canada,Vancouver
CUST-002632,Olivia,Thomas,olivia.thomas.2632@example.com,2020-06-02,Canada,Vancouver
CUST-002633,Ben,Garcia,ben.garcia.2633@example.com,2025-03-11,Germany,Berlin
CUST-002634,Zane,Lopez,zane.lopez.2634@example.com,2022-08-06,India,Bengaluru
CUST-002635,Vikram,Wright,vikram.wright.2635@example.com,2021-07-30,Germany,Berlin
CUST-002636,Maya,Wilson,maya.wilson.2636@example.com,2025-11-13,Germany,Munich
CUST-002637,Kavya,Park,kavya.park.2637@example.com,2023-10-20,United States,Seattle
CUST-002638,Hassan,Nair,hassan.nair.2638@example.com,2024-10-30,Canada,Toronto
CUST-002639,Zane,Das,zane.das.2639@example.com,2024-05-06,Canada,Toronto
CUST-002640,Chen,Nair,chen.nair.2640@example.com,2020-11-03,United Arab Emirates,Dubai
CUST-002641,Olivia,Lopez,olivia.lopez.2641@example.com,2021-02-02,Singapore,Singapore
CUST-002642,Aisha,Roy,aisha.roy.2642@example.com,2023-06-21,Canada,Toronto
CUST-002643,Leo,Nguyen,leo.nguyen.2643@example.com,2023-07-08,Singapore,Singapore
CUST-002644,Sofia,Kim,sofia.kim.2644@example.com,2020-10-06,United States,Seattle
CUST-002645,Olivia,Iyer,olivia.iyer.2645@example.com,2020-12-31,United Kingdom,London
CUST-002646,Ben,Das,ben.das.2646@example.com,2025-03-02,Canada,Vancouver
CUST-002647,Leo,Lee,leo.lee.2647@example.com,2024-12-15,Canada,Toronto
CUST-002648,Arjun,Ahmed,arjun.ahmed.2648@example.com,2020-06-11,Singapore,Singapore
CUST-002649,Yara,Kim,yara.kim.2649@example.com,2024-08-02,Singapore,Singapore
CUST-002650,Kavya,Iyer,kavya.iyer.2650@example.com,2023-07-08,United Arab Emirates,Abu Dhabi
CUST-002651,Amelia,Wright,amelia.wright.2651@example.com,2025-09-03,Singapore,Singapore
CUST-002652,Emma,Young,emma.young.2652@example.com,2020-06-23,Germany,Berlin
CUST-002653,Tara,Park,tara.park.2653@example.com,2026-04-16,United States,New York
CUST-002654,Aisha,Thomas,aisha.thomas.2654@example.com,2023-04-05,India,Hyderabad
CUST-002655,Ben,Ahmed,ben.ahmed.2655@example.com,2020-10-25,Singapore,Singapore
CUST-002656,Isha,Thomas,isha.thomas.2656@example.com,2021-01-17,Singapore,Singapore
CUST-002657,Kavya,Ali,kavya.ali.2657@example.com,2025-12-31,Germany,Munich
CUST-002658,Arjun,Khan,arjun.khan.2658@example.com,2021-03-19,United States,Chicago
CUST-002659,Uma,Costa,uma.costa.2659@example.com,2024-07-02,United States,Seattle
CUST-002660,Amelia,Singh,amelia.singh.2660@example.com,2025-06-14,United Kingdom,London
CUST-002661,Samir,Mehta,samir.mehta.2661@example.com,2021-04-13,Singapore,Singapore
CUST-002662,Kavya,Patel,kavya.patel.2662@example.com,2021-09-29,United Arab Emirates,Abu Dhabi
CUST-002663,Aisha,Lopez,aisha.lopez.2663@example.com,2023-08-04,United States,New York
CUST-002664,Priya,Roy,priya.roy.2664@example.com,2020-09-12,Singapore,Singapore
CUST-002665,Vikram,Costa,vikram.costa.2665@example.com,2022-05-24,Singapore,Singapore
CUST-002666,Chen,Thomas,chen.thomas.2666@example.com,2024-09-28,India,Delhi
CUST-002667,Emma,Lopez,emma.lopez.2667@example.com,2020-12-08,United States,Austin
CUST-002668,Amelia,Lee,amelia.lee.2668@example.com,2020-11-30,Singapore,Singapore
CUST-002669,Yara,Das,yara.das.2669@example.com,2024-09-15,Singapore,Singapore
CUST-002670,Riya,Young,riya.young.2670@example.com,2022-01-23,United Kingdom,London
CUST-002671,Amelia,Young,amelia.young.2671@example.com,2023-11-01,Singapore,Singapore
CUST-002672,Ben,Johnson,ben.johnson.2672@example.com,2024-09-12,United Kingdom,Manchester
CUST-002673,Leo,Martin,leo.martin.2673@example.com,2021-10-20,Germany,Munich
CUST-002674,Hassan,Kapoor,hassan.kapoor.2674@example.com,2026-05-25,Germany,Munich
CUST-002675,Wei,Sharma,wei.sharma.2675@example.com,2022-03-24,United Arab Emirates,Dubai
CUST-002676,Tara,Wright,tara.wright.2676@example.com,2021-08-15,United Arab Emirates,Abu Dhabi
CUST-002677,Riya,Silva,riya.silva.2677@example.com,2023-07-20,Germany,Berlin
CUST-002678,Aisha,Young,aisha.young.2678@example.com,2021-08-27,Singapore,Singapore
CUST-002679,Yara,Singh,yara.singh.2679@example.com,2024-07-22,India,Delhi
CUST-002680,Maya,Mehta,maya.mehta.2680@example.com,2025-01-19,India,Bengaluru
CUST-002681,Quinn,Ali,quinn.ali.2681@example.com,2026-06-27,Germany,Berlin
CUST-002682,Aditi,Johnson,aditi.johnson.2682@example.com,2022-02-07,Germany,Munich
CUST-002683,Samir,Martin,samir.martin.2683@example.com,2021-11-11,Canada,Vancouver
CUST-002684,Chen,Iyer,chen.iyer.2684@example.com,2022-02-21,United States,New York
CUST-002685,Hassan,Silva,hassan.silva.2685@example.com,2020-03-07,United Kingdom,Manchester
CUST-002686,Zane,Kim,zane.kim.2686@example.com,2021-05-25,United Arab Emirates,Abu Dhabi
CUST-002687,Quinn,Ali,quinn.ali.2687@example.com,2024-08-07,Singapore,Singapore
CUST-002688,Hassan,Silva,hassan.silva.2688@example.com,2024-10-10,United Arab Emirates,Abu Dhabi
CUST-002689,Arjun,Kapoor,arjun.kapoor.2689@example.com,2025-02-22,United States,Chicago
CUST-002690,Hassan,Smith,hassan.smith.2690@example.com,2021-10-28,United Arab Emirates,Abu Dhabi
CUST-002691,Isha,Kim,isha.kim.2691@example.com,2024-11-26,Canada,Vancouver
CUST-002692,Samir,Nair,samir.nair.2692@example.com,2021-02-10,Canada,Toronto
CUST-002693,Vikram,Silva,vikram.silva.2693@example.com,2021-01-02,India,Mumbai
CUST-002694,Priya,Kapoor,priya.kapoor.2694@example.com,2021-02-28,Singapore,Singapore
CUST-002695,Tara,Roy,tara.roy.2695@example.com,2026-02-09,United Arab Emirates,Dubai
CUST-002696,Quinn,Ali,quinn.ali.2696@example.com,2026-07-08,United Arab Emirates,Dubai
CUST-002697,Riya,Kim,riya.kim.2697@example.com,2024-09-18,Canada,Toronto
CUST-002698,Diego,Roy,diego.roy.2698@example.com,2026-03-09,Singapore,Singapore
CUST-002699,Arjun,Johnson,arjun.johnson.2699@example.com,2025-04-07,Canada,Toronto
CUST-002700,Hassan,Park,hassan.park.2700@example.com,2024-08-18,Singapore,Singapore
CUST-002701,Aarav,Iyer,aarav.iyer.2701@example.com,2022-07-06,Canada,Vancouver
CUST-002702,Emma,Young,emma.young.2702@example.com,2022-12-19,Germany,Munich
CUST-002703,Wei,Young,wei.young.2703@example.com,2024-08-25,Canada,Toronto
CUST-002704,Aarav,Young,aarav.young.2704@example.com,2020-05-13,Singapore,Singapore
CUST-002705,Aarav,Garcia,aarav.garcia.2705@example.com,2024-03-13,Canada,Vancouver
CUST-002706,Grace,Smith,grace.smith.2706@example.com,2024-10-27,United Arab Emirates,Dubai
CUST-002707,Noah,Muller,noah.muller.2707@example.com,2024-05-30,United States,New York
CUST-002708,Vikram,Kapoor,vikram.kapoor.2708@example.com,2024-10-23,United Arab Emirates,Dubai
CUST-002709,Quinn,Muller,quinn.muller.2709@example.com,2021-12-12,Germany,Munich
CUST-002710,Zane,Singh,zane.singh.2710@example.com,2021-10-10,United Arab Emirates,Abu Dhabi
CUST-002711,Diego,Nguyen,diego.nguyen.2711@example.com,2021-06-01,Germany,Berlin
CUST-002712,Quinn,Ahmed,quinn.ahmed.2712@example.com,2024-05-24,Canada,Vancouver
CUST-002713,Wei,Martin,wei.martin.2713@example.com,2023-08-13,United States,Austin
CUST-002714,Amelia,Khan,amelia.khan.2714@example.com,2024-11-26,India,Mumbai
CUST-002715,Quinn,Roy,quinn.roy.2715@example.com,2021-09-18,United Arab Emirates,Dubai
CUST-002716,Priya,Das,priya.das.2716@example.com,2020-11-18,United Arab Emirates,Abu Dhabi
CUST-002717,Aarav,Mehta,aarav.mehta.2717@example.com,2021-06-18,Germany,Munich
CUST-002718,Quinn,Lopez,quinn.lopez.2718@example.com,2024-01-06,Canada,Toronto
CUST-002719,Diego,Lopez,diego.lopez.2719@example.com,2023-05-01,United States,Austin
CUST-002720,Noah,Silva,noah.silva.2720@example.com,2024-03-28,United States,Seattle
CUST-002721,Riya,Patel,riya.patel.2721@example.com,2020-12-05,United Kingdom,London
CUST-002722,Quinn,Sharma,quinn.sharma.2722@example.com,2026-07-01,Germany,Berlin
CUST-002723,Arjun,Ali,arjun.ali.2723@example.com,2021-05-17,United Arab Emirates,Dubai
CUST-002724,Aisha,Kim,aisha.kim.2724@example.com,2022-01-09,United Kingdom,London
CUST-002725,Amelia,Chen,amelia.chen.2725@example.com,2024-01-20,Canada,Toronto
CUST-002726,Isha,Nguyen,isha.nguyen.2726@example.com,2020-03-30,Singapore,Singapore
CUST-002727,Amelia,Chen,amelia.chen.2727@example.com,2020-11-08,Germany,Berlin
CUST-002728,Riya,Costa,riya.costa.2728@example.com,2023-07-08,Singapore,Singapore
CUST-002729,Vikram,Smith,vikram.smith.2729@example.com,2023-05-08,United States,New York
CUST-002730,Zane,Smith,zane.smith.2730@example.com,2026-05-12,Germany,Berlin
CUST-002731,Arjun,Singh,arjun.singh.2731@example.com,2025-06-05,United Kingdom,Birmingham
CUST-002732,Priya,Martin,priya.martin.2732@example.com,2021-10-10,India,Chennai
CUST-002733,Tara,Lee,tara.lee.2733@example.com,2022-02-28,India,Chennai
CUST-002734,Aarav,Martin,aarav.martin.2734@example.com,2025-10-22,India,Chennai
CUST-002735,Uma,Garcia,uma.garcia.2735@example.com,2024-02-03,United States,New York
CUST-002736,Zane,Johnson,zane.johnson.2736@example.com,2023-09-03,India,Bengaluru
CUST-002737,Diego,Khan,diego.khan.2737@example.com,2021-06-02,Germany,Munich
CUST-002738,Emma,Chen,emma.chen.2738@example.com,2021-01-11,United States,Seattle
CUST-002739,Samir,Martin,samir.martin.2739@example.com,2023-04-20,Germany,Munich
CUST-002740,Tara,Park,tara.park.2740@example.com,2024-11-21,Singapore,Singapore
CUST-002741,Sofia,Johnson,sofia.johnson.2741@example.com,2021-12-09,United Kingdom,London
CUST-002742,Riya,Thomas,riya.thomas.2742@example.com,2023-02-25,Germany,Munich
CUST-002743,Arjun,Ahmed,arjun.ahmed.2743@example.com,2026-08-03,Canada,Vancouver
CUST-002744,Ben,Park,ben.park.2744@example.com,2025-06-21,United States,Chicago
CUST-002745,Zane,Ali,zane.ali.2745@example.com,2023-01-17,Singapore,Singapore
CUST-002746,Priya,Nguyen,priya.nguyen.2746@example.com,2024-04-17,United Arab Emirates,Abu Dhabi
CUST-002747,Chen,Ahmed,chen.ahmed.2747@example.com,2024-03-11,United Kingdom,Birmingham
CUST-002748,Wei,Khan,wei.khan.2748@example.com,2021-11-16,Singapore,Singapore
CUST-002749,Maya,Lee,maya.lee.2749@example.com,2024-08-05,United Arab Emirates,Abu Dhabi
CUST-002750,Priya,Silva,priya.silva.2750@example.com,2025-12-12,Germany,Munich
CUST-002751,Isha,Sharma,isha.sharma.2751@example.com,2022-01-06,India,Delhi
CUST-002752,James,Park,james.park.2752@example.com,2024-01-05,United States,Austin
CUST-002753,Amelia,Johnson,amelia.johnson.2753@example.com,2024-03-02,Germany,Munich
CUST-002754,Aisha,Roy,aisha.roy.2754@example.com,2021-05-15,United Kingdom,London
CUST-002755,Grace,Das,grace.das.2755@example.com,2023-09-09,India,Bengaluru
CUST-002756,Kavya,Ahmed,kavya.ahmed.2756@example.com,2023-08-10,Canada,Toronto
CUST-002757,Noah,Khan,noah.khan.2757@example.com,2023-03-07,Singapore,Singapore
CUST-002758,Maya,Johnson,maya.johnson.2758@example.com,2026-04-16,India,Delhi
CUST-002759,Samir,Nair,samir.nair.2759@example.com,2020-11-02,Canada,Vancouver
CUST-002760,Riya,Roy,riya.roy.2760@example.com,2023-07-25,Singapore,Singapore
CUST-002761,Chen,Johnson,chen.johnson.2761@example.com,2025-07-16,India,Hyderabad
CUST-002762,Aditi,Lee,aditi.lee.2762@example.com,2021-05-03,Singapore,Singapore
CUST-002763,Kavya,Smith,kavya.smith.2763@example.com,2023-08-31,United Arab Emirates,Abu Dhabi
CUST-002764,Diego,Ahmed,diego.ahmed.2764@example.com,2023-03-13,India,Mumbai
CUST-002765,Quinn,Park,quinn.park.2765@example.com,2026-06-16,Canada,Toronto
CUST-002766,Sofia,Ali,sofia.ali.2766@example.com,2021-06-20,United Kingdom,Manchester
CUST-002767,Aditi,Young,aditi.young.2767@example.com,2025-11-30,United Arab Emirates,Dubai
CUST-002768,Grace,Lopez,grace.lopez.2768@example.com,2020-10-11,India,Hyderabad
CUST-002769,Arjun,Silva,arjun.silva.2769@example.com,2024-08-27,Canada,Vancouver
CUST-002770,Emma,Singh,emma.singh.2770@example.com,2023-11-17,Canada,Vancouver
CUST-002771,Amelia,Martin,amelia.martin.2771@example.com,2023-07-06,Canada,Vancouver
CUST-002772,Priya,Patel,priya.patel.2772@example.com,2023-05-07,Singapore,Singapore
CUST-002773,Leo,Thomas,leo.thomas.2773@example.com,2021-05-12,Germany,Munich
CUST-002774,Priya,Nguyen,priya.nguyen.2774@example.com,2022-07-06,India,Mumbai
CUST-002775,Wei,Sharma,wei.sharma.2775@example.com,2021-03-06,United States,Seattle
CUST-002776,Yara,Das,yara.das.2776@example.com,2024-11-19,Germany,Berlin
CUST-002777,Ben,Khan,ben.khan.2777@example.com,2024-02-19,United States,New York
CUST-002778,Sofia,Das,sofia.das.2778@example.com,2020-08-03,Canada,Vancouver
CUST-002779,Zane,Park,zane.park.2779@example.com,2021-03-29,India,Mumbai
CUST-002780,Fatima,Khan,fatima.khan.2780@example.com,2023-09-10,United Kingdom,Birmingham
CUST-002781,Priya,Park,priya.park.2781@example.com,2024-04-03,Canada,Vancouver
CUST-002782,Samir,Smith,samir.smith.2782@example.com,2026-07-17,United States,Chicago
CUST-002783,Arjun,Garcia,arjun.garcia.2783@example.com,2021-08-29,United Kingdom,Birmingham
CUST-002784,Zane,Thomas,zane.thomas.2784@example.com,2025-01-04,Singapore,Singapore
CUST-002785,Maya,Wilson,maya.wilson.2785@example.com,2026-06-25,United States,Chicago
CUST-002786,Riya,Chen,riya.chen.2786@example.com,2023-08-11,United Kingdom,Birmingham
CUST-002787,Leo,Brown,leo.brown.2787@example.com,2022-12-16,India,Delhi
CUST-002788,Samir,Khan,samir.khan.2788@example.com,2026-04-06,United Kingdom,London
CUST-002789,Riya,Lopez,riya.lopez.2789@example.com,2022-04-23,Germany,Berlin
CUST-002790,Amelia,Chen,amelia.chen.2790@example.com,2022-05-20,India,Mumbai
CUST-002791,Riya,Johnson,riya.johnson.2791@example.com,2024-04-26,Singapore,Singapore
CUST-002792,Leo,Nguyen,leo.nguyen.2792@example.com,2022-05-04,United Kingdom,Birmingham
CUST-002793,Uma,Wilson,uma.wilson.2793@example.com,2023-07-07,United Arab Emirates,Abu Dhabi
CUST-002794,Samir,Ali,samir.ali.2794@example.com,2021-09-22,Germany,Berlin
CUST-002795,Sofia,Garcia,sofia.garcia.2795@example.com,2024-01-29,United States,Chicago
CUST-002796,Kavya,Thomas,kavya.thomas.2796@example.com,2025-10-04,United Arab Emirates,Dubai
CUST-002797,Uma,Muller,uma.muller.2797@example.com,2020-10-08,United States,Seattle
CUST-002798,James,Smith,james.smith.2798@example.com,2023-06-12,Germany,Berlin
CUST-002799,Aisha,Ali,aisha.ali.2799@example.com,2021-03-27,India,Bengaluru
CUST-002800,Aarav,Young,aarav.young.2800@example.com,2022-02-05,Singapore,Singapore
CUST-002801,Aarav,Chen,aarav.chen.2801@example.com,2025-12-14,Germany,Munich
CUST-002802,Hassan,Lee,hassan.lee.2802@example.com,2026-03-04,India,Mumbai
CUST-002803,Hassan,Costa,hassan.costa.2803@example.com,2021-09-08,United States,Chicago
CUST-002804,Maya,Costa,maya.costa.2804@example.com,2023-09-28,United Arab Emirates,Dubai
CUST-002805,Kavya,Lee,kavya.lee.2805@example.com,2021-02-04,United Kingdom,London
CUST-002806,Quinn,Muller,quinn.muller.2806@example.com,2024-09-26,Germany,Berlin
CUST-002807,Fatima,Johnson,fatima.johnson.2807@example.com,2021-12-24,Singapore,Singapore
CUST-002808,Maya,Nair,maya.nair.2808@example.com,2025-10-25,Singapore,Singapore
CUST-002809,Arjun,Wright,arjun.wright.2809@example.com,2022-10-16,India,Mumbai
CUST-002810,Diego,Nguyen,diego.nguyen.2810@example.com,2020-05-26,India,Chennai
CUST-002811,Emma,Brown,emma.brown.2811@example.com,2025-12-19,India,Mumbai
CUST-002812,Emma,Brown,emma.brown.2812@example.com,2024-07-15,United Arab Emirates,Abu Dhabi
CUST-002813,Isha,Nguyen,isha.nguyen.2813@example.com,2023-01-03,United States,Chicago
CUST-002814,Chen,Smith,chen.smith.2814@example.com,2022-04-13,Canada,Vancouver
CUST-002815,Quinn,Kim,quinn.kim.2815@example.com,2023-03-25,Germany,Berlin
CUST-002816,Arjun,Smith,arjun.smith.2816@example.com,2025-05-06,United Arab Emirates,Abu Dhabi
CUST-002817,Yara,Kapoor,yara.kapoor.2817@example.com,2022-09-04,Germany,Berlin
CUST-002818,Grace,Wright,grace.wright.2818@example.com,2021-11-13,India,Bengaluru
CUST-002819,Grace,Young,grace.young.2819@example.com,2021-08-03,Singapore,Singapore
CUST-002820,Riya,Chen,riya.chen.2820@example.com,2023-09-30,Singapore,Singapore
CUST-002821,Ben,Lee,ben.lee.2821@example.com,2021-11-30,India,Mumbai
CUST-002822,Priya,Iyer,priya.iyer.2822@example.com,2026-07-16,Singapore,Singapore
CUST-002823,Leo,Thomas,leo.thomas.2823@example.com,2025-04-19,United States,New York
CUST-002824,Aditi,Silva,aditi.silva.2824@example.com,2026-05-12,India,Delhi
CUST-002825,Wei,Brown,wei.brown.2825@example.com,2025-08-22,United Arab Emirates,Dubai
CUST-002826,Uma,Garcia,uma.garcia.2826@example.com,2021-01-19,Canada,Toronto
CUST-002827,Fatima,Park,fatima.park.2827@example.com,2023-10-06,Germany,Munich
CUST-002828,Leo,Mehta,leo.mehta.2828@example.com,2026-02-13,United Kingdom,Manchester
CUST-002829,Riya,Chen,riya.chen.2829@example.com,2024-02-01,United Kingdom,Manchester
CUST-002830,Aarav,Silva,aarav.silva.2830@example.com,2023-05-18,United Kingdom,Birmingham
CUST-002831,Grace,Young,grace.young.2831@example.com,2025-06-06,United Arab Emirates,Dubai
CUST-002832,Emma,Wright,emma.wright.2832@example.com,2020-03-25,United Arab Emirates,Dubai
CUST-002833,James,Thomas,james.thomas.2833@example.com,2021-08-03,United States,Seattle
CUST-002834,Leo,Sharma,leo.sharma.2834@example.com,2026-06-23,United States,Chicago
CUST-002835,Hassan,Johnson,hassan.johnson.2835@example.com,2020-12-31,Germany,Berlin
CUST-002836,Sofia,Muller,sofia.muller.2836@example.com,2021-03-18,Germany,Munich
CUST-002837,Zane,Lopez,zane.lopez.2837@example.com,2026-02-09,Germany,Munich
CUST-002838,Zane,Wilson,zane.wilson.2838@example.com,2022-12-22,United States,Seattle
CUST-002839,Zane,Singh,zane.singh.2839@example.com,2026-08-10,Singapore,Singapore
CUST-002840,Emma,Kim,emma.kim.2840@example.com,2020-06-17,United States,Seattle
CUST-002841,Wei,Nair,wei.nair.2841@example.com,2024-11-10,India,Hyderabad
CUST-002842,Olivia,Park,olivia.park.2842@example.com,2023-11-22,Canada,Vancouver
CUST-002843,Arjun,Sharma,arjun.sharma.2843@example.com,2021-08-25,Singapore,Singapore
CUST-002844,Riya,Garcia,riya.garcia.2844@example.com,2023-04-01,United Arab Emirates,Dubai
CUST-002845,Fatima,Chen,fatima.chen.2845@example.com,2020-09-21,United Kingdom,Manchester
CUST-002846,Aarav,Ali,aarav.ali.2846@example.com,2022-06-09,India,Delhi
CUST-002847,Wei,Ahmed,wei.ahmed.2847@example.com,2020-08-05,India,Hyderabad
CUST-002848,Fatima,Sharma,fatima.sharma.2848@example.com,2023-12-13,Singapore,Singapore
CUST-002849,Aditi,Lee,aditi.lee.2849@example.com,2023-12-05,United States,Seattle
CUST-002850,Vikram,Thomas,vikram.thomas.2850@example.com,2026-04-15,United Arab Emirates,Dubai
CUST-002851,Amelia,Das,amelia.das.2851@example.com,2021-08-07,United Kingdom,Birmingham
CUST-002852,Chen,Costa,chen.costa.2852@example.com,2020-11-26,United Arab Emirates,Abu Dhabi
CUST-002853,Diego,Patel,diego.patel.2853@example.com,2023-12-23,Singapore,Singapore
CUST-002854,Vikram,Wright,vikram.wright.2854@example.com,2024-05-01,Germany,Munich
CUST-002855,Isha,Young,isha.young.2855@example.com,2022-12-06,India,Delhi
CUST-002856,Priya,Kim,priya.kim.2856@example.com,2026-04-28,United States,Chicago
CUST-002857,Riya,Young,riya.young.2857@example.com,2026-06-26,United Kingdom,London
CUST-002858,Riya,Roy,riya.roy.2858@example.com,2022-10-21,United States,Austin
CUST-002859,James,Martin,james.martin.2859@example.com,2023-05-18,United States,Seattle
CUST-002860,Amelia,Kim,amelia.kim.2860@example.com,2025-03-03,United Arab Emirates,Dubai
CUST-002861,Isha,Park,isha.park.2861@example.com,2024-11-24,Canada,Toronto
CUST-002862,Aisha,Wilson,aisha.wilson.2862@example.com,2023-07-07,Singapore,Singapore
CUST-002863,Kavya,Iyer,kavya.iyer.2863@example.com,2025-03-25,Singapore,Singapore
CUST-002864,James,Ali,james.ali.2864@example.com,2026-04-08,India,Mumbai
CUST-002865,Uma,Costa,uma.costa.2865@example.com,2021-07-29,India,Chennai
CUST-002866,Sofia,Kim,sofia.kim.2866@example.com,2022-09-20,Canada,Vancouver
CUST-002867,Aisha,Nair,aisha.nair.2867@example.com,2026-05-05,United Arab Emirates,Abu Dhabi
CUST-002868,Aditi,Roy,aditi.roy.2868@example.com,2024-05-27,Canada,Toronto
CUST-002869,Isha,Wright,isha.wright.2869@example.com,2025-03-10,India,Chennai
CUST-002870,Kavya,Silva,kavya.silva.2870@example.com,2020-12-12,India,Mumbai
CUST-002871,Emma,Silva,emma.silva.2871@example.com,2021-03-14,Germany,Munich
CUST-002872,Priya,Nguyen,priya.nguyen.2872@example.com,2023-04-05,Canada,Vancouver
CUST-002873,Samir,Singh,samir.singh.2873@example.com,2020-09-06,Canada,Toronto
CUST-002874,Tara,Ahmed,tara.ahmed.2874@example.com,2025-09-23,Germany,Berlin
CUST-002875,Samir,Johnson,samir.johnson.2875@example.com,2021-08-13,United Arab Emirates,Abu Dhabi
CUST-002876,Aisha,Brown,aisha.brown.2876@example.com,2021-09-25,Germany,Munich
CUST-002877,Quinn,Kim,quinn.kim.2877@example.com,2020-01-27,Germany,Munich
CUST-002878,Priya,Das,priya.das.2878@example.com,2021-04-14,United States,New York
CUST-002879,Aarav,Garcia,aarav.garcia.2879@example.com,2021-05-10,United Arab Emirates,Dubai
CUST-002880,Diego,Johnson,diego.johnson.2880@example.com,2025-04-24,India,Mumbai
CUST-002881,Wei,Wilson,wei.wilson.2881@example.com,2024-05-19,Singapore,Singapore
CUST-002882,Sofia,Nguyen,sofia.nguyen.2882@example.com,2024-07-15,United Kingdom,Manchester
CUST-002883,Ben,Silva,ben.silva.2883@example.com,2026-02-17,United States,Seattle
CUST-002884,Wei,Nair,wei.nair.2884@example.com,2024-12-03,Germany,Berlin
CUST-002885,James,Garcia,james.garcia.2885@example.com,2020-03-29,Germany,Berlin
CUST-002886,Aisha,Silva,aisha.silva.2886@example.com,2022-09-12,Germany,Berlin
CUST-002887,Maya,Mehta,maya.mehta.2887@example.com,2026-02-17,Germany,Berlin
CUST-002888,Leo,Chen,leo.chen.2888@example.com,2023-03-31,United Kingdom,Birmingham
CUST-002889,Arjun,Ahmed,arjun.ahmed.2889@example.com,2024-02-13,Singapore,Singapore
CUST-002890,Isha,Muller,isha.muller.2890@example.com,2021-03-15,Germany,Munich
CUST-002891,James,Silva,james.silva.2891@example.com,2021-08-29,Singapore,Singapore
CUST-002892,Fatima,Ali,fatima.ali.2892@example.com,2026-04-30,India,Hyderabad
CUST-002893,Aarav,Ahmed,aarav.ahmed.2893@example.com,2020-05-19,United Kingdom,Birmingham
CUST-002894,Quinn,Young,quinn.young.2894@example.com,2024-12-25,Germany,Berlin
CUST-002895,Sofia,Kapoor,sofia.kapoor.2895@example.com,2021-07-24,United Kingdom,Manchester
CUST-002896,Zane,Mehta,zane.mehta.2896@example.com,2023-02-08,Singapore,Singapore
CUST-002897,Ben,Iyer,ben.iyer.2897@example.com,2025-08-23,United Arab Emirates,Dubai
CUST-002898,Hassan,Young,hassan.young.2898@example.com,2025-11-20,Germany,Munich
CUST-002899,Maya,Khan,maya.khan.2899@example.com,2021-09-12,United States,Seattle
CUST-002900,Quinn,Mehta,quinn.mehta.2900@example.com,2023-10-21,United Arab Emirates,Abu Dhabi
CUST-002901,Samir,Thomas,samir.thomas.2901@example.com,2021-07-27,Canada,Vancouver
CUST-002902,Vikram,Roy,vikram.roy.2902@example.com,2023-05-25,Germany,Munich
CUST-002903,Amelia,Kapoor,amelia.kapoor.2903@example.com,2025-06-04,Canada,Vancouver
CUST-002904,Leo,Nair,leo.nair.2904@example.com,2022-01-08,Germany,Munich
CUST-002905,Aisha,Das,aisha.das.2905@example.com,2026-08-08,United Kingdom,Birmingham
CUST-002906,Hassan,Ahmed,hassan.ahmed.2906@example.com,2024-07-11,United Arab Emirates,Dubai
CUST-002907,Aditi,Sharma,aditi.sharma.2907@example.com,2021-10-13,Canada,Toronto
CUST-002908,Arjun,Wright,arjun.wright.2908@example.com,2025-08-07,India,Hyderabad
CUST-002909,Grace,Roy,grace.roy.2909@example.com,2022-08-27,United States,New York
CUST-002910,Zane,Young,zane.young.2910@example.com,2024-04-22,United States,Chicago
CUST-002911,Sofia,Khan,sofia.khan.2911@example.com,2022-10-22,India,Mumbai
CUST-002912,Aditi,Thomas,aditi.thomas.2912@example.com,2020-10-25,Germany,Munich
CUST-002913,Uma,Iyer,uma.iyer.2913@example.com,2020-04-30,United Arab Emirates,Dubai
CUST-002914,Grace,Nguyen,grace.nguyen.2914@example.com,2025-01-15,Germany,Munich
CUST-002915,Aisha,Lopez,aisha.lopez.2915@example.com,2026-03-29,United Arab Emirates,Dubai
CUST-002916,Chen,Lee,chen.lee.2916@example.com,2024-11-27,Singapore,Singapore
CUST-002917,Diego,Johnson,diego.johnson.2917@example.com,2021-10-25,Germany,Munich
CUST-002918,Wei,Wilson,wei.wilson.2918@example.com,2022-02-26,Canada,Toronto
CUST-002919,Olivia,Sharma,olivia.sharma.2919@example.com,2021-01-29,Germany,Berlin
CUST-002920,Aditi,Park,aditi.park.2920@example.com,2020-01-22,United States,Seattle
CUST-002921,Uma,Costa,uma.costa.2921@example.com,2026-02-16,United Arab Emirates,Dubai
CUST-002922,Grace,Smith,grace.smith.2922@example.com,2025-12-03,Germany,Munich
CUST-002923,Chen,Silva,chen.silva.2923@example.com,2026-05-25,United States,Chicago
CUST-002924,Maya,Iyer,maya.iyer.2924@example.com,2026-04-07,United Kingdom,London
CUST-002925,Vikram,Khan,vikram.khan.2925@example.com,2024-10-17,Singapore,Singapore
CUST-002926,Yara,Khan,yara.khan.2926@example.com,2020-11-16,United Arab Emirates,Dubai
CUST-002927,Vikram,Wilson,vikram.wilson.2927@example.com,2021-02-17,United Kingdom,London
CUST-002928,Leo,Brown,leo.brown.2928@example.com,2026-01-23,India,Delhi
CUST-002929,Aarav,Brown,aarav.brown.2929@example.com,2023-04-02,Canada,Vancouver
CUST-002930,Isha,Das,isha.das.2930@example.com,2020-10-05,United Kingdom,London
CUST-002931,Fatima,Khan,fatima.khan.2931@example.com,2026-06-14,United Arab Emirates,Dubai
CUST-002932,Yara,Wilson,yara.wilson.2932@example.com,2025-08-10,United Arab Emirates,Abu Dhabi
CUST-002933,Isha,Nair,isha.nair.2933@example.com,2026-02-14,India,Mumbai
CUST-002934,Olivia,Chen,olivia.chen.2934@example.com,2020-05-02,United Kingdom,London
CUST-002935,Grace,Costa,grace.costa.2935@example.com,2022-04-01,United Kingdom,Manchester
CUST-002936,Zane,Roy,zane.roy.2936@example.com,2021-07-24,India,Bengaluru
CUST-002937,Noah,Silva,noah.silva.2937@example.com,2023-09-12,Germany,Berlin
CUST-002938,Diego,Chen,diego.chen.2938@example.com,2026-04-28,India,Chennai
CUST-002939,Samir,Silva,samir.silva.2939@example.com,2020-05-24,Canada,Vancouver
CUST-002940,Amelia,Costa,amelia.costa.2940@example.com,2020-11-26,United Arab Emirates,Abu Dhabi
CUST-002941,Aisha,Lee,aisha.lee.2941@example.com,2020-06-19,Germany,Berlin
CUST-002942,Aditi,Chen,aditi.chen.2942@example.com,2022-07-11,United Arab Emirates,Abu Dhabi
CUST-002943,James,Chen,james.chen.2943@example.com,2022-07-21,United Kingdom,London
CUST-002944,Sofia,Patel,sofia.patel.2944@example.com,2022-03-14,India,Chennai
CUST-002945,Priya,Thomas,priya.thomas.2945@example.com,2020-03-15,Singapore,Singapore
CUST-002946,Aditi,Muller,aditi.muller.2946@example.com,2024-03-25,Canada,Toronto
CUST-002947,James,Das,james.das.2947@example.com,2026-02-28,Singapore,Singapore
CUST-002948,Arjun,Ali,arjun.ali.2948@example.com,2024-02-15,India,Delhi
CUST-002949,Chen,Singh,chen.singh.2949@example.com,2020-08-25,Singapore,Singapore
CUST-002950,Diego,Khan,diego.khan.2950@example.com,2020-02-11,United Arab Emirates,Dubai
CUST-002951,James,Mehta,james.mehta.2951@example.com,2026-01-05,Canada,Toronto
CUST-002952,Vikram,Sharma,vikram.sharma.2952@example.com,2022-10-20,Canada,Toronto
CUST-002953,Amelia,Patel,amelia.patel.2953@example.com,2024-12-01,United States,Austin
CUST-002954,Fatima,Patel,fatima.patel.2954@example.com,2023-12-03,United Kingdom,Birmingham
CUST-002955,Quinn,Young,quinn.young.2955@example.com,2023-04-12,United States,Austin
CUST-002956,Priya,Muller,priya.muller.2956@example.com,2021-05-16,Singapore,Singapore
CUST-002957,Amelia,Lee,amelia.lee.2957@example.com,2022-04-23,United Arab Emirates,Abu Dhabi
CUST-002958,Samir,Mehta,samir.mehta.2958@example.com,2024-01-02,Canada,Toronto
CUST-002959,Kavya,Das,kavya.das.2959@example.com,2024-02-11,United Kingdom,Birmingham
CUST-002960,Fatima,Thomas,fatima.thomas.2960@example.com,2022-09-27,Germany,Munich
CUST-002961,Grace,Das,grace.das.2961@example.com,2025-08-24,United Arab Emirates,Dubai
CUST-002962,Aditi,Iyer,aditi.iyer.2962@example.com,2025-06-14,Singapore,Singapore
CUST-002963,Amelia,Johnson,amelia.johnson.2963@example.com,2025-11-03,United States,Austin
CUST-002964,Fatima,Mehta,fatima.mehta.2964@example.com,2022-05-13,United Arab Emirates,Dubai
CUST-002965,Hassan,Mehta,hassan.mehta.2965@example.com,2021-08-04,Canada,Toronto
CUST-002966,Diego,Das,diego.das.2966@example.com,2025-02-01,Singapore,Singapore
CUST-002967,Aarav,Chen,aarav.chen.2967@example.com,2020-05-18,Canada,Vancouver
CUST-002968,Emma,Ahmed,emma.ahmed.2968@example.com,2023-05-15,Singapore,Singapore
CUST-002969,Aditi,Lee,aditi.lee.2969@example.com,2024-04-21,Canada,Vancouver
CUST-002970,Aarav,Thomas,aarav.thomas.2970@example.com,2024-04-24,Singapore,Singapore
CUST-002971,Aditi,Brown,aditi.brown.2971@example.com,2024-04-02,United States,Austin
CUST-002972,Riya,Costa,riya.costa.2972@example.com,2020-08-02,United Arab Emirates,Abu Dhabi
CUST-002973,Aditi,Martin,aditi.martin.2973@example.com,2023-11-25,Canada,Toronto
CUST-002974,Sofia,Nair,sofia.nair.2974@example.com,2023-10-09,Canada,Vancouver
CUST-002975,Vikram,Roy,vikram.roy.2975@example.com,2022-06-05,United Arab Emirates,Dubai
CUST-002976,Grace,Mehta,grace.mehta.2976@example.com,2024-11-12,Canada,Vancouver
CUST-002977,Vikram,Mehta,vikram.mehta.2977@example.com,2020-08-21,Germany,Berlin
CUST-002978,Noah,Muller,noah.muller.2978@example.com,2023-03-23,Germany,Munich
CUST-002979,James,Ahmed,james.ahmed.2979@example.com,2026-05-16,Germany,Munich
CUST-002980,Ben,Muller,ben.muller.2980@example.com,2022-09-02,Singapore,Singapore
CUST-002981,Sofia,Sharma,sofia.sharma.2981@example.com,2023-01-28,United Kingdom,London
CUST-002982,Diego,Roy,diego.roy.2982@example.com,2023-04-26,United Arab Emirates,Abu Dhabi
CUST-002983,Olivia,Muller,olivia.muller.2983@example.com,2023-01-28,India,Delhi
CUST-002984,Emma,Wright,emma.wright.2984@example.com,2020-02-20,United Kingdom,London
CUST-002985,Fatima,Ahmed,fatima.ahmed.2985@example.com,2023-08-07,Germany,Munich
CUST-002986,Yara,Smith,yara.smith.2986@example.com,2025-03-10,Singapore,Singapore
CUST-002987,Kavya,Sharma,kavya.sharma.2987@example.com,2020-05-31,Singapore,Singapore
CUST-002988,Leo,Lopez,leo.lopez.2988@example.com,2026-03-29,Canada,Toronto
CUST-002989,James,Patel,james.patel.2989@example.com,2020-11-21,United Arab Emirates,Abu Dhabi
CUST-002990,Zane,Nair,zane.nair.2990@example.com,2023-07-10,United Arab Emirates,Dubai
CUST-002991,Kavya,Smith,kavya.smith.2991@example.com,2023-02-05,United Kingdom,Manchester
CUST-002992,Yara,Chen,yara.chen.2992@example.com,2022-07-20,United States,Austin
CUST-002993,Aisha,Thomas,aisha.thomas.2993@example.com,2020-07-22,United Arab Emirates,Dubai
CUST-002994,Arjun,Lopez,arjun.lopez.2994@example.com,2022-01-24,India,Chennai
CUST-002995,Yara,Ali,yara.ali.2995@example.com,2023-07-23,United Arab Emirates,Dubai
CUST-002996,Noah,Das,noah.das.2996@example.com,2020-09-06,United States,Seattle
CUST-002997,Emma,Sharma,emma.sharma.2997@example.com,2023-12-18,Germany,Berlin
CUST-002998,Priya,Brown,priya.brown.2998@example.com,2021-03-23,United Kingdom,London
CUST-002999,Maya,Ali,maya.ali.2999@example.com,2025-09-24,India,Mumbai
CUST-003000,Diego,Johnson,diego.johnson.3000@example.com,2026-05-25,United Kingdom,Manchester
CUST-003001,Wei,Silva,wei.silva.3001@example.com,2024-08-30,Germany,Berlin
CUST-003002,Quinn,Costa,quinn.costa.3002@example.com,2021-08-09,United Kingdom,London
CUST-003003,Grace,Nair,grace.nair.3003@example.com,2024-01-15,Canada,Vancouver
CUST-003004,James,Young,james.young.3004@example.com,2024-03-14,Germany,Munich
CUST-003005,Fatima,Nair,fatima.nair.3005@example.com,2021-10-18,India,Delhi
CUST-003006,Aditi,Kim,aditi.kim.3006@example.com,2020-04-14,United States,New York
CUST-003007,Priya,Johnson,priya.johnson.3007@example.com,2023-07-06,Canada,Vancouver
CUST-003008,Chen,Muller,chen.muller.3008@example.com,2026-07-14,Canada,Toronto
CUST-003009,Riya,Mehta,riya.mehta.3009@example.com,2024-04-09,United States,New York
CUST-003010,Amelia,Kapoor,amelia.kapoor.3010@example.com,2026-05-04,United States,Chicago
CUST-003011,Noah,Mehta,noah.mehta.3011@example.com,2025-12-01,India,Mumbai
CUST-003012,Priya,Chen,priya.chen.3012@example.com,2025-11-18,Germany,Munich
CUST-003013,Grace,Lee,grace.lee.3013@example.com,2026-06-14,United States,Seattle
CUST-003014,Sofia,Brown,sofia.brown.3014@example.com,2022-09-22,United Kingdom,Manchester
CUST-003015,Diego,Ali,diego.ali.3015@example.com,2021-04-17,United Kingdom,Birmingham
CUST-003016,Diego,Ali,diego.ali.3016@example.com,2024-08-06,Germany,Munich
CUST-003017,Amelia,Iyer,amelia.iyer.3017@example.com,2025-09-02,United Arab Emirates,Dubai
CUST-003018,Sofia,Iyer,sofia.iyer.3018@example.com,2025-06-06,Germany,Berlin
CUST-003019,Kavya,Park,kavya.park.3019@example.com,2022-07-30,Singapore,Singapore
CUST-003020,Sofia,Martin,sofia.martin.3020@example.com,2024-07-27,United States,Austin
CUST-003021,Priya,Lee,priya.lee.3021@example.com,2023-03-21,Canada,Vancouver
CUST-003022,Grace,Nguyen,grace.nguyen.3022@example.com,2024-07-31,India,Hyderabad
CUST-003023,Maya,Garcia,maya.garcia.3023@example.com,2025-07-17,United Arab Emirates,Dubai
CUST-003024,Zane,Smith,zane.smith.3024@example.com,2020-03-04,Singapore,Singapore
CUST-003025,Arjun,Costa,arjun.costa.3025@example.com,2026-03-21,United Kingdom,Birmingham
CUST-003026,Sofia,Chen,sofia.chen.3026@example.com,2021-02-17,Germany,Berlin
CUST-003027,Yara,Patel,yara.patel.3027@example.com,2024-11-02,Canada,Toronto
CUST-003028,Samir,Smith,samir.smith.3028@example.com,2021-06-26,India,Chennai
CUST-003029,Yara,Wilson,yara.wilson.3029@example.com,2024-09-25,Singapore,Singapore
CUST-003030,Aisha,Muller,aisha.muller.3030@example.com,2026-03-31,Germany,Berlin
CUST-003031,Samir,Kim,samir.kim.3031@example.com,2023-10-11,India,Delhi
CUST-003032,Olivia,Nair,olivia.nair.3032@example.com,2021-03-17,United Arab Emirates,Dubai
CUST-003033,Amelia,Mehta,amelia.mehta.3033@example.com,2025-01-12,United Kingdom,Manchester
CUST-003034,Quinn,Ali,quinn.ali.3034@example.com,2024-11-19,Germany,Munich
CUST-003035,Uma,Chen,uma.chen.3035@example.com,2021-07-05,Germany,Berlin
CUST-003036,Tara,Roy,tara.roy.3036@example.com,2025-09-17,United Arab Emirates,Dubai
CUST-003037,Aisha,Young,aisha.young.3037@example.com,2024-02-24,India,Hyderabad
CUST-003038,Isha,Singh,isha.singh.3038@example.com,2021-12-24,Singapore,Singapore
CUST-003039,Uma,Nguyen,uma.nguyen.3039@example.com,2023-05-02,United States,Chicago
CUST-003040,Grace,Patel,grace.patel.3040@example.com,2025-10-21,United Arab Emirates,Abu Dhabi
CUST-003041,Fatima,Singh,fatima.singh.3041@example.com,2023-07-28,Singapore,Singapore
CUST-003042,Aisha,Patel,aisha.patel.3042@example.com,2022-05-12,Canada,Vancouver
CUST-003043,Maya,Lee,maya.lee.3043@example.com,2023-07-11,United Arab Emirates,Dubai
CUST-003044,Hassan,Kim,hassan.kim.3044@example.com,2021-04-30,United States,Seattle
CUST-003045,Emma,Chen,emma.chen.3045@example.com,2022-07-05,Singapore,Singapore
CUST-003046,Fatima,Kapoor,fatima.kapoor.3046@example.com,2021-03-10,United Kingdom,London
CUST-003047,Riya,Lee,riya.lee.3047@example.com,2021-01-28,United States,Austin
CUST-003048,Noah,Silva,noah.silva.3048@example.com,2021-11-22,United Arab Emirates,Dubai
CUST-003049,Priya,Young,priya.young.3049@example.com,2026-01-20,India,Chennai
CUST-003050,Vikram,Johnson,vikram.johnson.3050@example.com,2025-06-23,India,Mumbai
CUST-003051,Hassan,Johnson,hassan.johnson.3051@example.com,2026-05-28,United Kingdom,Manchester
CUST-003052,Tara,Ali,tara.ali.3052@example.com,2021-05-31,United Arab Emirates,Abu Dhabi
CUST-003053,Fatima,Kapoor,fatima.kapoor.3053@example.com,2021-05-06,India,Hyderabad
CUST-003054,Zane,Costa,zane.costa.3054@example.com,2022-12-13,Singapore,Singapore
CUST-003055,Yara,Garcia,yara.garcia.3055@example.com,2021-04-22,United Kingdom,Manchester
CUST-003056,Vikram,Khan,vikram.khan.3056@example.com,2022-06-30,Germany,Berlin
CUST-003057,Grace,Smith,grace.smith.3057@example.com,2023-10-05,United Arab Emirates,Abu Dhabi
CUST-003058,Kavya,Lopez,kavya.lopez.3058@example.com,2025-10-01,Germany,Berlin
CUST-003059,Samir,Das,samir.das.3059@example.com,2020-06-06,United Kingdom,Manchester
CUST-003060,Arjun,Kapoor,arjun.kapoor.3060@example.com,2025-11-05,Germany,Munich
CUST-003061,Chen,Silva,chen.silva.3061@example.com,2020-05-25,United Arab Emirates,Dubai
CUST-003062,Diego,Garcia,diego.garcia.3062@example.com,2024-03-20,United Arab Emirates,Dubai
CUST-003063,Riya,Johnson,riya.johnson.3063@example.com,2025-04-09,United Kingdom,London
CUST-003064,Leo,Silva,leo.silva.3064@example.com,2025-07-27,United States,Seattle
CUST-003065,Aisha,Johnson,aisha.johnson.3065@example.com,2020-12-29,Germany,Berlin
CUST-003066,Aarav,Costa,aarav.costa.3066@example.com,2025-07-02,India,Chennai
CUST-003067,Priya,Johnson,priya.johnson.3067@example.com,2021-12-30,Germany,Berlin
CUST-003068,James,Das,james.das.3068@example.com,2024-04-06,United Kingdom,Birmingham
CUST-003069,Olivia,Brown,olivia.brown.3069@example.com,2023-11-29,Germany,Munich
CUST-003070,Maya,Wright,maya.wright.3070@example.com,2023-05-14,United States,Austin
CUST-003071,Zane,Kim,zane.kim.3071@example.com,2025-06-09,Germany,Munich
CUST-003072,Vikram,Lopez,vikram.lopez.3072@example.com,2024-01-02,Singapore,Singapore
CUST-003073,Fatima,Nguyen,fatima.nguyen.3073@example.com,2021-04-05,United States,Seattle
CUST-003074,James,Ali,james.ali.3074@example.com,2022-10-10,United Kingdom,Birmingham
CUST-003075,James,Nguyen,james.nguyen.3075@example.com,2025-03-18,United States,Seattle
CUST-003076,Riya,Nguyen,riya.nguyen.3076@example.com,2024-06-18,United Kingdom,Birmingham
CUST-003077,Aisha,Roy,aisha.roy.3077@example.com,2025-06-26,Singapore,Singapore
CUST-003078,Riya,Brown,riya.brown.3078@example.com,2023-04-06,India,Delhi
CUST-003079,Maya,Johnson,maya.johnson.3079@example.com,2024-08-02,Canada,Toronto
CUST-003080,Noah,Roy,noah.roy.3080@example.com,2022-12-07,United Kingdom,Birmingham
CUST-003081,Grace,Costa,grace.costa.3081@example.com,2024-12-15,Singapore,Singapore
CUST-003082,Isha,Lee,isha.lee.3082@example.com,2023-01-04,India,Hyderabad
CUST-003083,Tara,Brown,tara.brown.3083@example.com,2020-07-05,United Kingdom,Manchester
CUST-003084,Kavya,Costa,kavya.costa.3084@example.com,2026-06-02,United States,Austin
CUST-003085,Noah,Johnson,noah.johnson.3085@example.com,2021-03-27,Canada,Vancouver
CUST-003086,Aisha,Nair,aisha.nair.3086@example.com,2020-03-22,United Arab Emirates,Dubai
CUST-003087,Vikram,Muller,vikram.muller.3087@example.com,2023-09-27,India,Delhi
CUST-003088,Uma,Roy,uma.roy.3088@example.com,2020-09-16,United Arab Emirates,Dubai
CUST-003089,Maya,Johnson,maya.johnson.3089@example.com,2026-01-02,United Kingdom,London
CUST-003090,Ben,Silva,ben.silva.3090@example.com,2024-06-08,United Arab Emirates,Dubai
CUST-003091,Fatima,Park,fatima.park.3091@example.com,2024-03-11,United States,Seattle
CUST-003092,James,Johnson,james.johnson.3092@example.com,2022-10-15,United Arab Emirates,Dubai
CUST-003093,Aditi,Thomas,aditi.thomas.3093@example.com,2025-11-26,India,Mumbai
CUST-003094,Maya,Muller,maya.muller.3094@example.com,2025-06-09,Canada,Toronto
CUST-003095,Ben,Kim,ben.kim.3095@example.com,2020-04-09,United Kingdom,London
CUST-003096,Quinn,Roy,quinn.roy.3096@example.com,2022-10-09,Germany,Berlin
CUST-003097,Emma,Mehta,emma.mehta.3097@example.com,2024-03-27,India,Hyderabad
CUST-003098,Aisha,Silva,aisha.silva.3098@example.com,2023-01-10,Germany,Berlin
CUST-003099,Amelia,Khan,amelia.khan.3099@example.com,2024-08-28,United Arab Emirates,Dubai
CUST-003100,Aarav,Mehta,aarav.mehta.3100@example.com,2026-01-27,Canada,Toronto
CUST-003101,Arjun,Mehta,arjun.mehta.3101@example.com,2024-05-21,United Arab Emirates,Dubai
CUST-003102,Wei,Nair,wei.nair.3102@example.com,2023-07-02,Canada,Vancouver
CUST-003103,James,Wilson,james.wilson.3103@example.com,2020-04-05,Germany,Munich
CUST-003104,Emma,Ali,emma.ali.3104@example.com,2021-02-12,United States,Seattle
CUST-003105,Quinn,Ahmed,quinn.ahmed.3105@example.com,2024-03-22,Singapore,Singapore
CUST-003106,James,Khan,james.khan.3106@example.com,2024-07-22,United States,Seattle
CUST-003107,Leo,Kim,leo.kim.3107@example.com,2025-12-24,Germany,Berlin
CUST-003108,Isha,Sharma,isha.sharma.3108@example.com,2024-05-31,Singapore,Singapore
CUST-003109,Uma,Martin,uma.martin.3109@example.com,2021-03-19,Germany,Munich
CUST-003110,Diego,Ahmed,diego.ahmed.3110@example.com,2024-06-15,India,Bengaluru
CUST-003111,Kavya,Iyer,kavya.iyer.3111@example.com,2026-04-25,Singapore,Singapore
CUST-003112,Quinn,Kim,quinn.kim.3112@example.com,2021-08-11,United Kingdom,Birmingham
CUST-003113,Amelia,Nguyen,amelia.nguyen.3113@example.com,2021-11-24,United Arab Emirates,Dubai
CUST-003114,Yara,Chen,yara.chen.3114@example.com,2022-10-20,United Arab Emirates,Dubai
CUST-003115,Aisha,Muller,aisha.muller.3115@example.com,2025-04-23,United Arab Emirates,Dubai
CUST-003116,Aditi,Roy,aditi.roy.3116@example.com,2022-10-29,Singapore,Singapore
CUST-003117,Fatima,Mehta,fatima.mehta.3117@example.com,2021-09-08,United Kingdom,London
CUST-003118,Grace,Das,grace.das.3118@example.com,2024-07-23,United Arab Emirates,Dubai
CUST-003119,Emma,Das,emma.das.3119@example.com,2026-04-22,United States,Chicago
CUST-003120,Noah,Chen,noah.chen.3120@example.com,2022-08-23,United Kingdom,Manchester
CUST-003121,Kavya,Das,kavya.das.3121@example.com,2025-10-08,Singapore,Singapore
CUST-003122,Sofia,Nguyen,sofia.nguyen.3122@example.com,2020-11-13,Singapore,Singapore
CUST-003123,Aisha,Roy,aisha.roy.3123@example.com,2021-10-25,India,Chennai
CUST-003124,Tara,Nguyen,tara.nguyen.3124@example.com,2022-03-19,United States,Chicago
CUST-003125,Yara,Nguyen,yara.nguyen.3125@example.com,2024-10-03,India,Hyderabad
CUST-003126,Ben,Lopez,ben.lopez.3126@example.com,2025-11-18,Canada,Vancouver
CUST-003127,Aisha,Mehta,aisha.mehta.3127@example.com,2026-02-18,Canada,Vancouver
CUST-003128,Isha,Sharma,isha.sharma.3128@example.com,2021-04-26,United Kingdom,Manchester
CUST-003129,Fatima,Mehta,fatima.mehta.3129@example.com,2023-01-15,Germany,Munich
CUST-003130,Priya,Young,priya.young.3130@example.com,2026-04-28,United Kingdom,Birmingham
CUST-003131,Ben,Garcia,ben.garcia.3131@example.com,2025-11-13,United Kingdom,Birmingham
CUST-003132,Chen,Park,chen.park.3132@example.com,2024-02-29,United Arab Emirates,Abu Dhabi
CUST-003133,Leo,Ali,leo.ali.3133@example.com,2023-09-14,United States,Austin
CUST-003134,Ben,Wilson,ben.wilson.3134@example.com,2025-04-24,Germany,Berlin
CUST-003135,Grace,Costa,grace.costa.3135@example.com,2021-09-07,United States,Chicago
CUST-003136,Amelia,Sharma,amelia.sharma.3136@example.com,2022-02-07,United Kingdom,London
CUST-003137,Samir,Nguyen,samir.nguyen.3137@example.com,2025-02-21,United Arab Emirates,Abu Dhabi
CUST-003138,Arjun,Patel,arjun.patel.3138@example.com,2025-04-03,United Arab Emirates,Dubai
CUST-003139,Amelia,Iyer,amelia.iyer.3139@example.com,2026-04-09,Germany,Berlin
CUST-003140,Hassan,Lopez,hassan.lopez.3140@example.com,2022-02-28,India,Delhi
CUST-003141,Fatima,Silva,fatima.silva.3141@example.com,2024-10-11,Canada,Vancouver
CUST-003142,Hassan,Nair,hassan.nair.3142@example.com,2024-07-09,Canada,Vancouver
CUST-003143,Noah,Martin,noah.martin.3143@example.com,2022-04-09,Germany,Berlin
CUST-003144,Olivia,Garcia,olivia.garcia.3144@example.com,2022-06-05,India,Delhi
CUST-003145,Ben,Lee,ben.lee.3145@example.com,2021-02-23,United Arab Emirates,Dubai
CUST-003146,Vikram,Wilson,vikram.wilson.3146@example.com,2024-04-17,United Arab Emirates,Abu Dhabi
CUST-003147,Olivia,Roy,olivia.roy.3147@example.com,2023-02-09,Canada,Vancouver
CUST-003148,Chen,Smith,chen.smith.3148@example.com,2022-08-07,India,Bengaluru
CUST-003149,Amelia,Kapoor,amelia.kapoor.3149@example.com,2021-08-23,Canada,Toronto
CUST-003150,Ben,Chen,ben.chen.3150@example.com,2020-01-02,Canada,Vancouver
CUST-003151,Amelia,Young,amelia.young.3151@example.com,2021-07-15,India,Chennai
CUST-003152,Vikram,Ali,vikram.ali.3152@example.com,2025-04-16,Singapore,Singapore
CUST-003153,Fatima,Wilson,fatima.wilson.3153@example.com,2021-04-25,Canada,Toronto
CUST-003154,Noah,Muller,noah.muller.3154@example.com,2024-04-28,Singapore,Singapore
CUST-003155,Hassan,Kim,hassan.kim.3155@example.com,2025-11-08,Canada,Vancouver
CUST-003156,Maya,Khan,maya.khan.3156@example.com,2022-05-26,United Arab Emirates,Dubai
CUST-003157,Quinn,Silva,quinn.silva.3157@example.com,2021-08-08,United Kingdom,Manchester
CUST-003158,Noah,Ali,noah.ali.3158@example.com,2022-10-23,Singapore,Singapore
CUST-003159,Noah,Young,noah.young.3159@example.com,2023-11-27,Singapore,Singapore
CUST-003160,Aarav,Thomas,aarav.thomas.3160@example.com,2025-03-24,United Kingdom,Birmingham
CUST-003161,Hassan,Mehta,hassan.mehta.3161@example.com,2022-05-25,Singapore,Singapore
CUST-003162,Isha,Iyer,isha.iyer.3162@example.com,2020-02-13,United States,Austin
CUST-003163,Kavya,Iyer,kavya.iyer.3163@example.com,2022-03-09,United Arab Emirates,Dubai
CUST-003164,Olivia,Kim,olivia.kim.3164@example.com,2021-01-20,United Kingdom,Manchester
CUST-003165,Sofia,Lee,sofia.lee.3165@example.com,2020-02-23,United Arab Emirates,Abu Dhabi
CUST-003166,Aditi,Lopez,aditi.lopez.3166@example.com,2025-05-14,United Kingdom,Manchester
CUST-003167,Aditi,Das,aditi.das.3167@example.com,2022-11-02,Germany,Munich
CUST-003168,Quinn,Patel,quinn.patel.3168@example.com,2020-05-04,United Arab Emirates,Abu Dhabi
CUST-003169,Priya,Lopez,priya.lopez.3169@example.com,2025-07-01,Singapore,Singapore
CUST-003170,Leo,Mehta,leo.mehta.3170@example.com,2026-02-12,Canada,Toronto
CUST-003171,Aditi,Iyer,aditi.iyer.3171@example.com,2021-09-19,India,Bengaluru
CUST-003172,Yara,Thomas,yara.thomas.3172@example.com,2020-12-05,United States,Chicago
CUST-003173,Wei,Thomas,wei.thomas.3173@example.com,2020-08-17,India,Hyderabad
CUST-003174,Quinn,Das,quinn.das.3174@example.com,2023-07-11,India,Mumbai
CUST-003175,Yara,Martin,yara.martin.3175@example.com,2022-03-06,United Kingdom,Birmingham
CUST-003176,Priya,Mehta,priya.mehta.3176@example.com,2023-09-24,India,Delhi
CUST-003177,Zane,Das,zane.das.3177@example.com,2026-07-31,United States,Seattle
CUST-003178,Maya,Sharma,maya.sharma.3178@example.com,2024-07-09,Germany,Munich
CUST-003179,Wei,Wright,wei.wright.3179@example.com,2020-09-08,Germany,Berlin
CUST-003180,Chen,Silva,chen.silva.3180@example.com,2025-08-16,Canada,Toronto
CUST-003181,Tara,Lee,tara.lee.3181@example.com,2021-12-07,India,Hyderabad
CUST-003182,Aditi,Lee,aditi.lee.3182@example.com,2022-03-24,United Arab Emirates,Abu Dhabi
CUST-003183,Ben,Lopez,ben.lopez.3183@example.com,2020-01-14,Germany,Munich
CUST-003184,Emma,Martin,emma.martin.3184@example.com,2021-04-27,United Kingdom,Manchester
CUST-003185,Kavya,Ahmed,kavya.ahmed.3185@example.com,2020-12-18,Canada,Vancouver
CUST-003186,Amelia,Nguyen,amelia.nguyen.3186@example.com,2022-01-17,India,Mumbai
CUST-003187,Ben,Singh,ben.singh.3187@example.com,2020-03-23,United Arab Emirates,Dubai
CUST-003188,Vikram,Sharma,vikram.sharma.3188@example.com,2024-03-14,United States,Chicago
CUST-003189,Amelia,Young,amelia.young.3189@example.com,2022-10-07,Germany,Munich
CUST-003190,Wei,Wright,wei.wright.3190@example.com,2022-02-21,Germany,Berlin
CUST-003191,Fatima,Patel,fatima.patel.3191@example.com,2023-03-21,Singapore,Singapore
CUST-003192,Emma,Garcia,emma.garcia.3192@example.com,2023-07-16,United Arab Emirates,Abu Dhabi
CUST-003193,Diego,Silva,diego.silva.3193@example.com,2023-01-22,United States,Austin
CUST-003194,Ben,Kim,ben.kim.3194@example.com,2024-12-05,United Kingdom,Manchester
CUST-003195,Amelia,Chen,amelia.chen.3195@example.com,2026-06-28,United Kingdom,Manchester
CUST-003196,Hassan,Roy,hassan.roy.3196@example.com,2025-11-12,Germany,Munich
CUST-003197,Wei,Lopez,wei.lopez.3197@example.com,2021-11-29,Germany,Berlin
CUST-003198,Wei,Ahmed,wei.ahmed.3198@example.com,2021-09-29,Singapore,Singapore
CUST-003199,Samir,Costa,samir.costa.3199@example.com,2023-03-28,United Kingdom,London
CUST-003200,Grace,Das,grace.das.3200@example.com,2026-03-09,United Arab Emirates,Abu Dhabi
CUST-003201,Amelia,Wilson,amelia.wilson.3201@example.com,2022-05-13,Canada,Vancouver
CUST-003202,Chen,Ali,chen.ali.3202@example.com,2020-05-08,United Kingdom,London
CUST-003203,Maya,Wright,maya.wright.3203@example.com,2022-02-02,Germany,Munich
CUST-003204,Aisha,Ali,aisha.ali.3204@example.com,2023-08-15,United Arab Emirates,Abu Dhabi
CUST-003205,Olivia,Muller,olivia.muller.3205@example.com,2026-08-07,Germany,Berlin
CUST-003206,Grace,Das,grace.das.3206@example.com,2024-01-09,India,Mumbai
CUST-003207,Ben,Costa,ben.costa.3207@example.com,2023-10-02,Singapore,Singapore
CUST-003208,Quinn,Young,quinn.young.3208@example.com,2022-02-05,India,Delhi
CUST-003209,Fatima,Smith,fatima.smith.3209@example.com,2026-02-17,Singapore,Singapore
CUST-003210,Uma,Sharma,uma.sharma.3210@example.com,2025-02-12,Singapore,Singapore
CUST-003211,Tara,Muller,tara.muller.3211@example.com,2022-09-24,Singapore,Singapore
CUST-003212,Tara,Iyer,tara.iyer.3212@example.com,2023-10-15,United Arab Emirates,Abu Dhabi
CUST-003213,Riya,Muller,riya.muller.3213@example.com,2020-06-13,United Kingdom,London
CUST-003214,Uma,Kapoor,uma.kapoor.3214@example.com,2021-03-17,United Arab Emirates,Abu Dhabi
CUST-003215,James,Roy,james.roy.3215@example.com,2026-06-23,United Kingdom,Manchester
CUST-003216,Olivia,Sharma,olivia.sharma.3216@example.com,2025-09-28,United States,Austin
CUST-003217,Sofia,Kim,sofia.kim.3217@example.com,2025-11-16,United Arab Emirates,Dubai
CUST-003218,Olivia,Roy,olivia.roy.3218@example.com,2021-06-16,United States,Seattle
CUST-003219,Vikram,Patel,vikram.patel.3219@example.com,2023-06-20,India,Bengaluru
CUST-003220,Vikram,Iyer,vikram.iyer.3220@example.com,2024-06-09,Singapore,Singapore
CUST-003221,Kavya,Sharma,kavya.sharma.3221@example.com,2021-08-27,Germany,Berlin
CUST-003222,Zane,Smith,zane.smith.3222@example.com,2023-06-13,United Kingdom,London
CUST-003223,Ben,Brown,ben.brown.3223@example.com,2022-04-12,Canada,Vancouver
CUST-003224,Amelia,Mehta,amelia.mehta.3224@example.com,2021-09-23,United States,Seattle
CUST-003225,Aarav,Chen,aarav.chen.3225@example.com,2023-11-12,United States,New York
CUST-003226,Leo,Martin,leo.martin.3226@example.com,2024-06-02,Germany,Berlin
CUST-003227,Sofia,Chen,sofia.chen.3227@example.com,2024-03-21,Germany,Munich
CUST-003228,Samir,Brown,samir.brown.3228@example.com,2021-01-27,Canada,Vancouver
CUST-003229,Aisha,Singh,aisha.singh.3229@example.com,2021-06-30,Canada,Vancouver
CUST-003230,Uma,Singh,uma.singh.3230@example.com,2024-10-05,United Kingdom,Birmingham
CUST-003231,Isha,Martin,isha.martin.3231@example.com,2023-11-21,India,Hyderabad
CUST-003232,Riya,Mehta,riya.mehta.3232@example.com,2020-04-20,United Arab Emirates,Dubai
CUST-003233,Zane,Nair,zane.nair.3233@example.com,2022-08-21,United States,Seattle
CUST-003234,Hassan,Singh,hassan.singh.3234@example.com,2020-01-07,United Arab Emirates,Abu Dhabi
CUST-003235,Sofia,Khan,sofia.khan.3235@example.com,2022-07-31,Germany,Berlin
CUST-003236,Leo,Johnson,leo.johnson.3236@example.com,2022-05-15,India,Delhi
CUST-003237,James,Khan,james.khan.3237@example.com,2024-04-22,United Kingdom,Birmingham
CUST-003238,Ben,Costa,ben.costa.3238@example.com,2023-03-13,United States,Seattle
CUST-003239,Isha,Wright,isha.wright.3239@example.com,2025-05-22,Canada,Toronto
CUST-003240,Emma,Costa,emma.costa.3240@example.com,2021-10-31,United States,Chicago
CUST-003241,Riya,Wilson,riya.wilson.3241@example.com,2021-03-11,Canada,Vancouver
CUST-003242,Vikram,Khan,vikram.khan.3242@example.com,2021-02-19,United Kingdom,Birmingham
CUST-003243,Yara,Muller,yara.muller.3243@example.com,2020-02-20,Canada,Toronto
CUST-003244,Grace,Garcia,grace.garcia.3244@example.com,2025-09-07,United Arab Emirates,Abu Dhabi
CUST-003245,Riya,Ali,riya.ali.3245@example.com,2025-06-14,India,Hyderabad
CUST-003246,James,Roy,james.roy.3246@example.com,2023-05-25,India,Hyderabad
CUST-003247,Emma,Mehta,emma.mehta.3247@example.com,2021-04-19,Germany,Munich
CUST-003248,Maya,Iyer,maya.iyer.3248@example.com,2025-04-23,Canada,Vancouver
CUST-003249,Yara,Martin,yara.martin.3249@example.com,2021-04-02,United Kingdom,London
CUST-003250,James,Martin,james.martin.3250@example.com,2024-04-19,Canada,Toronto
CUST-003251,Aisha,Sharma,aisha.sharma.3251@example.com,2026-08-14,United Kingdom,Manchester
CUST-003252,Chen,Wilson,chen.wilson.3252@example.com,2025-02-06,Canada,Vancouver
CUST-003253,Aditi,Ali,aditi.ali.3253@example.com,2020-06-12,United Kingdom,London
CUST-003254,Yara,Chen,yara.chen.3254@example.com,2024-02-12,Singapore,Singapore
CUST-003255,Zane,Nair,zane.nair.3255@example.com,2024-02-21,Germany,Munich
CUST-003256,James,Singh,james.singh.3256@example.com,2023-04-28,Germany,Berlin
CUST-003257,Noah,Lee,noah.lee.3257@example.com,2023-04-16,United States,Seattle
CUST-003258,James,Sharma,james.sharma.3258@example.com,2023-08-22,Singapore,Singapore
CUST-003259,Quinn,Patel,quinn.patel.3259@example.com,2021-04-02,United Arab Emirates,Abu Dhabi
CUST-003260,Tara,Patel,tara.patel.3260@example.com,2024-06-10,United Arab Emirates,Dubai
CUST-003261,Ben,Khan,ben.khan.3261@example.com,2021-01-22,United Arab Emirates,Dubai
CUST-003262,Tara,Garcia,tara.garcia.3262@example.com,2025-07-14,Germany,Munich
CUST-003263,Zane,Lee,zane.lee.3263@example.com,2025-02-19,United Kingdom,Birmingham
CUST-003264,Priya,Brown,priya.brown.3264@example.com,2025-11-14,Canada,Vancouver
CUST-003265,Aditi,Khan,aditi.khan.3265@example.com,2024-03-06,United Kingdom,London
CUST-003266,Aisha,Nair,aisha.nair.3266@example.com,2021-02-18,Germany,Munich
CUST-003267,Maya,Mehta,maya.mehta.3267@example.com,2023-10-15,India,Delhi
CUST-003268,James,Muller,james.muller.3268@example.com,2022-01-23,India,Delhi
CUST-003269,Tara,Lopez,tara.lopez.3269@example.com,2020-11-20,Germany,Munich
CUST-003270,Arjun,Park,arjun.park.3270@example.com,2026-05-27,United States,Seattle
CUST-003271,Fatima,Nair,fatima.nair.3271@example.com,2026-01-17,United Arab Emirates,Dubai
CUST-003272,Samir,Park,samir.park.3272@example.com,2024-03-12,India,Chennai
CUST-003273,Leo,Johnson,leo.johnson.3273@example.com,2024-11-24,Canada,Vancouver
CUST-003274,Tara,Das,tara.das.3274@example.com,2022-01-30,Canada,Vancouver
CUST-003275,Maya,Wright,maya.wright.3275@example.com,2024-06-20,India,Bengaluru
CUST-003276,Riya,Kim,riya.kim.3276@example.com,2020-01-21,United Kingdom,Manchester
CUST-003277,Chen,Sharma,chen.sharma.3277@example.com,2024-08-24,Canada,Toronto
CUST-003278,Emma,Lee,emma.lee.3278@example.com,2023-07-27,Singapore,Singapore
CUST-003279,Diego,Brown,diego.brown.3279@example.com,2023-08-22,India,Bengaluru
CUST-003280,Amelia,Nair,amelia.nair.3280@example.com,2025-03-01,United Kingdom,Birmingham
CUST-003281,James,Lopez,james.lopez.3281@example.com,2023-09-08,United Arab Emirates,Abu Dhabi
CUST-003282,Leo,Kapoor,leo.kapoor.3282@example.com,2020-02-21,United Arab Emirates,Abu Dhabi
CUST-003283,Grace,Singh,grace.singh.3283@example.com,2024-12-25,United Kingdom,London
CUST-003284,Kavya,Thomas,kavya.thomas.3284@example.com,2025-08-05,Germany,Berlin
CUST-003285,Noah,Das,noah.das.3285@example.com,2024-05-16,United States,Seattle
CUST-003286,Isha,Patel,isha.patel.3286@example.com,2026-05-29,Germany,Berlin
CUST-003287,Quinn,Chen,quinn.chen.3287@example.com,2023-11-15,United Arab Emirates,Dubai
CUST-003288,Chen,Mehta,chen.mehta.3288@example.com,2024-02-21,United Arab Emirates,Abu Dhabi
CUST-003289,Fatima,Roy,fatima.roy.3289@example.com,2025-01-23,United Kingdom,Birmingham
CUST-003290,Kavya,Sharma,kavya.sharma.3290@example.com,2026-07-23,United States,Austin
CUST-003291,Priya,Iyer,priya.iyer.3291@example.com,2024-11-02,United Arab Emirates,Abu Dhabi
CUST-003292,Uma,Sharma,uma.sharma.3292@example.com,2023-03-08,Canada,Vancouver
CUST-003293,Diego,Muller,diego.muller.3293@example.com,2021-06-23,United Arab Emirates,Abu Dhabi
CUST-003294,Priya,Thomas,priya.thomas.3294@example.com,2021-02-01,India,Hyderabad
CUST-003295,Chen,Johnson,chen.johnson.3295@example.com,2026-05-26,India,Delhi
CUST-003296,Ben,Thomas,ben.thomas.3296@example.com,2024-06-30,United States,Chicago
CUST-003297,Hassan,Roy,hassan.roy.3297@example.com,2024-09-08,United States,Seattle
CUST-003298,Grace,Roy,grace.roy.3298@example.com,2021-03-08,United Kingdom,Birmingham
CUST-003299,Zane,Wright,zane.wright.3299@example.com,2023-07-25,Germany,Munich
CUST-003300,Diego,Thomas,diego.thomas.3300@example.com,2025-07-19,Singapore,Singapore
CUST-003301,Fatima,Silva,fatima.silva.3301@example.com,2021-10-04,Singapore,Singapore
CUST-003302,Isha,Kim,isha.kim.3302@example.com,2025-12-21,India,Delhi
CUST-003303,Uma,Ali,uma.ali.3303@example.com,2021-12-06,Germany,Berlin
CUST-003304,Isha,Ahmed,isha.ahmed.3304@example.com,2024-09-08,Germany,Munich
CUST-003305,James,Johnson,james.johnson.3305@example.com,2020-04-28,Germany,Berlin
CUST-003306,Aisha,Nair,aisha.nair.3306@example.com,2025-08-23,United Arab Emirates,Dubai
CUST-003307,Priya,Ahmed,priya.ahmed.3307@example.com,2024-08-01,Germany,Berlin
CUST-003308,Grace,Nair,grace.nair.3308@example.com,2021-11-12,United States,Chicago
CUST-003309,Riya,Khan,riya.khan.3309@example.com,2020-04-03,United Kingdom,Birmingham
CUST-003310,Priya,Young,priya.young.3310@example.com,2024-05-13,Canada,Toronto
CUST-003311,Yara,Kapoor,yara.kapoor.3311@example.com,2025-02-18,United States,Seattle
CUST-003312,Tara,Thomas,tara.thomas.3312@example.com,2021-12-18,United States,Chicago
CUST-003313,Sofia,Das,sofia.das.3313@example.com,2023-08-14,United States,Austin
CUST-003314,Fatima,Khan,fatima.khan.3314@example.com,2022-04-27,India,Chennai
CUST-003315,Kavya,Ali,kavya.ali.3315@example.com,2024-12-22,United States,Austin
CUST-003316,Vikram,Smith,vikram.smith.3316@example.com,2025-08-10,Singapore,Singapore
CUST-003317,Vikram,Nair,vikram.nair.3317@example.com,2023-09-18,Canada,Toronto
CUST-003318,Diego,Ali,diego.ali.3318@example.com,2020-10-13,Germany,Berlin
CUST-003319,Tara,Patel,tara.patel.3319@example.com,2024-07-22,Germany,Munich
CUST-003320,Yara,Muller,yara.muller.3320@example.com,2024-09-04,India,Delhi
CUST-003321,Zane,Das,zane.das.3321@example.com,2021-05-10,United Arab Emirates,Dubai
CUST-003322,Kavya,Chen,kavya.chen.3322@example.com,2020-09-01,Canada,Vancouver
CUST-003323,Vikram,Muller,vikram.muller.3323@example.com,2020-06-12,Canada,Vancouver
CUST-003324,Isha,Das,isha.das.3324@example.com,2024-12-07,United Arab Emirates,Abu Dhabi
CUST-003325,Vikram,Nguyen,vikram.nguyen.3325@example.com,2021-08-20,India,Delhi
CUST-003326,Uma,Silva,uma.silva.3326@example.com,2021-04-02,United Arab Emirates,Dubai
CUST-003327,Hassan,Costa,hassan.costa.3327@example.com,2023-10-23,Germany,Berlin
CUST-003328,Sofia,Brown,sofia.brown.3328@example.com,2025-05-30,Canada,Toronto
CUST-003329,Emma,Nguyen,emma.nguyen.3329@example.com,2020-10-30,United Kingdom,Manchester
CUST-003330,Zane,Das,zane.das.3330@example.com,2022-09-29,Singapore,Singapore
CUST-003331,Grace,Kim,grace.kim.3331@example.com,2024-12-26,Germany,Munich
CUST-003332,Vikram,Ali,vikram.ali.3332@example.com,2022-11-22,Germany,Munich
CUST-003333,Priya,Patel,priya.patel.3333@example.com,2021-07-27,Canada,Toronto
CUST-003334,Maya,Kim,maya.kim.3334@example.com,2022-06-24,India,Delhi
CUST-003335,Olivia,Iyer,olivia.iyer.3335@example.com,2023-04-07,Germany,Munich
CUST-003336,Samir,Smith,samir.smith.3336@example.com,2023-06-02,United Arab Emirates,Abu Dhabi
CUST-003337,Samir,Ali,samir.ali.3337@example.com,2023-04-22,Germany,Berlin
CUST-003338,Tara,Park,tara.park.3338@example.com,2021-06-10,Germany,Berlin
CUST-003339,Priya,Kim,priya.kim.3339@example.com,2024-04-22,Canada,Vancouver
CUST-003340,Quinn,Brown,quinn.brown.3340@example.com,2022-05-16,India,Chennai
CUST-003341,Fatima,Garcia,fatima.garcia.3341@example.com,2020-02-19,United Arab Emirates,Abu Dhabi
CUST-003342,Hassan,Mehta,hassan.mehta.3342@example.com,2025-10-17,United Arab Emirates,Abu Dhabi
CUST-003343,Leo,Nair,leo.nair.3343@example.com,2023-11-10,United States,Austin
CUST-003344,Olivia,Thomas,olivia.thomas.3344@example.com,2023-07-11,United Arab Emirates,Abu Dhabi
CUST-003345,Isha,Thomas,isha.thomas.3345@example.com,2021-11-23,Singapore,Singapore
CUST-003346,Ben,Chen,ben.chen.3346@example.com,2020-02-28,Singapore,Singapore
CUST-003347,Grace,Brown,grace.brown.3347@example.com,2022-04-25,United Kingdom,London
CUST-003348,Aisha,Lee,aisha.lee.3348@example.com,2021-05-04,United Arab Emirates,Dubai
CUST-003349,Hassan,Chen,hassan.chen.3349@example.com,2026-05-21,Singapore,Singapore
CUST-003350,Wei,Mehta,wei.mehta.3350@example.com,2025-11-16,Canada,Toronto
CUST-003351,Tara,Johnson,tara.johnson.3351@example.com,2020-05-14,United Kingdom,Manchester
CUST-003352,Quinn,Nguyen,quinn.nguyen.3352@example.com,2025-09-09,United Kingdom,London
CUST-003353,Emma,Martin,emma.martin.3353@example.com,2026-01-11,United Arab Emirates,Dubai
CUST-003354,Vikram,Patel,vikram.patel.3354@example.com,2026-05-10,Singapore,Singapore
CUST-003355,Diego,Lee,diego.lee.3355@example.com,2022-01-18,Canada,Toronto
CUST-003356,Diego,Das,diego.das.3356@example.com,2025-02-11,Germany,Berlin
CUST-003357,Aditi,Nair,aditi.nair.3357@example.com,2026-03-10,United Kingdom,Manchester
CUST-003358,Amelia,Mehta,amelia.mehta.3358@example.com,2020-09-17,United States,Austin
CUST-003359,Maya,Kim,maya.kim.3359@example.com,2022-04-30,India,Bengaluru
CUST-003360,Diego,Ahmed,diego.ahmed.3360@example.com,2026-07-08,Canada,Vancouver
CUST-003361,Kavya,Nguyen,kavya.nguyen.3361@example.com,2020-07-28,United Arab Emirates,Abu Dhabi
CUST-003362,Vikram,Lopez,vikram.lopez.3362@example.com,2022-03-15,India,Hyderabad
CUST-003363,Arjun,Ali,arjun.ali.3363@example.com,2025-05-03,India,Bengaluru
CUST-003364,Arjun,Martin,arjun.martin.3364@example.com,2022-05-30,United Arab Emirates,Abu Dhabi
CUST-003365,Fatima,Ahmed,fatima.ahmed.3365@example.com,2026-07-10,India,Hyderabad
CUST-003366,Yara,Young,yara.young.3366@example.com,2024-12-18,India,Bengaluru
CUST-003367,Olivia,Park,olivia.park.3367@example.com,2025-02-11,Germany,Berlin
CUST-003368,Emma,Roy,emma.roy.3368@example.com,2023-01-13,Singapore,Singapore
CUST-003369,Quinn,Smith,quinn.smith.3369@example.com,2025-09-08,United Kingdom,Manchester
CUST-003370,Maya,Kim,maya.kim.3370@example.com,2023-05-12,Germany,Munich
CUST-003371,Yara,Martin,yara.martin.3371@example.com,2023-10-29,United States,Seattle
CUST-003372,Riya,Martin,riya.martin.3372@example.com,2023-06-18,United Arab Emirates,Abu Dhabi
CUST-003373,Arjun,Roy,arjun.roy.3373@example.com,2025-06-20,United States,New York
CUST-003374,Grace,Young,grace.young.3374@example.com,2025-04-11,United Arab Emirates,Abu Dhabi
CUST-003375,Ben,Smith,ben.smith.3375@example.com,2024-11-04,India,Delhi
CUST-003376,Arjun,Kapoor,arjun.kapoor.3376@example.com,2024-12-20,Canada,Vancouver
CUST-003377,Quinn,Wright,quinn.wright.3377@example.com,2022-01-18,United Arab Emirates,Dubai
CUST-003378,Uma,Nguyen,uma.nguyen.3378@example.com,2022-08-07,Canada,Toronto
CUST-003379,Fatima,Wilson,fatima.wilson.3379@example.com,2023-08-03,United Kingdom,Birmingham
CUST-003380,Leo,Nguyen,leo.nguyen.3380@example.com,2023-05-14,Germany,Berlin
CUST-003381,Olivia,Wright,olivia.wright.3381@example.com,2023-08-19,United States,Austin
CUST-003382,Chen,Roy,chen.roy.3382@example.com,2021-12-04,Singapore,Singapore
CUST-003383,Priya,Wright,priya.wright.3383@example.com,2023-08-26,United States,Chicago
CUST-003384,Quinn,Nair,quinn.nair.3384@example.com,2024-09-03,Canada,Vancouver
CUST-003385,Diego,Kapoor,diego.kapoor.3385@example.com,2025-04-17,United Kingdom,Manchester
CUST-003386,Hassan,Garcia,hassan.garcia.3386@example.com,2023-09-28,United Kingdom,Birmingham
CUST-003387,Hassan,Silva,hassan.silva.3387@example.com,2023-07-15,Germany,Munich
CUST-003388,Fatima,Costa,fatima.costa.3388@example.com,2024-05-30,United Arab Emirates,Abu Dhabi
CUST-003389,Aarav,Roy,aarav.roy.3389@example.com,2020-08-14,Singapore,Singapore
CUST-003390,Hassan,Lopez,hassan.lopez.3390@example.com,2021-07-27,Canada,Vancouver
CUST-003391,Uma,Lee,uma.lee.3391@example.com,2022-04-08,India,Bengaluru
CUST-003392,Riya,Das,riya.das.3392@example.com,2023-04-22,United Kingdom,Manchester
CUST-003393,Aarav,Singh,aarav.singh.3393@example.com,2024-04-15,Singapore,Singapore
CUST-003394,Noah,Martin,noah.martin.3394@example.com,2022-03-27,Germany,Berlin
CUST-003395,Priya,Wilson,priya.wilson.3395@example.com,2023-01-27,Singapore,Singapore
CUST-003396,Amelia,Brown,amelia.brown.3396@example.com,2023-08-26,United States,Chicago
CUST-003397,Tara,Ahmed,tara.ahmed.3397@example.com,2020-07-07,Singapore,Singapore
CUST-003398,Samir,Kapoor,samir.kapoor.3398@example.com,2025-06-17,Germany,Berlin
CUST-003399,Emma,Nair,emma.nair.3399@example.com,2024-03-16,United Arab Emirates,Dubai
CUST-003400,Arjun,Patel,arjun.patel.3400@example.com,2023-11-04,Germany,Munich
CUST-003401,Noah,Iyer,noah.iyer.3401@example.com,2023-03-10,Singapore,Singapore
CUST-003402,Leo,Garcia,leo.garcia.3402@example.com,2020-10-30,Germany,Munich
CUST-003403,Uma,Mehta,uma.mehta.3403@example.com,2021-09-13,Singapore,Singapore
CUST-003404,Olivia,Kim,olivia.kim.3404@example.com,2022-03-30,United Arab Emirates,Dubai
CUST-003405,Kavya,Brown,kavya.brown.3405@example.com,2026-06-03,United Kingdom,Birmingham
CUST-003406,Uma,Wright,uma.wright.3406@example.com,2026-03-30,United Kingdom,Birmingham
CUST-003407,Wei,Kim,wei.kim.3407@example.com,2020-03-30,Germany,Berlin
CUST-003408,Uma,Roy,uma.roy.3408@example.com,2023-07-09,India,Delhi
CUST-003409,Zane,Roy,zane.roy.3409@example.com,2022-05-29,Singapore,Singapore
CUST-003410,Grace,Ali,grace.ali.3410@example.com,2025-03-02,United States,Seattle
CUST-003411,Grace,Johnson,grace.johnson.3411@example.com,2022-11-26,Germany,Munich
CUST-003412,Priya,Mehta,priya.mehta.3412@example.com,2021-07-28,India,Mumbai
CUST-003413,Quinn,Costa,quinn.costa.3413@example.com,2024-06-11,Singapore,Singapore
CUST-003414,Vikram,Patel,vikram.patel.3414@example.com,2025-12-04,Canada,Toronto
CUST-003415,Sofia,Wilson,sofia.wilson.3415@example.com,2020-03-07,United Kingdom,Birmingham
CUST-003416,James,Patel,james.patel.3416@example.com,2023-09-01,United Arab Emirates,Abu Dhabi
CUST-003417,Fatima,Ahmed,fatima.ahmed.3417@example.com,2020-10-01,United Kingdom,Birmingham
CUST-003418,Amelia,Ahmed,amelia.ahmed.3418@example.com,2026-04-05,India,Mumbai
CUST-003419,Noah,Smith,noah.smith.3419@example.com,2025-10-04,Canada,Toronto
CUST-003420,Olivia,Kapoor,olivia.kapoor.3420@example.com,2022-02-20,Singapore,Singapore
CUST-003421,Uma,Wright,uma.wright.3421@example.com,2023-02-08,Singapore,Singapore
CUST-003422,Kavya,Young,kavya.young.3422@example.com,2021-09-15,Germany,Munich
CUST-003423,Amelia,Smith,amelia.smith.3423@example.com,2026-06-14,Germany,Munich
CUST-003424,Kavya,Wilson,kavya.wilson.3424@example.com,2024-11-06,Canada,Toronto
CUST-003425,Isha,Ahmed,isha.ahmed.3425@example.com,2020-01-27,United Kingdom,Birmingham
CUST-003426,Wei,Muller,wei.muller.3426@example.com,2020-02-04,India,Bengaluru
CUST-003427,Grace,Costa,grace.costa.3427@example.com,2022-11-26,United States,Austin
CUST-003428,Olivia,Wright,olivia.wright.3428@example.com,2023-08-30,Canada,Vancouver
CUST-003429,Quinn,Wright,quinn.wright.3429@example.com,2026-06-10,United States,Seattle
CUST-003430,Zane,Young,zane.young.3430@example.com,2026-06-20,Germany,Berlin
CUST-003431,Chen,Roy,chen.roy.3431@example.com,2022-04-24,United States,Seattle
CUST-003432,Ben,Nguyen,ben.nguyen.3432@example.com,2025-12-24,India,Chennai
CUST-003433,Yara,Patel,yara.patel.3433@example.com,2021-06-05,Canada,Vancouver
CUST-003434,Amelia,Singh,amelia.singh.3434@example.com,2023-07-15,Canada,Toronto
CUST-003435,Riya,Johnson,riya.johnson.3435@example.com,2023-05-25,United States,Austin
CUST-003436,James,Lee,james.lee.3436@example.com,2022-06-08,United States,Seattle
CUST-003437,Aarav,Garcia,aarav.garcia.3437@example.com,2021-05-19,Singapore,Singapore
CUST-003438,Aarav,Ali,aarav.ali.3438@example.com,2022-05-04,Canada,Vancouver
CUST-003439,Aditi,Ali,aditi.ali.3439@example.com,2024-06-23,Singapore,Singapore
CUST-003440,Chen,Roy,chen.roy.3440@example.com,2026-08-14,Singapore,Singapore
CUST-003441,Amelia,Smith,amelia.smith.3441@example.com,2026-06-26,United Arab Emirates,Dubai
CUST-003442,Ben,Roy,ben.roy.3442@example.com,2021-05-07,United States,Chicago
CUST-003443,Tara,Nair,tara.nair.3443@example.com,2023-07-21,United Kingdom,Manchester
CUST-003444,Chen,Johnson,chen.johnson.3444@example.com,2025-09-07,India,Delhi
CUST-003445,Leo,Lee,leo.lee.3445@example.com,2021-04-03,United Arab Emirates,Abu Dhabi
CUST-003446,Aarav,Sharma,aarav.sharma.3446@example.com,2024-09-16,Singapore,Singapore
CUST-003447,Yara,Nguyen,yara.nguyen.3447@example.com,2024-01-16,United Kingdom,Manchester
CUST-003448,Wei,Khan,wei.khan.3448@example.com,2023-05-16,Singapore,Singapore
CUST-003449,Samir,Khan,samir.khan.3449@example.com,2024-05-15,Germany,Munich
CUST-003450,Aarav,Lee,aarav.lee.3450@example.com,2023-08-17,Germany,Berlin
CUST-003451,Aisha,Thomas,aisha.thomas.3451@example.com,2021-12-27,United States,New York
CUST-003452,Aisha,Wilson,aisha.wilson.3452@example.com,2021-07-28,United States,Chicago
CUST-003453,Uma,Patel,uma.patel.3453@example.com,2022-05-09,India,Delhi
CUST-003454,Hassan,Nair,hassan.nair.3454@example.com,2021-10-07,Singapore,Singapore
CUST-003455,Ben,Smith,ben.smith.3455@example.com,2021-09-12,United Arab Emirates,Dubai
CUST-003456,Hassan,Young,hassan.young.3456@example.com,2021-10-27,India,Mumbai
CUST-003457,Leo,Johnson,leo.johnson.3457@example.com,2024-07-11,United Kingdom,Birmingham
CUST-003458,Hassan,Kapoor,hassan.kapoor.3458@example.com,2022-12-22,Canada,Vancouver
CUST-003459,Aarav,Park,aarav.park.3459@example.com,2023-09-20,India,Mumbai
CUST-003460,Zane,Chen,zane.chen.3460@example.com,2021-08-14,India,Hyderabad
CUST-003461,Aditi,Martin,aditi.martin.3461@example.com,2025-11-21,Singapore,Singapore
CUST-003462,Ben,Nguyen,ben.nguyen.3462@example.com,2023-11-29,India,Bengaluru
CUST-003463,Amelia,Costa,amelia.costa.3463@example.com,2021-04-05,India,Hyderabad
CUST-003464,Kavya,Costa,kavya.costa.3464@example.com,2026-01-07,Canada,Vancouver
CUST-003465,Aisha,Thomas,aisha.thomas.3465@example.com,2020-01-03,United Arab Emirates,Abu Dhabi
CUST-003466,Leo,Chen,leo.chen.3466@example.com,2021-06-09,United Kingdom,Manchester
CUST-003467,Riya,Martin,riya.martin.3467@example.com,2021-01-29,United Kingdom,Manchester
CUST-003468,Leo,Mehta,leo.mehta.3468@example.com,2026-05-28,Canada,Toronto
CUST-003469,Aisha,Brown,aisha.brown.3469@example.com,2021-06-15,United Arab Emirates,Dubai
CUST-003470,Diego,Wright,diego.wright.3470@example.com,2021-01-23,India,Hyderabad
CUST-003471,Fatima,Young,fatima.young.3471@example.com,2021-03-07,United Arab Emirates,Dubai
CUST-003472,Diego,Lee,diego.lee.3472@example.com,2023-05-18,United States,Seattle
CUST-003473,Samir,Ali,samir.ali.3473@example.com,2026-08-16,Germany,Munich
CUST-003474,Uma,Young,uma.young.3474@example.com,2023-09-05,United States,Chicago
CUST-003475,Hassan,Wright,hassan.wright.3475@example.com,2026-07-01,United States,New York
CUST-003476,Tara,Young,tara.young.3476@example.com,2024-04-26,Canada,Toronto
CUST-003477,Vikram,Johnson,vikram.johnson.3477@example.com,2020-02-28,United States,Austin
CUST-003478,Quinn,Patel,quinn.patel.3478@example.com,2022-09-01,Canada,Toronto
CUST-003479,Isha,Singh,isha.singh.3479@example.com,2026-06-01,India,Hyderabad
CUST-003480,Leo,Thomas,leo.thomas.3480@example.com,2022-02-08,United Kingdom,Birmingham
CUST-003481,Yara,Silva,yara.silva.3481@example.com,2024-07-19,United Arab Emirates,Abu Dhabi
CUST-003482,Chen,Ali,chen.ali.3482@example.com,2022-12-12,United Arab Emirates,Abu Dhabi
CUST-003483,Arjun,Mehta,arjun.mehta.3483@example.com,2025-10-08,United Kingdom,Manchester
CUST-003484,Grace,Young,grace.young.3484@example.com,2022-11-11,United States,Seattle
CUST-003485,Vikram,Thomas,vikram.thomas.3485@example.com,2026-02-26,Singapore,Singapore
CUST-003486,Riya,Nguyen,riya.nguyen.3486@example.com,2023-11-03,Germany,Munich
CUST-003487,Amelia,Park,amelia.park.3487@example.com,2024-10-13,United Kingdom,Birmingham
CUST-003488,Aarav,Martin,aarav.martin.3488@example.com,2021-01-22,United States,Austin
CUST-003489,Kavya,Silva,kavya.silva.3489@example.com,2021-05-07,India,Chennai
CUST-003490,Samir,Kim,samir.kim.3490@example.com,2023-11-24,United States,Seattle
CUST-003491,Kavya,Costa,kavya.costa.3491@example.com,2020-12-05,United Arab Emirates,Dubai
CUST-003492,Isha,Silva,isha.silva.3492@example.com,2022-03-09,United Arab Emirates,Dubai
CUST-003493,Wei,Wright,wei.wright.3493@example.com,2020-03-09,United States,Austin
CUST-003494,Tara,Mehta,tara.mehta.3494@example.com,2025-11-22,United Kingdom,Birmingham
CUST-003495,Uma,Garcia,uma.garcia.3495@example.com,2025-12-13,United Arab Emirates,Dubai
CUST-003496,Vikram,Martin,vikram.martin.3496@example.com,2026-01-18,United Kingdom,London
CUST-003497,Samir,Wilson,samir.wilson.3497@example.com,2024-03-13,United States,Austin
CUST-003498,Arjun,Wright,arjun.wright.3498@example.com,2022-07-15,United States,Austin
CUST-003499,Noah,Nair,noah.nair.3499@example.com,2022-04-08,Singapore,Singapore
CUST-003500,Aditi,Muller,aditi.muller.3500@example.com,2024-05-15,United Kingdom,Birmingham
CUST-003501,James,Young,james.young.3501@example.com,2025-03-31,Singapore,Singapore
CUST-003502,Aisha,Mehta,aisha.mehta.3502@example.com,2020-01-02,United Kingdom,London
CUST-003503,Emma,Das,emma.das.3503@example.com,2023-06-30,United Arab Emirates,Dubai
CUST-003504,Sofia,Mehta,sofia.mehta.3504@example.com,2020-09-30,United Arab Emirates,Dubai
CUST-003505,Uma,Costa,uma.costa.3505@example.com,2021-08-11,United States,Chicago
CUST-003506,Wei,Smith,wei.smith.3506@example.com,2022-09-20,Canada,Vancouver
CUST-003507,Vikram,Smith,vikram.smith.3507@example.com,2024-09-12,Germany,Munich
CUST-003508,Olivia,Johnson,olivia.johnson.3508@example.com,2023-12-06,United States,New York
CUST-003509,Diego,Lee,diego.lee.3509@example.com,2024-07-02,United States,New York
CUST-003510,Tara,Mehta,tara.mehta.3510@example.com,2021-09-13,United Arab Emirates,Dubai
CUST-003511,Kavya,Garcia,kavya.garcia.3511@example.com,2023-02-02,Germany,Munich
CUST-003512,Aarav,Lopez,aarav.lopez.3512@example.com,2025-11-02,India,Delhi
CUST-003513,Maya,Nguyen,maya.nguyen.3513@example.com,2025-04-13,Canada,Toronto
CUST-003514,Riya,Ali,riya.ali.3514@example.com,2021-05-26,United Kingdom,Birmingham
CUST-003515,Tara,Nair,tara.nair.3515@example.com,2021-09-21,Singapore,Singapore
CUST-003516,Zane,Roy,zane.roy.3516@example.com,2023-10-30,Germany,Munich
CUST-003517,Aditi,Muller,aditi.muller.3517@example.com,2022-11-12,Canada,Toronto
CUST-003518,Quinn,Ali,quinn.ali.3518@example.com,2026-07-24,Singapore,Singapore
CUST-003519,Zane,Das,zane.das.3519@example.com,2025-06-18,Germany,Munich
CUST-003520,Diego,Wilson,diego.wilson.3520@example.com,2020-12-28,India,Chennai
CUST-003521,Priya,Thomas,priya.thomas.3521@example.com,2022-09-15,United Kingdom,Birmingham
CUST-003522,Leo,Silva,leo.silva.3522@example.com,2024-11-06,Germany,Munich
CUST-003523,Aditi,Lopez,aditi.lopez.3523@example.com,2023-02-21,India,Delhi
CUST-003524,Zane,Lee,zane.lee.3524@example.com,2025-09-11,Germany,Munich
CUST-003525,James,Wright,james.wright.3525@example.com,2022-10-26,Canada,Vancouver
CUST-003526,Amelia,Sharma,amelia.sharma.3526@example.com,2025-06-11,India,Bengaluru
CUST-003527,Olivia,Chen,olivia.chen.3527@example.com,2024-11-11,United States,Seattle
CUST-003528,Arjun,Roy,arjun.roy.3528@example.com,2025-06-21,Canada,Vancouver
CUST-003529,Priya,Wilson,priya.wilson.3529@example.com,2024-04-16,Canada,Toronto
CUST-003530,Priya,Nguyen,priya.nguyen.3530@example.com,2021-02-07,United Arab Emirates,Dubai
CUST-003531,Arjun,Roy,arjun.roy.3531@example.com,2024-01-17,United States,Chicago
CUST-003532,Wei,Muller,wei.muller.3532@example.com,2020-06-12,Germany,Munich
CUST-003533,Quinn,Park,quinn.park.3533@example.com,2025-03-02,Singapore,Singapore
CUST-003534,Isha,Silva,isha.silva.3534@example.com,2024-11-03,Canada,Toronto
CUST-003535,Chen,Ahmed,chen.ahmed.3535@example.com,2020-04-08,United States,Seattle
CUST-003536,Arjun,Kim,arjun.kim.3536@example.com,2020-04-26,Singapore,Singapore
CUST-003537,Yara,Young,yara.young.3537@example.com,2024-01-08,United Kingdom,Birmingham
CUST-003538,Hassan,Iyer,hassan.iyer.3538@example.com,2023-02-07,United States,Chicago
CUST-003539,Vikram,Patel,vikram.patel.3539@example.com,2025-02-19,United Kingdom,Birmingham
CUST-003540,Quinn,Lee,quinn.lee.3540@example.com,2021-10-19,Canada,Toronto
CUST-003541,Noah,Roy,noah.roy.3541@example.com,2026-02-19,Canada,Vancouver
CUST-003542,Tara,Muller,tara.muller.3542@example.com,2023-11-28,Canada,Toronto
CUST-003543,Yara,Chen,yara.chen.3543@example.com,2020-12-30,Canada,Vancouver
CUST-003544,Hassan,Nair,hassan.nair.3544@example.com,2022-07-21,United Arab Emirates,Abu Dhabi
CUST-003545,Wei,Kim,wei.kim.3545@example.com,2021-01-05,India,Hyderabad
CUST-003546,Grace,Nair,grace.nair.3546@example.com,2022-02-01,Singapore,Singapore
CUST-003547,Chen,Lee,chen.lee.3547@example.com,2025-06-11,Canada,Vancouver
CUST-003548,Grace,Park,grace.park.3548@example.com,2024-01-20,Singapore,Singapore
CUST-003549,Ben,Singh,ben.singh.3549@example.com,2021-04-01,India,Bengaluru
CUST-003550,Olivia,Kim,olivia.kim.3550@example.com,2026-04-14,United Arab Emirates,Abu Dhabi
CUST-003551,Uma,Martin,uma.martin.3551@example.com,2021-12-29,United Arab Emirates,Abu Dhabi
CUST-003552,Priya,Das,priya.das.3552@example.com,2022-03-24,India,Mumbai
CUST-003553,Amelia,Das,amelia.das.3553@example.com,2024-07-15,United Arab Emirates,Abu Dhabi
CUST-003554,Aisha,Das,aisha.das.3554@example.com,2025-12-22,United Kingdom,Manchester
CUST-003555,Isha,Garcia,isha.garcia.3555@example.com,2021-02-28,Singapore,Singapore
CUST-003556,Priya,Ahmed,priya.ahmed.3556@example.com,2023-08-19,India,Bengaluru
CUST-003557,Kavya,Silva,kavya.silva.3557@example.com,2022-10-04,India,Chennai
CUST-003558,Aisha,Wright,aisha.wright.3558@example.com,2020-04-17,United Kingdom,Manchester
CUST-003559,Diego,Silva,diego.silva.3559@example.com,2022-06-15,Germany,Berlin
CUST-003560,Zane,Brown,zane.brown.3560@example.com,2022-06-03,Singapore,Singapore
CUST-003561,Aarav,Kim,aarav.kim.3561@example.com,2020-03-26,United States,Chicago
CUST-003562,Wei,Ali,wei.ali.3562@example.com,2026-03-28,Singapore,Singapore
CUST-003563,James,Smith,james.smith.3563@example.com,2025-10-25,Canada,Vancouver
CUST-003564,Quinn,Ahmed,quinn.ahmed.3564@example.com,2022-12-07,Singapore,Singapore
CUST-003565,Vikram,Park,vikram.park.3565@example.com,2024-11-01,United Kingdom,Manchester
CUST-003566,Hassan,Young,hassan.young.3566@example.com,2023-08-04,United States,Seattle
CUST-003567,Amelia,Das,amelia.das.3567@example.com,2023-08-10,United States,Austin
CUST-003568,Vikram,Martin,vikram.martin.3568@example.com,2021-06-11,United Arab Emirates,Dubai
CUST-003569,Sofia,Park,sofia.park.3569@example.com,2025-05-02,United Arab Emirates,Abu Dhabi
CUST-003570,Arjun,Park,arjun.park.3570@example.com,2022-07-22,Canada,Vancouver
CUST-003571,Samir,Das,samir.das.3571@example.com,2026-03-19,Germany,Berlin
CUST-003572,Kavya,Lee,kavya.lee.3572@example.com,2020-08-05,United Arab Emirates,Abu Dhabi
CUST-003573,Priya,Ali,priya.ali.3573@example.com,2024-11-21,Singapore,Singapore
CUST-003574,Ben,Sharma,ben.sharma.3574@example.com,2025-01-10,United Arab Emirates,Dubai
CUST-003575,Zane,Iyer,zane.iyer.3575@example.com,2021-08-28,Singapore,Singapore
CUST-003576,Riya,Iyer,riya.iyer.3576@example.com,2023-02-04,India,Chennai
CUST-003577,Emma,Young,emma.young.3577@example.com,2020-04-22,Germany,Munich
CUST-003578,James,Das,james.das.3578@example.com,2021-06-30,Canada,Vancouver
CUST-003579,Chen,Wright,chen.wright.3579@example.com,2023-06-23,Singapore,Singapore
CUST-003580,Grace,Brown,grace.brown.3580@example.com,2025-09-11,United Arab Emirates,Abu Dhabi
CUST-003581,Aisha,Roy,aisha.roy.3581@example.com,2026-07-31,United Arab Emirates,Abu Dhabi
CUST-003582,Yara,Sharma,yara.sharma.3582@example.com,2020-08-04,United Arab Emirates,Abu Dhabi
CUST-003583,Olivia,Nguyen,olivia.nguyen.3583@example.com,2020-10-17,Canada,Toronto
CUST-003584,Maya,Costa,maya.costa.3584@example.com,2021-10-22,Germany,Berlin
CUST-003585,Diego,Nair,diego.nair.3585@example.com,2022-01-04,Canada,Toronto
CUST-003586,Aarav,Lopez,aarav.lopez.3586@example.com,2021-05-04,Singapore,Singapore
CUST-003587,Amelia,Nguyen,amelia.nguyen.3587@example.com,2026-06-09,Singapore,Singapore
CUST-003588,Vikram,Costa,vikram.costa.3588@example.com,2025-04-27,Singapore,Singapore
CUST-003589,Yara,Singh,yara.singh.3589@example.com,2021-01-27,United States,Seattle
CUST-003590,Hassan,Smith,hassan.smith.3590@example.com,2024-10-28,Germany,Munich
CUST-003591,Leo,Khan,leo.khan.3591@example.com,2022-12-03,United States,Chicago
CUST-003592,Chen,Brown,chen.brown.3592@example.com,2020-11-30,United Kingdom,Manchester
CUST-003593,Kavya,Roy,kavya.roy.3593@example.com,2025-11-15,India,Delhi
CUST-003594,Aarav,Young,aarav.young.3594@example.com,2020-09-06,United Arab Emirates,Dubai
CUST-003595,Riya,Iyer,riya.iyer.3595@example.com,2021-11-21,India,Mumbai
CUST-003596,Maya,Sharma,maya.sharma.3596@example.com,2023-08-31,India,Hyderabad
CUST-003597,Fatima,Sharma,fatima.sharma.3597@example.com,2026-05-15,Canada,Vancouver
CUST-003598,Yara,Khan,yara.khan.3598@example.com,2022-02-11,United States,Chicago
CUST-003599,Ben,Martin,ben.martin.3599@example.com,2023-11-15,United States,New York
CUST-003600,Yara,Wright,yara.wright.3600@example.com,2024-03-12,United States,Austin
CUST-003601,Zane,Ali,zane.ali.3601@example.com,2021-12-28,Germany,Berlin
CUST-003602,Wei,Silva,wei.silva.3602@example.com,2020-05-04,Singapore,Singapore
CUST-003603,Sofia,Martin,sofia.martin.3603@example.com,2021-05-07,Canada,Vancouver
CUST-003604,Sofia,Kim,sofia.kim.3604@example.com,2023-11-30,India,Bengaluru
CUST-003605,Olivia,Wilson,olivia.wilson.3605@example.com,2021-02-12,United States,Chicago
CUST-003606,Chen,Nair,chen.nair.3606@example.com,2023-10-13,United States,Chicago
CUST-003607,Sofia,Wright,sofia.wright.3607@example.com,2024-05-11,United Arab Emirates,Abu Dhabi
CUST-003608,Arjun,Wright,arjun.wright.3608@example.com,2020-09-25,United Arab Emirates,Abu Dhabi
CUST-003609,Diego,Iyer,diego.iyer.3609@example.com,2022-09-07,United States,Chicago
CUST-003610,Chen,Park,chen.park.3610@example.com,2020-06-19,Singapore,Singapore
CUST-003611,Aditi,Kapoor,aditi.kapoor.3611@example.com,2021-02-08,Singapore,Singapore
CUST-003612,Riya,Lopez,riya.lopez.3612@example.com,2025-11-29,United Kingdom,Birmingham
CUST-003613,Olivia,Das,olivia.das.3613@example.com,2025-11-06,United Arab Emirates,Abu Dhabi
CUST-003614,Uma,Martin,uma.martin.3614@example.com,2022-04-03,Germany,Munich
CUST-003615,Grace,Garcia,grace.garcia.3615@example.com,2022-03-22,Singapore,Singapore
CUST-003616,Quinn,Costa,quinn.costa.3616@example.com,2024-11-17,Singapore,Singapore
CUST-003617,Amelia,Chen,amelia.chen.3617@example.com,2025-07-05,India,Mumbai
CUST-003618,Grace,Martin,grace.martin.3618@example.com,2024-05-11,Singapore,Singapore
CUST-003619,Leo,Park,leo.park.3619@example.com,2023-03-22,Canada,Toronto
CUST-003620,Maya,Silva,maya.silva.3620@example.com,2022-02-09,India,Mumbai
CUST-003621,Fatima,Young,fatima.young.3621@example.com,2026-05-28,United Arab Emirates,Dubai
CUST-003622,Quinn,Singh,quinn.singh.3622@example.com,2020-07-15,Germany,Berlin
CUST-003623,Aditi,Kim,aditi.kim.3623@example.com,2022-02-10,Singapore,Singapore
CUST-003624,Noah,Patel,noah.patel.3624@example.com,2024-11-11,Canada,Toronto
CUST-003625,Maya,Iyer,maya.iyer.3625@example.com,2020-07-02,Germany,Berlin
CUST-003626,Arjun,Ali,arjun.ali.3626@example.com,2022-06-26,United States,Seattle
CUST-003627,Amelia,Das,amelia.das.3627@example.com,2025-07-21,United States,Austin
CUST-003628,Olivia,Lopez,olivia.lopez.3628@example.com,2020-03-04,United Arab Emirates,Dubai
CUST-003629,Sofia,Muller,sofia.muller.3629@example.com,2021-04-21,United States,Seattle
CUST-003630,Aarav,Young,aarav.young.3630@example.com,2023-09-16,United States,Austin
CUST-003631,Isha,Silva,isha.silva.3631@example.com,2024-03-02,United States,Chicago
CUST-003632,Aditi,Garcia,aditi.garcia.3632@example.com,2022-10-05,United States,Seattle
CUST-003633,Zane,Kapoor,zane.kapoor.3633@example.com,2026-05-25,Singapore,Singapore
CUST-003634,Chen,Young,chen.young.3634@example.com,2023-01-21,Germany,Munich
CUST-003635,Samir,Sharma,samir.sharma.3635@example.com,2024-08-21,Singapore,Singapore
CUST-003636,Emma,Silva,emma.silva.3636@example.com,2025-06-22,United States,Seattle
CUST-003637,Priya,Sharma,priya.sharma.3637@example.com,2024-06-07,Germany,Berlin
CUST-003638,Samir,Roy,samir.roy.3638@example.com,2021-06-11,Singapore,Singapore
CUST-003639,Amelia,Lopez,amelia.lopez.3639@example.com,2021-04-17,India,Bengaluru
CUST-003640,Zane,Park,zane.park.3640@example.com,2020-09-29,Singapore,Singapore
CUST-003641,Noah,Singh,noah.singh.3641@example.com,2022-11-16,United States,Chicago
CUST-003642,Fatima,Martin,fatima.martin.3642@example.com,2023-03-12,United Kingdom,Birmingham
CUST-003643,Emma,Nguyen,emma.nguyen.3643@example.com,2021-05-04,Canada,Vancouver
CUST-003644,Wei,Young,wei.young.3644@example.com,2020-12-20,United States,Chicago
CUST-003645,Chen,Garcia,chen.garcia.3645@example.com,2020-05-26,United Arab Emirates,Abu Dhabi
CUST-003646,Leo,Nguyen,leo.nguyen.3646@example.com,2022-07-25,India,Mumbai
CUST-003647,Wei,Muller,wei.muller.3647@example.com,2020-12-08,United States,New York
CUST-003648,Diego,Costa,diego.costa.3648@example.com,2024-02-28,United Arab Emirates,Abu Dhabi
CUST-003649,Tara,Garcia,tara.garcia.3649@example.com,2020-06-17,Singapore,Singapore
CUST-003650,Uma,Johnson,uma.johnson.3650@example.com,2023-07-26,Germany,Berlin
CUST-003651,Olivia,Sharma,olivia.sharma.3651@example.com,2023-10-30,United States,Seattle
CUST-003652,Sofia,Smith,sofia.smith.3652@example.com,2025-03-07,United Kingdom,London
CUST-003653,Zane,Lopez,zane.lopez.3653@example.com,2024-05-21,India,Hyderabad
CUST-003654,Aisha,Kim,aisha.kim.3654@example.com,2020-09-17,United Arab Emirates,Dubai
CUST-003655,Ben,Lopez,ben.lopez.3655@example.com,2023-10-07,United States,Chicago
CUST-003656,Aarav,Thomas,aarav.thomas.3656@example.com,2020-10-11,Singapore,Singapore
CUST-003657,Priya,Wilson,priya.wilson.3657@example.com,2026-03-30,United Kingdom,London
CUST-003658,Aisha,Martin,aisha.martin.3658@example.com,2020-08-20,United Kingdom,London
CUST-003659,Riya,Khan,riya.khan.3659@example.com,2025-10-22,Singapore,Singapore
CUST-003660,Priya,Mehta,priya.mehta.3660@example.com,2023-08-10,United States,Seattle
CUST-003661,Aditi,Garcia,aditi.garcia.3661@example.com,2022-08-15,India,Mumbai
CUST-003662,Isha,Sharma,isha.sharma.3662@example.com,2020-08-27,United Arab Emirates,Abu Dhabi
CUST-003663,Uma,Ahmed,uma.ahmed.3663@example.com,2022-07-08,India,Mumbai
CUST-003664,Olivia,Martin,olivia.martin.3664@example.com,2020-03-22,India,Hyderabad
CUST-003665,Sofia,Ahmed,sofia.ahmed.3665@example.com,2024-04-30,Germany,Munich
CUST-003666,Riya,Nair,riya.nair.3666@example.com,2025-01-15,Singapore,Singapore
CUST-003667,Riya,Chen,riya.chen.3667@example.com,2022-10-21,United Arab Emirates,Abu Dhabi
CUST-003668,Quinn,Ali,quinn.ali.3668@example.com,2021-09-19,Singapore,Singapore
CUST-003669,Noah,Young,noah.young.3669@example.com,2022-07-05,United Kingdom,London
CUST-003670,Fatima,Lopez,fatima.lopez.3670@example.com,2021-12-15,Germany,Munich
CUST-003671,Emma,Young,emma.young.3671@example.com,2024-02-16,United States,New York
CUST-003672,James,Park,james.park.3672@example.com,2021-08-12,United Kingdom,London
CUST-003673,Kavya,Costa,kavya.costa.3673@example.com,2026-01-26,Germany,Berlin
CUST-003674,Isha,Garcia,isha.garcia.3674@example.com,2023-12-16,Canada,Toronto
CUST-003675,Isha,Costa,isha.costa.3675@example.com,2025-03-01,Singapore,Singapore
CUST-003676,Kavya,Muller,kavya.muller.3676@example.com,2024-01-29,Singapore,Singapore
CUST-003677,Grace,Wright,grace.wright.3677@example.com,2021-06-29,Singapore,Singapore
CUST-003678,Diego,Johnson,diego.johnson.3678@example.com,2022-02-21,Germany,Berlin
CUST-003679,Yara,Mehta,yara.mehta.3679@example.com,2024-01-28,Germany,Munich
CUST-003680,Noah,Thomas,noah.thomas.3680@example.com,2024-07-30,Canada,Vancouver
CUST-003681,Quinn,Kim,quinn.kim.3681@example.com,2024-05-28,United States,Austin
CUST-003682,Leo,Nguyen,leo.nguyen.3682@example.com,2025-01-26,United Arab Emirates,Abu Dhabi
CUST-003683,Zane,Silva,zane.silva.3683@example.com,2024-08-15,Canada,Toronto
CUST-003684,Chen,Johnson,chen.johnson.3684@example.com,2026-03-09,United Kingdom,London
CUST-003685,Riya,Muller,riya.muller.3685@example.com,2024-11-03,United Arab Emirates,Dubai
CUST-003686,Kavya,Sharma,kavya.sharma.3686@example.com,2022-04-25,Germany,Munich
CUST-003687,Olivia,Wright,olivia.wright.3687@example.com,2023-01-24,United States,Austin
CUST-003688,Quinn,Muller,quinn.muller.3688@example.com,2022-03-21,United Arab Emirates,Dubai
CUST-003689,James,Singh,james.singh.3689@example.com,2022-10-03,Singapore,Singapore
CUST-003690,Uma,Kapoor,uma.kapoor.3690@example.com,2023-07-19,Singapore,Singapore
CUST-003691,Riya,Nguyen,riya.nguyen.3691@example.com,2020-09-24,Canada,Toronto
CUST-003692,Aarav,Sharma,aarav.sharma.3692@example.com,2020-08-04,Canada,Vancouver
CUST-003693,Yara,Khan,yara.khan.3693@example.com,2024-01-01,United Kingdom,London
CUST-003694,Tara,Garcia,tara.garcia.3694@example.com,2023-06-13,United States,New York
CUST-003695,Hassan,Nair,hassan.nair.3695@example.com,2026-07-17,United Kingdom,Manchester
CUST-003696,Leo,Singh,leo.singh.3696@example.com,2021-12-18,Germany,Munich
CUST-003697,Fatima,Nguyen,fatima.nguyen.3697@example.com,2026-04-20,Canada,Toronto
CUST-003698,Zane,Young,zane.young.3698@example.com,2021-10-30,United States,Chicago
CUST-003699,Arjun,Martin,arjun.martin.3699@example.com,2024-08-05,United Arab Emirates,Dubai
CUST-003700,Noah,Martin,noah.martin.3700@example.com,2025-04-07,Germany,Munich
CUST-003701,Samir,Thomas,samir.thomas.3701@example.com,2021-04-09,United States,Austin
CUST-003702,Sofia,Ali,sofia.ali.3702@example.com,2020-06-10,India,Bengaluru
CUST-003703,Zane,Muller,zane.muller.3703@example.com,2024-04-02,Singapore,Singapore
CUST-003704,Ben,Roy,ben.roy.3704@example.com,2026-07-28,India,Delhi
CUST-003705,Sofia,Ali,sofia.ali.3705@example.com,2026-05-31,United Arab Emirates,Dubai
CUST-003706,Kavya,Young,kavya.young.3706@example.com,2025-07-07,India,Chennai
CUST-003707,Hassan,Young,hassan.young.3707@example.com,2020-12-14,United Kingdom,Manchester
CUST-003708,Amelia,Smith,amelia.smith.3708@example.com,2023-05-14,United States,Chicago
CUST-003709,Sofia,Garcia,sofia.garcia.3709@example.com,2022-03-18,India,Delhi
CUST-003710,Fatima,Das,fatima.das.3710@example.com,2020-12-06,Canada,Vancouver
CUST-003711,Priya,Park,priya.park.3711@example.com,2020-03-06,Singapore,Singapore
CUST-003712,Ben,Iyer,ben.iyer.3712@example.com,2022-11-01,Canada,Toronto
CUST-003713,Maya,Lee,maya.lee.3713@example.com,2020-04-06,United Arab Emirates,Abu Dhabi
CUST-003714,Grace,Young,grace.young.3714@example.com,2020-08-01,United States,Austin
CUST-003715,Samir,Kim,samir.kim.3715@example.com,2025-01-12,United Kingdom,Manchester
CUST-003716,Grace,Patel,grace.patel.3716@example.com,2025-02-19,United Kingdom,Birmingham
CUST-003717,Amelia,Singh,amelia.singh.3717@example.com,2020-05-08,United Arab Emirates,Dubai
CUST-003718,Yara,Kapoor,yara.kapoor.3718@example.com,2020-02-13,United Arab Emirates,Dubai
CUST-003719,Fatima,Muller,fatima.muller.3719@example.com,2025-04-09,United States,Chicago
CUST-003720,Isha,Patel,isha.patel.3720@example.com,2023-01-12,Germany,Munich
CUST-003721,Grace,Iyer,grace.iyer.3721@example.com,2025-09-30,Canada,Vancouver
CUST-003722,James,Das,james.das.3722@example.com,2021-06-26,United Kingdom,Manchester
CUST-003723,Tara,Lee,tara.lee.3723@example.com,2022-03-01,United Arab Emirates,Abu Dhabi
CUST-003724,Fatima,Lee,fatima.lee.3724@example.com,2025-01-16,India,Mumbai
CUST-003725,Vikram,Wright,vikram.wright.3725@example.com,2025-09-15,United Kingdom,London
CUST-003726,Aarav,Park,aarav.park.3726@example.com,2021-03-14,United States,Austin
CUST-003727,Amelia,Smith,amelia.smith.3727@example.com,2020-09-23,United Kingdom,London
CUST-003728,Olivia,Park,olivia.park.3728@example.com,2020-12-23,United States,New York
CUST-003729,Aarav,Mehta,aarav.mehta.3729@example.com,2023-10-29,India,Chennai
CUST-003730,Amelia,Garcia,amelia.garcia.3730@example.com,2025-03-02,United Arab Emirates,Abu Dhabi
CUST-003731,Vikram,Wright,vikram.wright.3731@example.com,2021-05-14,India,Mumbai
CUST-003732,Samir,Garcia,samir.garcia.3732@example.com,2020-11-28,United States,Austin
CUST-003733,Amelia,Das,amelia.das.3733@example.com,2020-01-16,India,Hyderabad
CUST-003734,Vikram,Wright,vikram.wright.3734@example.com,2022-05-11,United States,New York
CUST-003735,Samir,Khan,samir.khan.3735@example.com,2023-08-05,Singapore,Singapore
CUST-003736,Leo,Silva,leo.silva.3736@example.com,2025-07-21,United States,Austin
CUST-003737,Leo,Kim,leo.kim.3737@example.com,2020-09-07,Germany,Munich
CUST-003738,Ben,Wilson,ben.wilson.3738@example.com,2020-11-21,India,Bengaluru
CUST-003739,Chen,Lee,chen.lee.3739@example.com,2026-01-29,United States,Austin
CUST-003740,Samir,Nguyen,samir.nguyen.3740@example.com,2020-11-06,Germany,Berlin
CUST-003741,Ben,Thomas,ben.thomas.3741@example.com,2022-07-21,United Kingdom,London
CUST-003742,Isha,Lopez,isha.lopez.3742@example.com,2023-04-30,Canada,Vancouver
CUST-003743,Maya,Lopez,maya.lopez.3743@example.com,2022-06-12,United Kingdom,Manchester
CUST-003744,Emma,Silva,emma.silva.3744@example.com,2022-09-13,United Kingdom,Birmingham
CUST-003745,Aarav,Lopez,aarav.lopez.3745@example.com,2022-10-27,Germany,Munich
CUST-003746,Uma,Smith,uma.smith.3746@example.com,2020-09-09,India,Mumbai
CUST-003747,Leo,Iyer,leo.iyer.3747@example.com,2020-09-04,Germany,Munich
CUST-003748,Amelia,Wright,amelia.wright.3748@example.com,2024-12-31,Canada,Toronto
CUST-003749,Tara,Wright,tara.wright.3749@example.com,2023-07-28,India,Chennai
CUST-003750,Uma,Kapoor,uma.kapoor.3750@example.com,2020-09-26,United Kingdom,Birmingham
CUST-003751,Emma,Mehta,emma.mehta.3751@example.com,2023-07-30,Canada,Vancouver
CUST-003752,Hassan,Mehta,hassan.mehta.3752@example.com,2025-05-21,Canada,Vancouver
CUST-003753,Leo,Kim,leo.kim.3753@example.com,2025-06-26,Canada,Vancouver
CUST-003754,Noah,Mehta,noah.mehta.3754@example.com,2022-07-23,United States,Austin
CUST-003755,Aditi,Das,aditi.das.3755@example.com,2024-08-05,United Kingdom,Manchester
CUST-003756,Zane,Ali,zane.ali.3756@example.com,2024-07-09,United Kingdom,Manchester
CUST-003757,Yara,Young,yara.young.3757@example.com,2025-01-26,Singapore,Singapore
CUST-003758,Aisha,Mehta,aisha.mehta.3758@example.com,2024-04-28,Canada,Vancouver
CUST-003759,Aarav,Thomas,aarav.thomas.3759@example.com,2023-07-21,United States,Chicago
CUST-003760,Yara,Lopez,yara.lopez.3760@example.com,2024-06-24,United States,Seattle
CUST-003761,Aarav,Costa,aarav.costa.3761@example.com,2021-12-08,Canada,Toronto
CUST-003762,Olivia,Smith,olivia.smith.3762@example.com,2021-01-23,United States,New York
CUST-003763,Isha,Chen,isha.chen.3763@example.com,2023-01-14,United States,Seattle
CUST-003764,Chen,Sharma,chen.sharma.3764@example.com,2024-05-25,Singapore,Singapore
CUST-003765,Fatima,Silva,fatima.silva.3765@example.com,2026-02-28,Canada,Vancouver
CUST-003766,Diego,Johnson,diego.johnson.3766@example.com,2025-08-06,Singapore,Singapore
CUST-003767,James,Thomas,james.thomas.3767@example.com,2025-06-19,United States,New York
CUST-003768,Hassan,Nguyen,hassan.nguyen.3768@example.com,2023-08-17,India,Hyderabad
CUST-003769,Priya,Kim,priya.kim.3769@example.com,2022-08-21,United States,Chicago
CUST-003770,Vikram,Johnson,vikram.johnson.3770@example.com,2025-07-02,Singapore,Singapore
CUST-003771,Fatima,Lopez,fatima.lopez.3771@example.com,2023-10-18,United States,Seattle
CUST-003772,Riya,Nair,riya.nair.3772@example.com,2021-05-14,Singapore,Singapore
CUST-003773,Maya,Kim,maya.kim.3773@example.com,2024-03-09,United Kingdom,Birmingham
CUST-003774,Yara,Garcia,yara.garcia.3774@example.com,2026-05-04,United Kingdom,Manchester
CUST-003775,Amelia,Sharma,amelia.sharma.3775@example.com,2024-02-24,Singapore,Singapore
CUST-003776,Diego,Johnson,diego.johnson.3776@example.com,2022-08-14,United Kingdom,Manchester
CUST-003777,Quinn,Kapoor,quinn.kapoor.3777@example.com,2023-02-23,Singapore,Singapore
CUST-003778,Olivia,Park,olivia.park.3778@example.com,2022-03-07,United Kingdom,London
CUST-003779,Grace,Park,grace.park.3779@example.com,2026-06-02,Germany,Berlin
CUST-003780,Samir,Ahmed,samir.ahmed.3780@example.com,2022-08-28,United Arab Emirates,Dubai
CUST-003781,Leo,Ahmed,leo.ahmed.3781@example.com,2020-03-20,Singapore,Singapore
CUST-003782,Maya,Young,maya.young.3782@example.com,2024-04-22,India,Bengaluru
CUST-003783,Priya,Singh,priya.singh.3783@example.com,2025-12-07,India,Hyderabad
CUST-003784,Kavya,Nair,kavya.nair.3784@example.com,2022-12-25,Germany,Berlin
CUST-003785,Kavya,Muller,kavya.muller.3785@example.com,2022-03-02,Canada,Vancouver
CUST-003786,Samir,Garcia,samir.garcia.3786@example.com,2020-08-29,United Kingdom,Manchester
CUST-003787,Diego,Brown,diego.brown.3787@example.com,2020-01-13,Germany,Munich
CUST-003788,Hassan,Silva,hassan.silva.3788@example.com,2025-05-30,United Arab Emirates,Dubai
CUST-003789,Vikram,Lee,vikram.lee.3789@example.com,2025-06-08,United Kingdom,Manchester
CUST-003790,Priya,Young,priya.young.3790@example.com,2022-03-30,United Arab Emirates,Dubai
CUST-003791,Sofia,Nair,sofia.nair.3791@example.com,2021-05-08,United Arab Emirates,Abu Dhabi
CUST-003792,Tara,Patel,tara.patel.3792@example.com,2022-03-09,Germany,Munich
CUST-003793,Diego,Park,diego.park.3793@example.com,2024-09-28,Singapore,Singapore
CUST-003794,Fatima,Lee,fatima.lee.3794@example.com,2021-08-13,United States,Seattle
CUST-003795,Aarav,Sharma,aarav.sharma.3795@example.com,2024-09-22,Germany,Berlin
CUST-003796,Hassan,Ali,hassan.ali.3796@example.com,2021-08-27,Canada,Vancouver
CUST-003797,Quinn,Muller,quinn.muller.3797@example.com,2021-10-04,United Arab Emirates,Abu Dhabi
CUST-003798,Uma,Singh,uma.singh.3798@example.com,2023-01-25,India,Hyderabad
CUST-003799,Emma,Johnson,emma.johnson.3799@example.com,2025-01-30,Germany,Munich
CUST-003800,Ben,Ahmed,ben.ahmed.3800@example.com,2023-08-15,United States,New York
CUST-003801,Arjun,Patel,arjun.patel.3801@example.com,2023-08-30,Canada,Vancouver
CUST-003802,Hassan,Garcia,hassan.garcia.3802@example.com,2024-03-16,United Kingdom,Birmingham
CUST-003803,Aarav,Lopez,aarav.lopez.3803@example.com,2023-08-19,Singapore,Singapore
CUST-003804,Ben,Singh,ben.singh.3804@example.com,2020-05-21,United Arab Emirates,Abu Dhabi
CUST-003805,Grace,Ahmed,grace.ahmed.3805@example.com,2026-05-17,Canada,Toronto
CUST-003806,Zane,Wilson,zane.wilson.3806@example.com,2021-06-24,India,Hyderabad
CUST-003807,Amelia,Kapoor,amelia.kapoor.3807@example.com,2021-07-27,India,Bengaluru
CUST-003808,Arjun,Wilson,arjun.wilson.3808@example.com,2022-08-20,United States,New York
CUST-003809,Uma,Iyer,uma.iyer.3809@example.com,2023-10-17,United Kingdom,London
CUST-003810,James,Singh,james.singh.3810@example.com,2020-10-11,Canada,Vancouver
CUST-003811,Isha,Martin,isha.martin.3811@example.com,2025-11-19,India,Hyderabad
CUST-003812,Quinn,Park,quinn.park.3812@example.com,2021-09-26,Singapore,Singapore
CUST-003813,Wei,Johnson,wei.johnson.3813@example.com,2021-10-13,Singapore,Singapore
CUST-003814,Uma,Kapoor,uma.kapoor.3814@example.com,2022-12-04,Canada,Toronto
CUST-003815,Diego,Patel,diego.patel.3815@example.com,2026-04-03,Germany,Berlin
CUST-003816,Aditi,Lopez,aditi.lopez.3816@example.com,2022-07-12,Canada,Vancouver
CUST-003817,Aditi,Patel,aditi.patel.3817@example.com,2022-08-10,United States,Austin
CUST-003818,Yara,Garcia,yara.garcia.3818@example.com,2023-08-01,United Arab Emirates,Abu Dhabi
CUST-003819,Isha,Roy,isha.roy.3819@example.com,2024-06-09,Germany,Berlin
CUST-003820,Maya,Roy,maya.roy.3820@example.com,2025-07-09,United Kingdom,London
CUST-003821,Riya,Das,riya.das.3821@example.com,2024-08-26,Germany,Berlin
CUST-003822,Aditi,Johnson,aditi.johnson.3822@example.com,2020-05-27,United Arab Emirates,Dubai
CUST-003823,Diego,Ahmed,diego.ahmed.3823@example.com,2020-01-30,Singapore,Singapore
CUST-003824,Samir,Khan,samir.khan.3824@example.com,2024-02-16,United Arab Emirates,Dubai
CUST-003825,Isha,Johnson,isha.johnson.3825@example.com,2026-01-05,United States,New York
CUST-003826,Sofia,Lopez,sofia.lopez.3826@example.com,2023-02-26,Germany,Munich
CUST-003827,Noah,Iyer,noah.iyer.3827@example.com,2024-05-09,United Arab Emirates,Dubai
CUST-003828,Wei,Johnson,wei.johnson.3828@example.com,2022-11-15,Canada,Vancouver
CUST-003829,Chen,Singh,chen.singh.3829@example.com,2024-05-27,United Kingdom,London
CUST-003830,Quinn,Kim,quinn.kim.3830@example.com,2020-04-28,Singapore,Singapore
CUST-003831,Priya,Lopez,priya.lopez.3831@example.com,2025-09-27,Germany,Munich
CUST-003832,Chen,Smith,chen.smith.3832@example.com,2020-06-19,India,Hyderabad
CUST-003833,Vikram,Nguyen,vikram.nguyen.3833@example.com,2022-04-22,Germany,Berlin
CUST-003834,Uma,Ahmed,uma.ahmed.3834@example.com,2023-05-08,Germany,Berlin
CUST-003835,Zane,Ahmed,zane.ahmed.3835@example.com,2023-05-27,Canada,Vancouver
CUST-003836,Kavya,Patel,kavya.patel.3836@example.com,2022-07-30,Germany,Munich
CUST-003837,Chen,Wilson,chen.wilson.3837@example.com,2023-06-23,India,Mumbai
CUST-003838,Chen,Silva,chen.silva.3838@example.com,2023-09-29,United States,Austin
CUST-003839,Leo,Mehta,leo.mehta.3839@example.com,2023-09-02,Singapore,Singapore
CUST-003840,Isha,Nair,isha.nair.3840@example.com,2021-11-07,Canada,Vancouver
CUST-003841,Leo,Martin,leo.martin.3841@example.com,2023-03-14,United Arab Emirates,Dubai
CUST-003842,Amelia,Nair,amelia.nair.3842@example.com,2020-01-02,India,Mumbai
CUST-003843,Priya,Patel,priya.patel.3843@example.com,2020-02-15,Canada,Vancouver
CUST-003844,Sofia,Sharma,sofia.sharma.3844@example.com,2024-12-27,United Kingdom,Manchester
CUST-003845,Tara,Ahmed,tara.ahmed.3845@example.com,2021-02-02,United States,New York
CUST-003846,Hassan,Johnson,hassan.johnson.3846@example.com,2022-02-20,Germany,Munich
CUST-003847,Tara,Young,tara.young.3847@example.com,2020-11-07,United Kingdom,Manchester
CUST-003848,James,Lopez,james.lopez.3848@example.com,2023-05-03,India,Mumbai
CUST-003849,Zane,Nguyen,zane.nguyen.3849@example.com,2021-08-03,United Kingdom,Manchester
CUST-003850,Kavya,Kapoor,kavya.kapoor.3850@example.com,2022-04-18,Canada,Toronto
CUST-003851,Sofia,Lopez,sofia.lopez.3851@example.com,2020-05-04,Germany,Munich
CUST-003852,Ben,Sharma,ben.sharma.3852@example.com,2020-12-18,India,Bengaluru
CUST-003853,Kavya,Thomas,kavya.thomas.3853@example.com,2026-04-02,United Arab Emirates,Abu Dhabi
CUST-003854,Emma,Sharma,emma.sharma.3854@example.com,2026-04-25,Germany,Munich
CUST-003855,Amelia,Mehta,amelia.mehta.3855@example.com,2021-09-19,Germany,Berlin
CUST-003856,Amelia,Muller,amelia.muller.3856@example.com,2024-03-25,Germany,Berlin
CUST-003857,Aditi,Chen,aditi.chen.3857@example.com,2025-03-22,Singapore,Singapore
CUST-003858,Ben,Sharma,ben.sharma.3858@example.com,2020-06-29,United Arab Emirates,Dubai
CUST-003859,Uma,Young,uma.young.3859@example.com,2023-02-27,United Kingdom,Birmingham
CUST-003860,Leo,Johnson,leo.johnson.3860@example.com,2022-12-30,Canada,Toronto
CUST-003861,Riya,Lee,riya.lee.3861@example.com,2022-02-09,Canada,Toronto
CUST-003862,Samir,Ali,samir.ali.3862@example.com,2020-01-08,Canada,Toronto
CUST-003863,Yara,Ahmed,yara.ahmed.3863@example.com,2024-11-18,Canada,Vancouver
CUST-003864,Vikram,Brown,vikram.brown.3864@example.com,2020-07-12,Germany,Munich
CUST-003865,Hassan,Khan,hassan.khan.3865@example.com,2024-02-13,United Arab Emirates,Abu Dhabi
CUST-003866,Wei,Chen,wei.chen.3866@example.com,2021-11-02,United Arab Emirates,Abu Dhabi
CUST-003867,Riya,Young,riya.young.3867@example.com,2026-03-06,United Kingdom,Birmingham
CUST-003868,Aisha,Singh,aisha.singh.3868@example.com,2023-11-21,Germany,Munich
CUST-003869,Ben,Ahmed,ben.ahmed.3869@example.com,2024-03-04,Singapore,Singapore
CUST-003870,Hassan,Roy,hassan.roy.3870@example.com,2021-08-27,United Kingdom,Birmingham
CUST-003871,Uma,Young,uma.young.3871@example.com,2026-01-30,Singapore,Singapore
CUST-003872,Hassan,Costa,hassan.costa.3872@example.com,2022-11-03,India,Bengaluru
CUST-003873,Grace,Kapoor,grace.kapoor.3873@example.com,2025-03-26,United Kingdom,Manchester
CUST-003874,Uma,Martin,uma.martin.3874@example.com,2021-11-03,Canada,Toronto
CUST-003875,Grace,Wilson,grace.wilson.3875@example.com,2021-08-17,Canada,Vancouver
CUST-003876,Noah,Lopez,noah.lopez.3876@example.com,2021-10-15,Canada,Toronto
CUST-003877,Wei,Park,wei.park.3877@example.com,2024-06-11,United States,New York
CUST-003878,Wei,Costa,wei.costa.3878@example.com,2025-08-15,India,Chennai
CUST-003879,Aditi,Wilson,aditi.wilson.3879@example.com,2026-06-15,India,Mumbai
CUST-003880,Emma,Kapoor,emma.kapoor.3880@example.com,2021-11-05,United Arab Emirates,Dubai
CUST-003881,Riya,Das,riya.das.3881@example.com,2023-10-03,Canada,Vancouver
CUST-003882,Arjun,Singh,arjun.singh.3882@example.com,2024-03-09,Germany,Munich
CUST-003883,Maya,Wright,maya.wright.3883@example.com,2024-05-27,Canada,Toronto
CUST-003884,Olivia,Iyer,olivia.iyer.3884@example.com,2024-07-29,Germany,Berlin
CUST-003885,Diego,Lopez,diego.lopez.3885@example.com,2025-02-01,Germany,Berlin
CUST-003886,Wei,Das,wei.das.3886@example.com,2022-02-10,Canada,Toronto
CUST-003887,Zane,Park,zane.park.3887@example.com,2021-03-17,United Arab Emirates,Abu Dhabi
CUST-003888,Aisha,Kapoor,aisha.kapoor.3888@example.com,2023-06-09,India,Bengaluru
CUST-003889,Uma,Muller,uma.muller.3889@example.com,2022-05-07,United Kingdom,Birmingham
CUST-003890,Quinn,Nguyen,quinn.nguyen.3890@example.com,2022-02-21,Canada,Toronto
CUST-003891,Aarav,Sharma,aarav.sharma.3891@example.com,2021-05-10,United Kingdom,London
CUST-003892,Ben,Silva,ben.silva.3892@example.com,2020-10-19,Canada,Toronto
CUST-003893,Emma,Ali,emma.ali.3893@example.com,2024-09-24,India,Delhi
CUST-003894,Riya,Muller,riya.muller.3894@example.com,2023-05-14,India,Delhi
CUST-003895,Isha,Iyer,isha.iyer.3895@example.com,2023-05-29,United States,Chicago
CUST-003896,Priya,Ahmed,priya.ahmed.3896@example.com,2020-06-20,Singapore,Singapore
CUST-003897,Aditi,Chen,aditi.chen.3897@example.com,2023-12-10,United Kingdom,London
CUST-003898,Emma,Das,emma.das.3898@example.com,2024-04-20,Singapore,Singapore
CUST-003899,James,Das,james.das.3899@example.com,2023-12-08,United Arab Emirates,Abu Dhabi
CUST-003900,Aarav,Muller,aarav.muller.3900@example.com,2025-06-19,India,Mumbai
CUST-003901,Leo,Lee,leo.lee.3901@example.com,2021-01-12,United Arab Emirates,Dubai
CUST-003902,Diego,Mehta,diego.mehta.3902@example.com,2021-01-20,Canada,Vancouver
CUST-003903,Isha,Mehta,isha.mehta.3903@example.com,2022-09-15,United Kingdom,Birmingham
CUST-003904,Leo,Patel,leo.patel.3904@example.com,2023-06-22,United Kingdom,Birmingham
CUST-003905,Uma,Das,uma.das.3905@example.com,2025-01-22,Canada,Toronto
CUST-003906,Priya,Costa,priya.costa.3906@example.com,2020-02-12,India,Bengaluru
CUST-003907,Olivia,Thomas,olivia.thomas.3907@example.com,2020-04-25,Germany,Munich
CUST-003908,Amelia,Wilson,amelia.wilson.3908@example.com,2025-03-12,United States,Seattle
CUST-003909,Samir,Ahmed,samir.ahmed.3909@example.com,2026-01-03,Singapore,Singapore
CUST-003910,Emma,Ahmed,emma.ahmed.3910@example.com,2025-10-17,India,Hyderabad
CUST-003911,Ben,Young,ben.young.3911@example.com,2023-04-16,Singapore,Singapore
CUST-003912,Aditi,Kim,aditi.kim.3912@example.com,2023-09-19,United Arab Emirates,Abu Dhabi
CUST-003913,Arjun,Wright,arjun.wright.3913@example.com,2020-11-10,United States,Austin
CUST-003914,Leo,Chen,leo.chen.3914@example.com,2020-01-24,United States,Chicago
CUST-003915,Uma,Mehta,uma.mehta.3915@example.com,2021-12-24,Canada,Vancouver
CUST-003916,Aditi,Kim,aditi.kim.3916@example.com,2022-07-04,United States,Seattle
CUST-003917,Yara,Wright,yara.wright.3917@example.com,2025-07-13,United Arab Emirates,Dubai
CUST-003918,Samir,Ali,samir.ali.3918@example.com,2021-04-20,Canada,Toronto
CUST-003919,Ben,Garcia,ben.garcia.3919@example.com,2026-04-24,United States,New York
CUST-003920,Kavya,Chen,kavya.chen.3920@example.com,2024-10-27,United Kingdom,London
CUST-003921,Samir,Wilson,samir.wilson.3921@example.com,2024-02-17,Germany,Berlin
CUST-003922,James,Chen,james.chen.3922@example.com,2023-02-16,India,Hyderabad
CUST-003923,Noah,Das,noah.das.3923@example.com,2020-10-01,Singapore,Singapore
CUST-003924,Amelia,Lee,amelia.lee.3924@example.com,2024-01-04,Germany,Munich
CUST-003925,Isha,Wilson,isha.wilson.3925@example.com,2021-07-17,United States,New York
CUST-003926,Aarav,Smith,aarav.smith.3926@example.com,2026-05-25,India,Bengaluru
CUST-003927,Riya,Johnson,riya.johnson.3927@example.com,2026-02-14,Singapore,Singapore
CUST-003928,Noah,Lee,noah.lee.3928@example.com,2020-09-30,Singapore,Singapore
CUST-003929,Olivia,Costa,olivia.costa.3929@example.com,2026-04-11,India,Mumbai
CUST-003930,Diego,Johnson,diego.johnson.3930@example.com,2023-05-15,United States,Austin
CUST-003931,Tara,Das,tara.das.3931@example.com,2020-02-15,Singapore,Singapore
CUST-003932,Aditi,Wilson,aditi.wilson.3932@example.com,2020-02-19,Canada,Toronto
CUST-003933,Maya,Wright,maya.wright.3933@example.com,2026-07-26,United Kingdom,Birmingham
CUST-003934,Aarav,Kim,aarav.kim.3934@example.com,2021-07-15,Canada,Vancouver
CUST-003935,Sofia,Brown,sofia.brown.3935@example.com,2025-05-21,Canada,Toronto
CUST-003936,Chen,Wright,chen.wright.3936@example.com,2025-05-13,Singapore,Singapore
CUST-003937,Chen,Nguyen,chen.nguyen.3937@example.com,2024-05-07,United States,New York
CUST-003938,Aisha,Wright,aisha.wright.3938@example.com,2025-09-19,United States,Austin
CUST-003939,Yara,Roy,yara.roy.3939@example.com,2025-05-10,India,Chennai
CUST-003940,Amelia,Ahmed,amelia.ahmed.3940@example.com,2022-10-08,United States,Chicago
CUST-003941,Wei,Lopez,wei.lopez.3941@example.com,2022-07-12,United Kingdom,Manchester
CUST-003942,James,Patel,james.patel.3942@example.com,2024-11-03,Canada,Toronto
CUST-003943,Yara,Singh,yara.singh.3943@example.com,2024-06-04,Canada,Toronto
CUST-003944,Chen,Wright,chen.wright.3944@example.com,2024-03-10,Germany,Munich
CUST-003945,Kavya,Nair,kavya.nair.3945@example.com,2022-07-09,Canada,Toronto
CUST-003946,Leo,Nair,leo.nair.3946@example.com,2025-09-18,Canada,Vancouver
CUST-003947,Quinn,Thomas,quinn.thomas.3947@example.com,2021-10-06,Canada,Toronto
CUST-003948,Priya,Wilson,priya.wilson.3948@example.com,2025-07-29,United Kingdom,London
CUST-003949,James,Nair,james.nair.3949@example.com,2024-09-05,India,Mumbai
CUST-003950,Noah,Khan,noah.khan.3950@example.com,2021-08-19,Germany,Berlin
CUST-003951,Hassan,Lee,hassan.lee.3951@example.com,2023-02-24,Singapore,Singapore
CUST-003952,Quinn,Park,quinn.park.3952@example.com,2023-05-28,United Kingdom,Birmingham
CUST-003953,Priya,Singh,priya.singh.3953@example.com,2025-04-08,United Kingdom,Birmingham
CUST-003954,Leo,Muller,leo.muller.3954@example.com,2026-08-11,Canada,Toronto
CUST-003955,Leo,Singh,leo.singh.3955@example.com,2025-06-28,India,Delhi
CUST-003956,Noah,Wilson,noah.wilson.3956@example.com,2020-09-14,United Arab Emirates,Abu Dhabi
CUST-003957,Quinn,Lee,quinn.lee.3957@example.com,2023-03-29,United Kingdom,Birmingham
CUST-003958,Maya,Brown,maya.brown.3958@example.com,2023-08-20,United Kingdom,London
CUST-003959,Olivia,Johnson,olivia.johnson.3959@example.com,2023-06-08,United Kingdom,London
CUST-003960,Wei,Singh,wei.singh.3960@example.com,2024-08-12,United Arab Emirates,Abu Dhabi
CUST-003961,Emma,Nair,emma.nair.3961@example.com,2022-02-10,Singapore,Singapore
CUST-003962,Vikram,Roy,vikram.roy.3962@example.com,2023-04-23,Germany,Berlin
CUST-003963,Riya,Wright,riya.wright.3963@example.com,2026-02-01,United Kingdom,Birmingham
CUST-003964,Grace,Johnson,grace.johnson.3964@example.com,2025-03-10,Canada,Toronto
CUST-003965,Arjun,Mehta,arjun.mehta.3965@example.com,2023-04-08,Germany,Berlin
CUST-003966,Chen,Nair,chen.nair.3966@example.com,2023-10-13,Canada,Toronto
CUST-003967,Zane,Lopez,zane.lopez.3967@example.com,2025-07-28,Canada,Vancouver
CUST-003968,Diego,Muller,diego.muller.3968@example.com,2023-01-13,Singapore,Singapore
CUST-003969,Noah,Singh,noah.singh.3969@example.com,2022-11-09,United States,New York
CUST-003970,Emma,Nguyen,emma.nguyen.3970@example.com,2026-03-05,Singapore,Singapore
CUST-003971,Aarav,Khan,aarav.khan.3971@example.com,2022-11-09,United States,Chicago
CUST-003972,Kavya,Kapoor,kavya.kapoor.3972@example.com,2026-07-18,United Arab Emirates,Abu Dhabi
CUST-003973,Maya,Ahmed,maya.ahmed.3973@example.com,2022-03-26,Singapore,Singapore
CUST-003974,Aditi,Costa,aditi.costa.3974@example.com,2025-06-28,Germany,Berlin
CUST-003975,Leo,Costa,leo.costa.3975@example.com,2023-07-06,Singapore,Singapore
CUST-003976,Aisha,Smith,aisha.smith.3976@example.com,2024-01-20,India,Mumbai
CUST-003977,Aditi,Thomas,aditi.thomas.3977@example.com,2023-02-10,India,Mumbai
CUST-003978,Noah,Martin,noah.martin.3978@example.com,2021-06-05,United Kingdom,London
CUST-003979,Sofia,Mehta,sofia.mehta.3979@example.com,2024-09-29,Germany,Berlin
CUST-003980,Aditi,Young,aditi.young.3980@example.com,2026-05-09,Germany,Berlin
CUST-003981,Aarav,Nguyen,aarav.nguyen.3981@example.com,2023-02-09,United Kingdom,Manchester
CUST-003982,James,Brown,james.brown.3982@example.com,2022-06-21,United States,Seattle
CUST-003983,Sofia,Martin,sofia.martin.3983@example.com,2022-08-26,United Kingdom,London
CUST-003984,Aarav,Martin,aarav.martin.3984@example.com,2023-07-21,United Arab Emirates,Dubai
CUST-003985,Ben,Park,ben.park.3985@example.com,2024-04-18,Canada,Toronto
CUST-003986,Noah,Nair,noah.nair.3986@example.com,2021-10-18,India,Mumbai
CUST-003987,Olivia,Mehta,olivia.mehta.3987@example.com,2023-01-09,United Arab Emirates,Abu Dhabi
CUST-003988,Arjun,Nguyen,arjun.nguyen.3988@example.com,2024-07-22,United States,Austin
CUST-003989,Diego,Ali,diego.ali.3989@example.com,2021-11-09,United Arab Emirates,Dubai
CUST-003990,Sofia,Brown,sofia.brown.3990@example.com,2021-03-15,United Kingdom,London
CUST-003991,Diego,Wright,diego.wright.3991@example.com,2024-11-17,United Kingdom,Birmingham
CUST-003992,Yara,Nair,yara.nair.3992@example.com,2024-05-02,Canada,Vancouver
CUST-003993,Chen,Brown,chen.brown.3993@example.com,2020-12-01,India,Hyderabad
CUST-003994,Samir,Ali,samir.ali.3994@example.com,2021-09-07,Singapore,Singapore
CUST-003995,Yara,Nair,yara.nair.3995@example.com,2024-04-06,Canada,Toronto
CUST-003996,Noah,Roy,noah.roy.3996@example.com,2022-04-20,United Kingdom,Birmingham
CUST-003997,Leo,Costa,leo.costa.3997@example.com,2025-11-16,Canada,Vancouver
CUST-003998,Grace,Sharma,grace.sharma.3998@example.com,2025-09-09,Singapore,Singapore
CUST-003999,Wei,Ali,wei.ali.3999@example.com,2022-04-21,United Arab Emirates,Abu Dhabi
CUST-004000,Aisha,Das,aisha.das.4000@example.com,2024-03-26,India,Bengaluru
CUST-004001,Vikram,Muller,vikram.muller.4001@example.com,2022-06-11,United States,Seattle
CUST-004002,Hassan,Muller,hassan.muller.4002@example.com,2022-10-15,United Kingdom,Birmingham
CUST-004003,Fatima,Young,fatima.young.4003@example.com,2024-04-03,United States,Chicago
CUST-004004,Aarav,Wright,aarav.wright.4004@example.com,2022-09-26,United Arab Emirates,Dubai
CUST-004005,Kavya,Das,kavya.das.4005@example.com,2020-03-30,Canada,Vancouver
CUST-004006,Olivia,Iyer,olivia.iyer.4006@example.com,2024-04-09,United Kingdom,London
CUST-004007,Leo,Costa,leo.costa.4007@example.com,2024-12-29,Germany,Munich
CUST-004008,Amelia,Costa,amelia.costa.4008@example.com,2023-11-27,United Kingdom,London
CUST-004009,Emma,Iyer,emma.iyer.4009@example.com,2025-05-14,United Kingdom,London
CUST-004010,Ben,Brown,ben.brown.4010@example.com,2026-07-26,Canada,Toronto
CUST-004011,Yara,Patel,yara.patel.4011@example.com,2024-02-02,Singapore,Singapore
CUST-004012,Uma,Brown,uma.brown.4012@example.com,2021-10-12,India,Mumbai
CUST-004013,Priya,Das,priya.das.4013@example.com,2020-07-24,United Arab Emirates,Abu Dhabi
CUST-004014,Amelia,Wilson,amelia.wilson.4014@example.com,2025-01-29,United Kingdom,London
CUST-004015,Fatima,Garcia,fatima.garcia.4015@example.com,2024-11-20,Canada,Vancouver
CUST-004016,Yara,Kapoor,yara.kapoor.4016@example.com,2022-07-27,United States,Chicago
CUST-004017,Fatima,Smith,fatima.smith.4017@example.com,2020-09-30,United Arab Emirates,Dubai
CUST-004018,Yara,Khan,yara.khan.4018@example.com,2020-08-01,United Arab Emirates,Dubai
CUST-004019,Fatima,Martin,fatima.martin.4019@example.com,2024-09-29,Singapore,Singapore
CUST-004020,Diego,Sharma,diego.sharma.4020@example.com,2022-03-11,Canada,Toronto
CUST-004021,Amelia,Roy,amelia.roy.4021@example.com,2023-01-07,India,Bengaluru
CUST-004022,Noah,Nguyen,noah.nguyen.4022@example.com,2025-03-09,Canada,Vancouver
CUST-004023,Tara,Smith,tara.smith.4023@example.com,2025-12-25,United States,Austin
CUST-004024,Diego,Park,diego.park.4024@example.com,2023-08-26,India,Bengaluru
CUST-004025,Uma,Lee,uma.lee.4025@example.com,2020-03-25,United Arab Emirates,Dubai
CUST-004026,Isha,Garcia,isha.garcia.4026@example.com,2020-07-17,United States,Chicago
CUST-004027,Aisha,Thomas,aisha.thomas.4027@example.com,2022-09-17,United States,Seattle
CUST-004028,Olivia,Park,olivia.park.4028@example.com,2025-03-09,United Kingdom,London
CUST-004029,Kavya,Smith,kavya.smith.4029@example.com,2021-03-26,Germany,Berlin
CUST-004030,Ben,Lopez,ben.lopez.4030@example.com,2020-06-22,United Arab Emirates,Dubai
CUST-004031,Isha,Garcia,isha.garcia.4031@example.com,2023-03-22,India,Hyderabad
CUST-004032,Maya,Park,maya.park.4032@example.com,2024-06-05,Singapore,Singapore
CUST-004033,Zane,Wilson,zane.wilson.4033@example.com,2025-10-29,Singapore,Singapore
CUST-004034,Vikram,Nair,vikram.nair.4034@example.com,2024-07-17,United Arab Emirates,Abu Dhabi
CUST-004035,Maya,Kapoor,maya.kapoor.4035@example.com,2021-11-14,Singapore,Singapore
CUST-004036,Aisha,Park,aisha.park.4036@example.com,2022-04-27,India,Mumbai
CUST-004037,Priya,Iyer,priya.iyer.4037@example.com,2023-05-07,Canada,Toronto
CUST-004038,Priya,Young,priya.young.4038@example.com,2024-04-16,Singapore,Singapore
CUST-004039,Fatima,Iyer,fatima.iyer.4039@example.com,2023-07-12,India,Hyderabad
CUST-004040,Chen,Roy,chen.roy.4040@example.com,2022-06-01,India,Hyderabad
CUST-004041,Uma,Lopez,uma.lopez.4041@example.com,2021-08-25,Canada,Vancouver
CUST-004042,Yara,Ahmed,yara.ahmed.4042@example.com,2021-07-26,Canada,Vancouver
CUST-004043,Isha,Brown,isha.brown.4043@example.com,2020-03-08,United States,Austin
CUST-004044,Zane,Ali,zane.ali.4044@example.com,2025-06-16,United Kingdom,Manchester
CUST-004045,Kavya,Das,kavya.das.4045@example.com,2024-03-01,Singapore,Singapore
CUST-004046,Kavya,Garcia,kavya.garcia.4046@example.com,2020-07-29,Singapore,Singapore
CUST-004047,Aisha,Young,aisha.young.4047@example.com,2021-02-18,Germany,Munich
CUST-004048,Hassan,Patel,hassan.patel.4048@example.com,2025-03-20,United Kingdom,Manchester
CUST-004049,Zane,Lopez,zane.lopez.4049@example.com,2024-11-10,Canada,Toronto
CUST-004050,Priya,Kim,priya.kim.4050@example.com,2025-09-30,United Kingdom,Birmingham
CUST-004051,Leo,Patel,leo.patel.4051@example.com,2025-05-17,Canada,Toronto
CUST-004052,Hassan,Singh,hassan.singh.4052@example.com,2023-06-25,United States,Austin
CUST-004053,Aarav,Nguyen,aarav.nguyen.4053@example.com,2026-04-19,United States,Seattle
CUST-004054,Aditi,Sharma,aditi.sharma.4054@example.com,2022-06-14,United Arab Emirates,Abu Dhabi
CUST-004055,Aarav,Ali,aarav.ali.4055@example.com,2023-09-30,Singapore,Singapore
CUST-004056,Hassan,Nair,hassan.nair.4056@example.com,2023-03-13,United Kingdom,Manchester
CUST-004057,Aditi,Park,aditi.park.4057@example.com,2026-07-26,United Arab Emirates,Dubai
CUST-004058,Zane,Ali,zane.ali.4058@example.com,2025-06-19,Canada,Vancouver
CUST-004059,Uma,Wilson,uma.wilson.4059@example.com,2026-02-22,India,Chennai
CUST-004060,Maya,Khan,maya.khan.4060@example.com,2024-03-27,United States,Seattle
CUST-004061,Riya,Das,riya.das.4061@example.com,2022-12-30,Singapore,Singapore
CUST-004062,Aisha,Roy,aisha.roy.4062@example.com,2021-01-16,United States,Chicago
CUST-004063,Emma,Muller,emma.muller.4063@example.com,2020-06-20,United States,New York
CUST-004064,Fatima,Sharma,fatima.sharma.4064@example.com,2022-03-07,United States,Chicago
CUST-004065,Olivia,Johnson,olivia.johnson.4065@example.com,2021-09-13,Singapore,Singapore
CUST-004066,Noah,Ahmed,noah.ahmed.4066@example.com,2022-05-12,United Kingdom,London
CUST-004067,Amelia,Smith,amelia.smith.4067@example.com,2020-06-02,Canada,Vancouver
CUST-004068,Tara,Chen,tara.chen.4068@example.com,2020-09-27,Canada,Toronto
CUST-004069,Kavya,Kapoor,kavya.kapoor.4069@example.com,2025-07-14,United States,New York
CUST-004070,Amelia,Wright,amelia.wright.4070@example.com,2023-11-04,Singapore,Singapore
CUST-004071,Yara,Chen,yara.chen.4071@example.com,2026-06-21,United Kingdom,Birmingham
CUST-004072,Noah,Young,noah.young.4072@example.com,2023-09-16,Canada,Vancouver
CUST-004073,Maya,Garcia,maya.garcia.4073@example.com,2026-08-12,Germany,Munich
CUST-004074,Vikram,Nair,vikram.nair.4074@example.com,2022-10-01,Canada,Toronto
CUST-004075,Wei,Sharma,wei.sharma.4075@example.com,2025-06-02,Singapore,Singapore
CUST-004076,Grace,Wilson,grace.wilson.4076@example.com,2025-08-05,United Kingdom,Birmingham
CUST-004077,Isha,Patel,isha.patel.4077@example.com,2023-05-15,United Arab Emirates,Abu Dhabi
CUST-004078,Arjun,Silva,arjun.silva.4078@example.com,2026-03-23,United States,Austin
CUST-004079,Yara,Park,yara.park.4079@example.com,2022-10-15,United States,Chicago
CUST-004080,Zane,Garcia,zane.garcia.4080@example.com,2026-01-29,India,Chennai
CUST-004081,Hassan,Costa,hassan.costa.4081@example.com,2024-06-25,Germany,Munich
CUST-004082,Olivia,Singh,olivia.singh.4082@example.com,2020-11-28,United Kingdom,London
CUST-004083,Ben,Nair,ben.nair.4083@example.com,2020-09-28,Singapore,Singapore
CUST-004084,Sofia,Young,sofia.young.4084@example.com,2024-11-19,India,Hyderabad
CUST-004085,Wei,Costa,wei.costa.4085@example.com,2024-08-23,United States,Chicago
CUST-004086,Aarav,Singh,aarav.singh.4086@example.com,2021-04-29,United Kingdom,Manchester
CUST-004087,Diego,Chen,diego.chen.4087@example.com,2024-06-11,Singapore,Singapore
CUST-004088,Isha,Costa,isha.costa.4088@example.com,2022-08-21,Canada,Vancouver
CUST-004089,Diego,Nair,diego.nair.4089@example.com,2021-11-06,Canada,Vancouver
CUST-004090,Ben,Nair,ben.nair.4090@example.com,2024-03-23,United Kingdom,London
CUST-004091,Arjun,Khan,arjun.khan.4091@example.com,2020-02-04,India,Bengaluru
CUST-004092,Noah,Costa,noah.costa.4092@example.com,2021-01-13,Singapore,Singapore
CUST-004093,Aditi,Sharma,aditi.sharma.4093@example.com,2021-12-28,Singapore,Singapore
CUST-004094,Aisha,Kim,aisha.kim.4094@example.com,2024-02-11,Canada,Vancouver
CUST-004095,Riya,Ahmed,riya.ahmed.4095@example.com,2020-06-14,India,Bengaluru
CUST-004096,Zane,Kim,zane.kim.4096@example.com,2021-02-13,United Kingdom,London
CUST-004097,Olivia,Khan,olivia.khan.4097@example.com,2020-01-01,India,Bengaluru
CUST-004098,Vikram,Smith,vikram.smith.4098@example.com,2025-07-01,Singapore,Singapore
CUST-004099,Emma,Ahmed,emma.ahmed.4099@example.com,2025-11-24,United Kingdom,London
CUST-004100,Wei,Nair,wei.nair.4100@example.com,2021-07-21,United Kingdom,London
CUST-004101,Kavya,Nair,kavya.nair.4101@example.com,2022-11-30,Canada,Toronto
CUST-004102,Quinn,Roy,quinn.roy.4102@example.com,2025-10-09,Germany,Berlin
CUST-004103,Leo,Nair,leo.nair.4103@example.com,2023-03-08,United States,New York
CUST-004104,Isha,Thomas,isha.thomas.4104@example.com,2021-10-28,United Kingdom,Birmingham
CUST-004105,Leo,Park,leo.park.4105@example.com,2024-01-09,Singapore,Singapore
CUST-004106,Fatima,Lopez,fatima.lopez.4106@example.com,2024-06-30,Germany,Munich
CUST-004107,Vikram,Kapoor,vikram.kapoor.4107@example.com,2023-06-20,United States,Seattle
CUST-004108,Chen,Brown,chen.brown.4108@example.com,2021-09-01,Singapore,Singapore
CUST-004109,Aditi,Khan,aditi.khan.4109@example.com,2026-08-04,India,Mumbai
CUST-004110,Aisha,Nguyen,aisha.nguyen.4110@example.com,2021-05-31,Singapore,Singapore
CUST-004111,Tara,Khan,tara.khan.4111@example.com,2023-09-24,United Kingdom,Birmingham
CUST-004112,Grace,Ahmed,grace.ahmed.4112@example.com,2025-05-26,United States,Chicago
CUST-004113,James,Nguyen,james.nguyen.4113@example.com,2026-03-11,Germany,Munich
CUST-004114,Sofia,Das,sofia.das.4114@example.com,2025-04-22,United States,New York
CUST-004115,Hassan,Smith,hassan.smith.4115@example.com,2022-02-23,Singapore,Singapore
CUST-004116,Amelia,Patel,amelia.patel.4116@example.com,2022-10-29,India,Hyderabad
CUST-004117,Ben,Silva,ben.silva.4117@example.com,2025-03-13,Singapore,Singapore
CUST-004118,Vikram,Das,vikram.das.4118@example.com,2023-08-18,Canada,Vancouver
CUST-004119,Aisha,Silva,aisha.silva.4119@example.com,2024-09-25,United Kingdom,Birmingham
CUST-004120,Grace,Kapoor,grace.kapoor.4120@example.com,2026-05-09,Canada,Toronto
CUST-004121,Aarav,Thomas,aarav.thomas.4121@example.com,2021-11-03,Canada,Vancouver
CUST-004122,James,Khan,james.khan.4122@example.com,2023-10-02,Singapore,Singapore
CUST-004123,Aditi,Young,aditi.young.4123@example.com,2022-09-10,United States,Chicago
CUST-004124,Emma,Kapoor,emma.kapoor.4124@example.com,2022-01-09,United States,Chicago
CUST-004125,Aditi,Roy,aditi.roy.4125@example.com,2024-01-17,India,Delhi
CUST-004126,Vikram,Nair,vikram.nair.4126@example.com,2023-10-13,United Kingdom,London
CUST-004127,Arjun,Chen,arjun.chen.4127@example.com,2025-08-14,Canada,Toronto
CUST-004128,Chen,Garcia,chen.garcia.4128@example.com,2025-08-30,United Kingdom,Manchester
CUST-004129,Maya,Muller,maya.muller.4129@example.com,2026-08-15,United Arab Emirates,Dubai
CUST-004130,James,Roy,james.roy.4130@example.com,2020-06-10,Germany,Munich
CUST-004131,Tara,Ahmed,tara.ahmed.4131@example.com,2023-04-03,United Arab Emirates,Abu Dhabi
CUST-004132,Aditi,Kim,aditi.kim.4132@example.com,2020-03-14,United Kingdom,Manchester
CUST-004133,Olivia,Lopez,olivia.lopez.4133@example.com,2020-09-14,Canada,Vancouver
CUST-004134,Wei,Young,wei.young.4134@example.com,2025-03-13,Singapore,Singapore
CUST-004135,Sofia,Singh,sofia.singh.4135@example.com,2022-07-01,Canada,Vancouver
CUST-004136,Emma,Kim,emma.kim.4136@example.com,2020-06-07,Germany,Berlin
CUST-004137,Riya,Young,riya.young.4137@example.com,2022-11-06,United Arab Emirates,Abu Dhabi
CUST-004138,Emma,Sharma,emma.sharma.4138@example.com,2022-07-27,United Arab Emirates,Dubai
CUST-004139,Diego,Silva,diego.silva.4139@example.com,2022-09-05,Singapore,Singapore
CUST-004140,Aarav,Costa,aarav.costa.4140@example.com,2020-11-07,India,Delhi
CUST-004141,Noah,Silva,noah.silva.4141@example.com,2024-09-03,United Arab Emirates,Dubai
CUST-004142,Maya,Thomas,maya.thomas.4142@example.com,2023-06-08,Germany,Berlin
CUST-004143,Leo,Ahmed,leo.ahmed.4143@example.com,2025-12-27,United States,Seattle
CUST-004144,Uma,Nguyen,uma.nguyen.4144@example.com,2022-08-19,Canada,Vancouver
CUST-004145,Noah,Mehta,noah.mehta.4145@example.com,2021-12-26,United Kingdom,Birmingham
CUST-004146,Quinn,Johnson,quinn.johnson.4146@example.com,2024-10-25,India,Mumbai
CUST-004147,Grace,Lopez,grace.lopez.4147@example.com,2025-05-19,United States,New York
CUST-004148,Arjun,Garcia,arjun.garcia.4148@example.com,2022-11-23,Germany,Berlin
CUST-004149,Riya,Kim,riya.kim.4149@example.com,2022-11-19,Germany,Munich
CUST-004150,Ben,Young,ben.young.4150@example.com,2022-04-15,Singapore,Singapore
CUST-004151,Hassan,Nguyen,hassan.nguyen.4151@example.com,2023-03-28,Canada,Vancouver
CUST-004152,Noah,Das,noah.das.4152@example.com,2020-10-07,United Arab Emirates,Dubai
CUST-004153,Aisha,Thomas,aisha.thomas.4153@example.com,2020-01-14,India,Bengaluru
CUST-004154,Amelia,Roy,amelia.roy.4154@example.com,2023-01-11,Canada,Toronto
CUST-004155,Arjun,Roy,arjun.roy.4155@example.com,2023-10-14,Singapore,Singapore
CUST-004156,Maya,Roy,maya.roy.4156@example.com,2025-12-29,Canada,Vancouver
CUST-004157,Maya,Nguyen,maya.nguyen.4157@example.com,2023-02-13,Singapore,Singapore
CUST-004158,Hassan,Park,hassan.park.4158@example.com,2023-12-17,India,Bengaluru
CUST-004159,Isha,Park,isha.park.4159@example.com,2026-02-11,United States,Seattle
CUST-004160,Tara,Sharma,tara.sharma.4160@example.com,2020-12-19,United Arab Emirates,Dubai
CUST-004161,Ben,Garcia,ben.garcia.4161@example.com,2021-10-18,United Kingdom,Birmingham
CUST-004162,Wei,Das,wei.das.4162@example.com,2022-03-06,United Arab Emirates,Abu Dhabi
CUST-004163,Sofia,Roy,sofia.roy.4163@example.com,2023-12-10,Germany,Berlin
CUST-004164,Grace,Thomas,grace.thomas.4164@example.com,2024-11-06,Singapore,Singapore
CUST-004165,Vikram,Wilson,vikram.wilson.4165@example.com,2024-07-06,Canada,Toronto
CUST-004166,Ben,Johnson,ben.johnson.4166@example.com,2025-06-03,United Arab Emirates,Dubai
CUST-004167,Tara,Brown,tara.brown.4167@example.com,2025-07-17,Canada,Vancouver
CUST-004168,Isha,Singh,isha.singh.4168@example.com,2024-02-19,Germany,Berlin
CUST-004169,Zane,Patel,zane.patel.4169@example.com,2025-01-29,India,Bengaluru
CUST-004170,Aarav,Ahmed,aarav.ahmed.4170@example.com,2020-03-11,United Kingdom,Birmingham
CUST-004171,Sofia,Iyer,sofia.iyer.4171@example.com,2023-10-19,Germany,Munich
CUST-004172,Tara,Silva,tara.silva.4172@example.com,2023-07-14,India,Hyderabad
CUST-004173,Amelia,Garcia,amelia.garcia.4173@example.com,2021-01-28,Canada,Toronto
CUST-004174,Olivia,Garcia,olivia.garcia.4174@example.com,2025-07-17,Singapore,Singapore
CUST-004175,Arjun,Nair,arjun.nair.4175@example.com,2020-05-13,Canada,Vancouver
CUST-004176,Diego,Kim,diego.kim.4176@example.com,2024-10-09,United Arab Emirates,Abu Dhabi
CUST-004177,Aditi,Thomas,aditi.thomas.4177@example.com,2020-08-12,India,Delhi
CUST-004178,Riya,Garcia,riya.garcia.4178@example.com,2022-11-23,Germany,Munich
CUST-004179,Aisha,Lee,aisha.lee.4179@example.com,2024-08-14,United Kingdom,London
CUST-004180,Maya,Iyer,maya.iyer.4180@example.com,2025-08-02,India,Delhi
CUST-004181,Tara,Kim,tara.kim.4181@example.com,2020-04-03,Singapore,Singapore
CUST-004182,Fatima,Singh,fatima.singh.4182@example.com,2021-01-16,United States,Austin
CUST-004183,Sofia,Wilson,sofia.wilson.4183@example.com,2021-02-14,United Arab Emirates,Abu Dhabi
CUST-004184,Arjun,Nguyen,arjun.nguyen.4184@example.com,2023-09-29,United Kingdom,Manchester
CUST-004185,Zane,Nguyen,zane.nguyen.4185@example.com,2026-06-18,United States,Austin
CUST-004186,Olivia,Park,olivia.park.4186@example.com,2022-08-06,India,Mumbai
CUST-004187,Emma,Kim,emma.kim.4187@example.com,2026-03-03,Canada,Toronto
CUST-004188,Vikram,Das,vikram.das.4188@example.com,2026-06-22,United Arab Emirates,Abu Dhabi
CUST-004189,Sofia,Martin,sofia.martin.4189@example.com,2023-05-03,Germany,Berlin
CUST-004190,Zane,Muller,zane.muller.4190@example.com,2020-06-15,Canada,Vancouver
CUST-004191,Sofia,Young,sofia.young.4191@example.com,2021-01-15,Singapore,Singapore
CUST-004192,Emma,Mehta,emma.mehta.4192@example.com,2021-07-14,India,Mumbai
CUST-004193,Arjun,Ahmed,arjun.ahmed.4193@example.com,2021-03-13,India,Hyderabad
CUST-004194,Aditi,Chen,aditi.chen.4194@example.com,2024-01-19,Canada,Vancouver
CUST-004195,Noah,Nguyen,noah.nguyen.4195@example.com,2021-10-12,United Kingdom,Birmingham
CUST-004196,Noah,Young,noah.young.4196@example.com,2022-10-11,Canada,Toronto
CUST-004197,Grace,Smith,grace.smith.4197@example.com,2026-05-19,United States,New York
CUST-004198,Quinn,Park,quinn.park.4198@example.com,2025-04-10,India,Bengaluru
CUST-004199,Tara,Das,tara.das.4199@example.com,2021-11-24,United States,Austin
CUST-004200,James,Sharma,james.sharma.4200@example.com,2025-11-12,Germany,Munich
CUST-004201,Olivia,Park,olivia.park.4201@example.com,2022-02-07,Germany,Munich
CUST-004202,Noah,Brown,noah.brown.4202@example.com,2024-10-26,India,Bengaluru
CUST-004203,Priya,Wright,priya.wright.4203@example.com,2022-02-27,Singapore,Singapore
CUST-004204,Hassan,Garcia,hassan.garcia.4204@example.com,2026-08-16,Singapore,Singapore
CUST-004205,Sofia,Ahmed,sofia.ahmed.4205@example.com,2023-01-08,United Kingdom,London
CUST-004206,Priya,Thomas,priya.thomas.4206@example.com,2024-09-17,India,Delhi
CUST-004207,Quinn,Nair,quinn.nair.4207@example.com,2020-01-06,Singapore,Singapore
CUST-004208,Isha,Ahmed,isha.ahmed.4208@example.com,2022-11-02,United States,Austin
CUST-004209,Olivia,Smith,olivia.smith.4209@example.com,2026-07-04,Canada,Toronto
CUST-004210,Riya,Brown,riya.brown.4210@example.com,2020-06-13,United States,Austin
CUST-004211,Diego,Mehta,diego.mehta.4211@example.com,2020-10-22,India,Hyderabad
CUST-004212,Aisha,Johnson,aisha.johnson.4212@example.com,2021-04-06,United Kingdom,Birmingham
CUST-004213,Aarav,Lopez,aarav.lopez.4213@example.com,2021-03-29,United States,New York
CUST-004214,James,Nguyen,james.nguyen.4214@example.com,2022-04-25,United Kingdom,Manchester
CUST-004215,Aisha,Garcia,aisha.garcia.4215@example.com,2021-05-19,Germany,Munich
CUST-004216,Grace,Costa,grace.costa.4216@example.com,2025-10-26,Singapore,Singapore
CUST-004217,Kavya,Wright,kavya.wright.4217@example.com,2021-08-20,United States,Austin
CUST-004218,Isha,Iyer,isha.iyer.4218@example.com,2022-09-21,United States,Chicago
CUST-004219,Leo,Lee,leo.lee.4219@example.com,2020-07-19,Singapore,Singapore
CUST-004220,Aarav,Costa,aarav.costa.4220@example.com,2021-10-11,Singapore,Singapore
CUST-004221,Vikram,Young,vikram.young.4221@example.com,2020-09-01,Canada,Vancouver
CUST-004222,Maya,Kim,maya.kim.4222@example.com,2024-08-20,United States,New York
CUST-004223,Zane,Kim,zane.kim.4223@example.com,2023-03-06,United States,Seattle
CUST-004224,Ben,Costa,ben.costa.4224@example.com,2020-02-26,Canada,Vancouver
CUST-004225,Vikram,Roy,vikram.roy.4225@example.com,2020-09-24,United Arab Emirates,Abu Dhabi
CUST-004226,Hassan,Kim,hassan.kim.4226@example.com,2022-07-07,Germany,Munich
CUST-004227,Chen,Das,chen.das.4227@example.com,2023-02-02,Canada,Vancouver
CUST-004228,Isha,Lee,isha.lee.4228@example.com,2025-05-21,United States,Austin
CUST-004229,Kavya,Young,kavya.young.4229@example.com,2020-03-11,United States,Austin
CUST-004230,Quinn,Chen,quinn.chen.4230@example.com,2022-06-15,Singapore,Singapore
CUST-004231,Arjun,Lee,arjun.lee.4231@example.com,2024-02-27,Germany,Munich
CUST-004232,Samir,Nguyen,samir.nguyen.4232@example.com,2025-10-16,United Kingdom,Manchester
CUST-004233,Tara,Muller,tara.muller.4233@example.com,2020-09-14,India,Chennai
CUST-004234,Zane,Nguyen,zane.nguyen.4234@example.com,2023-03-04,United States,Seattle
CUST-004235,Vikram,Brown,vikram.brown.4235@example.com,2026-03-27,Canada,Toronto
CUST-004236,Quinn,Chen,quinn.chen.4236@example.com,2020-01-14,United Arab Emirates,Dubai
CUST-004237,Aarav,Singh,aarav.singh.4237@example.com,2026-03-18,Canada,Vancouver
CUST-004238,Olivia,Singh,olivia.singh.4238@example.com,2025-05-24,India,Bengaluru
CUST-004239,Ben,Nguyen,ben.nguyen.4239@example.com,2023-06-08,Germany,Munich
CUST-004240,Emma,Das,emma.das.4240@example.com,2023-01-18,Canada,Toronto
CUST-004241,Quinn,Muller,quinn.muller.4241@example.com,2026-05-04,Germany,Munich
CUST-004242,Arjun,Muller,arjun.muller.4242@example.com,2022-03-14,Singapore,Singapore
CUST-004243,Grace,Patel,grace.patel.4243@example.com,2023-10-08,Canada,Vancouver
CUST-004244,Leo,Roy,leo.roy.4244@example.com,2025-12-21,United States,Seattle
CUST-004245,Leo,Brown,leo.brown.4245@example.com,2026-04-22,Singapore,Singapore
CUST-004246,Samir,Khan,samir.khan.4246@example.com,2026-05-03,India,Bengaluru
CUST-004247,Diego,Costa,diego.costa.4247@example.com,2020-06-28,Canada,Toronto
CUST-004248,Kavya,Costa,kavya.costa.4248@example.com,2020-10-24,United Arab Emirates,Dubai
CUST-004249,Riya,Martin,riya.martin.4249@example.com,2021-07-09,Singapore,Singapore
CUST-004250,Tara,Johnson,tara.johnson.4250@example.com,2024-02-28,United States,New York
CUST-004251,Aditi,Lee,aditi.lee.4251@example.com,2026-08-03,India,Hyderabad
CUST-004252,Arjun,Lee,arjun.lee.4252@example.com,2026-08-08,Germany,Munich
CUST-004253,Zane,Johnson,zane.johnson.4253@example.com,2023-10-27,India,Bengaluru
CUST-004254,Priya,Nguyen,priya.nguyen.4254@example.com,2022-10-22,India,Chennai
CUST-004255,Noah,Mehta,noah.mehta.4255@example.com,2022-09-14,Germany,Berlin
CUST-004256,Leo,Das,leo.das.4256@example.com,2026-01-25,United Kingdom,London
CUST-004257,Riya,Roy,riya.roy.4257@example.com,2020-01-27,Germany,Munich
CUST-004258,Wei,Johnson,wei.johnson.4258@example.com,2024-08-13,Canada,Vancouver
CUST-004259,Arjun,Khan,arjun.khan.4259@example.com,2026-07-15,United Arab Emirates,Dubai
CUST-004260,Sofia,Ahmed,sofia.ahmed.4260@example.com,2020-01-01,United Kingdom,Manchester
CUST-004261,Samir,Iyer,samir.iyer.4261@example.com,2025-01-26,United Kingdom,Birmingham
CUST-004262,Samir,Smith,samir.smith.4262@example.com,2021-02-03,India,Chennai
CUST-004263,Aarav,Wright,aarav.wright.4263@example.com,2022-02-27,United Kingdom,London
CUST-004264,Wei,Smith,wei.smith.4264@example.com,2020-07-04,United States,Austin
CUST-004265,Chen,Silva,chen.silva.4265@example.com,2022-03-20,United States,Austin
CUST-004266,Fatima,Ali,fatima.ali.4266@example.com,2025-01-15,India,Bengaluru
CUST-004267,Priya,Garcia,priya.garcia.4267@example.com,2021-04-27,India,Bengaluru
CUST-004268,Hassan,Lopez,hassan.lopez.4268@example.com,2023-05-12,Canada,Vancouver
CUST-004269,Aisha,Das,aisha.das.4269@example.com,2021-10-13,India,Hyderabad
CUST-004270,Isha,Sharma,isha.sharma.4270@example.com,2024-03-14,United States,New York
CUST-004271,Noah,Smith,noah.smith.4271@example.com,2024-09-17,Germany,Berlin
CUST-004272,Amelia,Roy,amelia.roy.4272@example.com,2022-05-17,United States,New York
CUST-004273,Aisha,Costa,aisha.costa.4273@example.com,2024-11-15,India,Bengaluru
CUST-004274,Samir,Silva,samir.silva.4274@example.com,2022-12-26,United States,Seattle
CUST-004275,Zane,Ali,zane.ali.4275@example.com,2025-12-22,United States,Austin
CUST-004276,Kavya,Costa,kavya.costa.4276@example.com,2024-12-28,United States,Seattle
CUST-004277,Grace,Lee,grace.lee.4277@example.com,2022-05-27,United Arab Emirates,Dubai
CUST-004278,Chen,Muller,chen.muller.4278@example.com,2024-03-18,United Kingdom,Birmingham
CUST-004279,Kavya,Kapoor,kavya.kapoor.4279@example.com,2026-07-09,India,Mumbai
CUST-004280,Vikram,Das,vikram.das.4280@example.com,2020-08-08,United States,Austin
CUST-004281,Tara,Das,tara.das.4281@example.com,2021-04-08,United Arab Emirates,Abu Dhabi
CUST-004282,Isha,Kapoor,isha.kapoor.4282@example.com,2026-07-06,Germany,Berlin
CUST-004283,Aditi,Wilson,aditi.wilson.4283@example.com,2026-01-16,United States,Austin
CUST-004284,Vikram,Garcia,vikram.garcia.4284@example.com,2020-07-26,United States,New York
CUST-004285,Diego,Martin,diego.martin.4285@example.com,2020-12-08,United Arab Emirates,Abu Dhabi
CUST-004286,Maya,Martin,maya.martin.4286@example.com,2022-11-29,India,Delhi
CUST-004287,Grace,Martin,grace.martin.4287@example.com,2021-12-31,United States,New York
CUST-004288,James,Chen,james.chen.4288@example.com,2022-04-20,Canada,Toronto
CUST-004289,Vikram,Park,vikram.park.4289@example.com,2021-01-01,United States,Austin
CUST-004290,Priya,Ali,priya.ali.4290@example.com,2024-09-25,India,Chennai
CUST-004291,Amelia,Mehta,amelia.mehta.4291@example.com,2023-08-11,Canada,Vancouver
CUST-004292,Ben,Wright,ben.wright.4292@example.com,2023-10-15,United Kingdom,London
CUST-004293,Aditi,Roy,aditi.roy.4293@example.com,2020-04-21,India,Mumbai
CUST-004294,Yara,Park,yara.park.4294@example.com,2020-05-04,Germany,Berlin
CUST-004295,Grace,Smith,grace.smith.4295@example.com,2026-07-27,Canada,Toronto
CUST-004296,Amelia,Das,amelia.das.4296@example.com,2025-05-23,United States,New York
CUST-004297,Kavya,Park,kavya.park.4297@example.com,2024-03-01,United Arab Emirates,Dubai
CUST-004298,Vikram,Lopez,vikram.lopez.4298@example.com,2020-04-15,Germany,Berlin
CUST-004299,Hassan,Singh,hassan.singh.4299@example.com,2021-04-16,Singapore,Singapore
CUST-004300,Uma,Kim,uma.kim.4300@example.com,2021-10-14,United Kingdom,London
CUST-004301,Noah,Silva,noah.silva.4301@example.com,2026-06-18,United States,Chicago
CUST-004302,Fatima,Chen,fatima.chen.4302@example.com,2020-11-09,United Arab Emirates,Dubai
CUST-004303,Ben,Silva,ben.silva.4303@example.com,2023-03-29,Canada,Toronto
CUST-004304,Grace,Muller,grace.muller.4304@example.com,2020-06-14,Singapore,Singapore
CUST-004305,Kavya,Sharma,kavya.sharma.4305@example.com,2020-07-19,India,Mumbai
CUST-004306,Riya,Lee,riya.lee.4306@example.com,2024-03-27,United States,Seattle
CUST-004307,Quinn,Singh,quinn.singh.4307@example.com,2024-01-20,India,Chennai
CUST-004308,Emma,Wilson,emma.wilson.4308@example.com,2024-07-17,United States,Chicago
CUST-004309,Olivia,Nguyen,olivia.nguyen.4309@example.com,2024-08-18,United States,Austin
CUST-004310,Vikram,Lee,vikram.lee.4310@example.com,2022-07-22,United Arab Emirates,Abu Dhabi
CUST-004311,Hassan,Wright,hassan.wright.4311@example.com,2024-02-08,India,Delhi
CUST-004312,Wei,Smith,wei.smith.4312@example.com,2026-06-20,Canada,Vancouver
CUST-004313,Tara,Patel,tara.patel.4313@example.com,2020-06-10,United Arab Emirates,Abu Dhabi
CUST-004314,Aditi,Costa,aditi.costa.4314@example.com,2022-09-11,United States,Chicago
CUST-004315,Priya,Thomas,priya.thomas.4315@example.com,2026-04-05,United Arab Emirates,Abu Dhabi
CUST-004316,Priya,Iyer,priya.iyer.4316@example.com,2020-03-10,Canada,Toronto
CUST-004317,Aisha,Khan,aisha.khan.4317@example.com,2023-01-01,India,Mumbai
CUST-004318,Sofia,Nguyen,sofia.nguyen.4318@example.com,2024-05-23,Canada,Vancouver
CUST-004319,Wei,Wilson,wei.wilson.4319@example.com,2026-03-26,India,Chennai
CUST-004320,Tara,Sharma,tara.sharma.4320@example.com,2022-11-25,United Kingdom,Birmingham
CUST-004321,Ben,Martin,ben.martin.4321@example.com,2025-08-03,Singapore,Singapore
CUST-004322,Maya,Johnson,maya.johnson.4322@example.com,2022-02-07,Singapore,Singapore
CUST-004323,Isha,Lee,isha.lee.4323@example.com,2021-09-26,United States,New York
CUST-004324,Aisha,Das,aisha.das.4324@example.com,2023-04-23,Singapore,Singapore
CUST-004325,Maya,Ahmed,maya.ahmed.4325@example.com,2023-06-13,Germany,Munich
CUST-004326,Fatima,Smith,fatima.smith.4326@example.com,2022-09-21,India,Hyderabad
CUST-004327,Uma,Das,uma.das.4327@example.com,2024-02-17,United States,Chicago
CUST-004328,Chen,Nguyen,chen.nguyen.4328@example.com,2022-10-28,United Kingdom,London
CUST-004329,Kavya,Thomas,kavya.thomas.4329@example.com,2024-05-17,India,Delhi
CUST-004330,Quinn,Muller,quinn.muller.4330@example.com,2023-12-23,United States,Seattle
CUST-004331,Uma,Kim,uma.kim.4331@example.com,2020-06-22,Canada,Toronto
CUST-004332,Isha,Park,isha.park.4332@example.com,2024-02-20,United States,Seattle
CUST-004333,Noah,Wright,noah.wright.4333@example.com,2023-04-18,United States,Austin
CUST-004334,Yara,Kapoor,yara.kapoor.4334@example.com,2020-04-05,Germany,Berlin
CUST-004335,Leo,Muller,leo.muller.4335@example.com,2024-08-11,United Kingdom,Manchester
CUST-004336,Yara,Kim,yara.kim.4336@example.com,2026-06-16,United Arab Emirates,Dubai
CUST-004337,Uma,Brown,uma.brown.4337@example.com,2021-03-22,Germany,Munich
CUST-004338,Diego,Martin,diego.martin.4338@example.com,2025-08-13,Germany,Berlin
CUST-004339,Wei,Lee,wei.lee.4339@example.com,2021-07-03,United Kingdom,Manchester
CUST-004340,Priya,Silva,priya.silva.4340@example.com,2020-09-09,Germany,Munich
CUST-004341,Aditi,Kim,aditi.kim.4341@example.com,2020-08-23,Germany,Munich
CUST-004342,Diego,Johnson,diego.johnson.4342@example.com,2022-05-05,United States,Seattle
CUST-004343,Chen,Silva,chen.silva.4343@example.com,2022-11-21,United Arab Emirates,Abu Dhabi
CUST-004344,Zane,Das,zane.das.4344@example.com,2024-06-04,India,Bengaluru
CUST-004345,Vikram,Garcia,vikram.garcia.4345@example.com,2021-02-22,Canada,Toronto
CUST-004346,Arjun,Das,arjun.das.4346@example.com,2025-02-05,United Arab Emirates,Abu Dhabi
CUST-004347,Tara,Young,tara.young.4347@example.com,2021-05-21,Canada,Toronto
CUST-004348,Priya,Johnson,priya.johnson.4348@example.com,2021-01-09,United States,Austin
CUST-004349,Leo,Johnson,leo.johnson.4349@example.com,2024-07-16,United States,Seattle
CUST-004350,Diego,Patel,diego.patel.4350@example.com,2020-05-22,Singapore,Singapore
CUST-004351,Amelia,Kapoor,amelia.kapoor.4351@example.com,2025-08-30,Canada,Vancouver
CUST-004352,Uma,Singh,uma.singh.4352@example.com,2021-01-25,Singapore,Singapore
CUST-004353,Maya,Thomas,maya.thomas.4353@example.com,2026-03-13,Singapore,Singapore
CUST-004354,Aarav,Kapoor,aarav.kapoor.4354@example.com,2022-05-04,United States,New York
CUST-004355,Vikram,Sharma,vikram.sharma.4355@example.com,2021-03-13,United Arab Emirates,Abu Dhabi
CUST-004356,Uma,Costa,uma.costa.4356@example.com,2026-03-01,India,Bengaluru
CUST-004357,Wei,Nair,wei.nair.4357@example.com,2020-02-23,United Arab Emirates,Dubai
CUST-004358,Samir,Muller,samir.muller.4358@example.com,2025-04-18,United Kingdom,Birmingham
CUST-004359,Samir,Chen,samir.chen.4359@example.com,2023-03-07,United Kingdom,Birmingham
CUST-004360,Arjun,Mehta,arjun.mehta.4360@example.com,2020-01-13,Singapore,Singapore
CUST-004361,Isha,Iyer,isha.iyer.4361@example.com,2023-11-17,United Arab Emirates,Dubai
CUST-004362,Zane,Patel,zane.patel.4362@example.com,2023-06-28,India,Chennai
CUST-004363,Amelia,Park,amelia.park.4363@example.com,2025-11-24,India,Chennai
CUST-004364,Fatima,Nguyen,fatima.nguyen.4364@example.com,2023-04-12,United Arab Emirates,Dubai
CUST-004365,Diego,Muller,diego.muller.4365@example.com,2025-05-09,United Arab Emirates,Abu Dhabi
CUST-004366,Wei,Sharma,wei.sharma.4366@example.com,2021-07-24,United Arab Emirates,Abu Dhabi
CUST-004367,Chen,Smith,chen.smith.4367@example.com,2021-10-07,Canada,Toronto
CUST-004368,Priya,Nair,priya.nair.4368@example.com,2021-08-28,United Arab Emirates,Dubai
CUST-004369,Diego,Ali,diego.ali.4369@example.com,2023-10-04,United Kingdom,Manchester
CUST-004370,James,Khan,james.khan.4370@example.com,2022-11-11,India,Mumbai
CUST-004371,Samir,Mehta,samir.mehta.4371@example.com,2023-04-19,Canada,Toronto
CUST-004372,Maya,Martin,maya.martin.4372@example.com,2020-06-24,Singapore,Singapore
CUST-004373,Quinn,Sharma,quinn.sharma.4373@example.com,2023-10-14,Canada,Toronto
CUST-004374,Leo,Kapoor,leo.kapoor.4374@example.com,2024-10-21,Singapore,Singapore
CUST-004375,Vikram,Mehta,vikram.mehta.4375@example.com,2025-10-28,India,Mumbai
CUST-004376,Arjun,Mehta,arjun.mehta.4376@example.com,2024-10-13,United States,New York
CUST-004377,Aditi,Johnson,aditi.johnson.4377@example.com,2020-08-14,Canada,Toronto
CUST-004378,Hassan,Muller,hassan.muller.4378@example.com,2020-12-28,Singapore,Singapore
CUST-004379,Isha,Garcia,isha.garcia.4379@example.com,2025-02-09,Germany,Berlin
CUST-004380,Grace,Mehta,grace.mehta.4380@example.com,2021-02-13,United States,Austin
CUST-004381,Uma,Johnson,uma.johnson.4381@example.com,2023-10-26,United Kingdom,Manchester
CUST-004382,Aditi,Silva,aditi.silva.4382@example.com,2025-09-16,Singapore,Singapore
CUST-004383,James,Ahmed,james.ahmed.4383@example.com,2025-06-11,India,Hyderabad
CUST-004384,James,Roy,james.roy.4384@example.com,2021-08-07,United Arab Emirates,Dubai
CUST-004385,Maya,Silva,maya.silva.4385@example.com,2023-04-04,United Kingdom,Birmingham
CUST-004386,Aditi,Nguyen,aditi.nguyen.4386@example.com,2023-05-30,United States,New York
CUST-004387,Vikram,Wilson,vikram.wilson.4387@example.com,2022-03-05,Singapore,Singapore
CUST-004388,Fatima,Brown,fatima.brown.4388@example.com,2026-03-03,Singapore,Singapore
CUST-004389,James,Patel,james.patel.4389@example.com,2022-08-15,United States,Seattle
CUST-004390,Priya,Mehta,priya.mehta.4390@example.com,2020-08-06,India,Mumbai
CUST-004391,Riya,Iyer,riya.iyer.4391@example.com,2020-03-14,Singapore,Singapore
CUST-004392,Maya,Iyer,maya.iyer.4392@example.com,2026-07-07,United Arab Emirates,Dubai
CUST-004393,Vikram,Kim,vikram.kim.4393@example.com,2026-06-09,United Kingdom,London
CUST-004394,Sofia,Sharma,sofia.sharma.4394@example.com,2025-01-29,Germany,Munich
CUST-004395,Olivia,Park,olivia.park.4395@example.com,2024-07-08,United States,Chicago
CUST-004396,Uma,Nair,uma.nair.4396@example.com,2024-03-19,United Arab Emirates,Abu Dhabi
CUST-004397,Wei,Martin,wei.martin.4397@example.com,2025-02-11,Germany,Berlin
CUST-004398,Zane,Wilson,zane.wilson.4398@example.com,2021-08-17,United Kingdom,Birmingham
CUST-004399,Vikram,Iyer,vikram.iyer.4399@example.com,2024-04-22,United Arab Emirates,Dubai
CUST-004400,Aisha,Singh,aisha.singh.4400@example.com,2021-02-25,United Arab Emirates,Abu Dhabi
CUST-004401,Aarav,Roy,aarav.roy.4401@example.com,2023-06-22,United Arab Emirates,Dubai
CUST-004402,Ben,Young,ben.young.4402@example.com,2021-03-19,United States,Austin
CUST-004403,Wei,Roy,wei.roy.4403@example.com,2022-07-02,Canada,Vancouver
CUST-004404,Uma,Garcia,uma.garcia.4404@example.com,2024-10-26,Canada,Vancouver
CUST-004405,Olivia,Martin,olivia.martin.4405@example.com,2024-07-28,India,Chennai
CUST-004406,Samir,Sharma,samir.sharma.4406@example.com,2025-04-21,United Arab Emirates,Dubai
CUST-004407,Isha,Lopez,isha.lopez.4407@example.com,2025-02-15,India,Hyderabad
CUST-004408,Zane,Sharma,zane.sharma.4408@example.com,2024-12-15,Germany,Berlin
CUST-004409,Tara,Johnson,tara.johnson.4409@example.com,2026-04-19,United Kingdom,Birmingham
CUST-004410,Diego,Wilson,diego.wilson.4410@example.com,2022-06-21,United Arab Emirates,Abu Dhabi
CUST-004411,Riya,Wright,riya.wright.4411@example.com,2024-01-21,United Arab Emirates,Dubai
CUST-004412,Zane,Wilson,zane.wilson.4412@example.com,2026-04-17,United States,New York
CUST-004413,Wei,Silva,wei.silva.4413@example.com,2020-01-13,United Kingdom,Manchester
CUST-004414,James,Young,james.young.4414@example.com,2021-04-27,Germany,Berlin
CUST-004415,Zane,Das,zane.das.4415@example.com,2024-11-13,United Arab Emirates,Abu Dhabi
CUST-004416,Aarav,Martin,aarav.martin.4416@example.com,2021-08-26,Canada,Vancouver
CUST-004417,Olivia,Roy,olivia.roy.4417@example.com,2026-02-08,United Kingdom,Birmingham
CUST-004418,Aisha,Costa,aisha.costa.4418@example.com,2022-12-25,Germany,Berlin
CUST-004419,Vikram,Martin,vikram.martin.4419@example.com,2026-06-04,Singapore,Singapore
CUST-004420,Hassan,Costa,hassan.costa.4420@example.com,2020-10-25,Germany,Berlin
CUST-004421,Aarav,Martin,aarav.martin.4421@example.com,2024-10-10,Singapore,Singapore
CUST-004422,Riya,Silva,riya.silva.4422@example.com,2021-08-19,Germany,Berlin
CUST-004423,Vikram,Wilson,vikram.wilson.4423@example.com,2026-05-29,United Kingdom,Manchester
CUST-004424,Sofia,Roy,sofia.roy.4424@example.com,2022-10-28,India,Bengaluru
CUST-004425,Uma,Lee,uma.lee.4425@example.com,2026-01-26,Singapore,Singapore
CUST-004426,Diego,Ahmed,diego.ahmed.4426@example.com,2023-06-26,Canada,Vancouver
CUST-004427,Quinn,Young,quinn.young.4427@example.com,2020-04-30,India,Bengaluru
CUST-004428,Leo,Roy,leo.roy.4428@example.com,2020-01-05,United States,New York
CUST-004429,Riya,Thomas,riya.thomas.4429@example.com,2024-11-13,United Arab Emirates,Abu Dhabi
CUST-004430,Sofia,Young,sofia.young.4430@example.com,2020-09-13,Singapore,Singapore
CUST-004431,Arjun,Silva,arjun.silva.4431@example.com,2024-05-04,Canada,Toronto
CUST-004432,Amelia,Khan,amelia.khan.4432@example.com,2022-03-02,Germany,Munich
CUST-004433,Wei,Silva,wei.silva.4433@example.com,2020-04-14,Canada,Toronto
CUST-004434,Amelia,Muller,amelia.muller.4434@example.com,2020-08-17,United Arab Emirates,Abu Dhabi
CUST-004435,Amelia,Kim,amelia.kim.4435@example.com,2020-10-26,Germany,Munich
CUST-004436,Aditi,Ali,aditi.ali.4436@example.com,2021-12-26,Singapore,Singapore
CUST-004437,Yara,Ahmed,yara.ahmed.4437@example.com,2024-08-11,Singapore,Singapore
CUST-004438,Aditi,Mehta,aditi.mehta.4438@example.com,2022-06-22,United Kingdom,Birmingham
CUST-004439,Emma,Lee,emma.lee.4439@example.com,2025-07-21,India,Hyderabad
CUST-004440,Kavya,Nair,kavya.nair.4440@example.com,2024-05-19,United Kingdom,London
CUST-004441,Aditi,Das,aditi.das.4441@example.com,2021-07-26,Singapore,Singapore
CUST-004442,Uma,Thomas,uma.thomas.4442@example.com,2021-06-16,Singapore,Singapore
CUST-004443,Hassan,Sharma,hassan.sharma.4443@example.com,2021-01-12,United Arab Emirates,Abu Dhabi
CUST-004444,Tara,Lopez,tara.lopez.4444@example.com,2025-04-26,Canada,Vancouver
CUST-004445,Sofia,Patel,sofia.patel.4445@example.com,2026-05-04,United States,New York
CUST-004446,Uma,Roy,uma.roy.4446@example.com,2020-04-03,United Kingdom,Manchester
CUST-004447,Sofia,Wilson,sofia.wilson.4447@example.com,2025-12-25,Germany,Munich
CUST-004448,Amelia,Johnson,amelia.johnson.4448@example.com,2022-04-10,United States,Chicago
CUST-004449,Diego,Khan,diego.khan.4449@example.com,2023-07-10,United States,Seattle
CUST-004450,Samir,Kapoor,samir.kapoor.4450@example.com,2022-04-09,United States,Seattle
CUST-004451,Sofia,Muller,sofia.muller.4451@example.com,2025-03-28,India,Chennai
CUST-004452,Sofia,Khan,sofia.khan.4452@example.com,2020-02-13,Singapore,Singapore
CUST-004453,Yara,Young,yara.young.4453@example.com,2021-02-20,United States,New York
CUST-004454,Priya,Smith,priya.smith.4454@example.com,2024-04-04,India,Mumbai
CUST-004455,Diego,Roy,diego.roy.4455@example.com,2022-09-01,Singapore,Singapore
CUST-004456,Aisha,Ali,aisha.ali.4456@example.com,2026-02-14,Singapore,Singapore
CUST-004457,Isha,Nguyen,isha.nguyen.4457@example.com,2022-06-12,United States,Chicago
CUST-004458,Amelia,Young,amelia.young.4458@example.com,2026-02-11,Germany,Munich
CUST-004459,Fatima,Lee,fatima.lee.4459@example.com,2020-07-20,United Arab Emirates,Dubai
CUST-004460,Yara,Ahmed,yara.ahmed.4460@example.com,2020-07-14,United Kingdom,London
CUST-004461,Yara,Muller,yara.muller.4461@example.com,2025-09-21,United Kingdom,London
CUST-004462,Wei,Nguyen,wei.nguyen.4462@example.com,2023-02-02,Singapore,Singapore
CUST-004463,Aditi,Brown,aditi.brown.4463@example.com,2022-04-19,Singapore,Singapore
CUST-004464,Wei,Nguyen,wei.nguyen.4464@example.com,2025-04-10,Singapore,Singapore
CUST-004465,Sofia,Garcia,sofia.garcia.4465@example.com,2025-08-08,Singapore,Singapore
CUST-004466,Sofia,Smith,sofia.smith.4466@example.com,2020-02-27,India,Bengaluru
CUST-004467,Quinn,Khan,quinn.khan.4467@example.com,2026-08-09,Singapore,Singapore
CUST-004468,Arjun,Lopez,arjun.lopez.4468@example.com,2022-12-05,United States,Chicago
CUST-004469,Ben,Ahmed,ben.ahmed.4469@example.com,2023-10-25,United Arab Emirates,Abu Dhabi
CUST-004470,Vikram,Mehta,vikram.mehta.4470@example.com,2024-11-28,Germany,Berlin
CUST-004471,Uma,Costa,uma.costa.4471@example.com,2022-08-06,Canada,Toronto
CUST-004472,Zane,Nguyen,zane.nguyen.4472@example.com,2025-10-11,Canada,Toronto
CUST-004473,Noah,Wright,noah.wright.4473@example.com,2024-07-30,United Kingdom,London
CUST-004474,Grace,Brown,grace.brown.4474@example.com,2025-01-15,United Arab Emirates,Dubai
CUST-004475,Leo,Park,leo.park.4475@example.com,2026-08-07,Germany,Munich
CUST-004476,Isha,Wright,isha.wright.4476@example.com,2025-01-31,India,Hyderabad
CUST-004477,Samir,Patel,samir.patel.4477@example.com,2025-07-26,Singapore,Singapore
CUST-004478,Zane,Muller,zane.muller.4478@example.com,2021-08-23,United Arab Emirates,Dubai
CUST-004479,Hassan,Roy,hassan.roy.4479@example.com,2024-03-20,India,Chennai
CUST-004480,Aisha,Khan,aisha.khan.4480@example.com,2021-12-01,Germany,Berlin
CUST-004481,Diego,Lopez,diego.lopez.4481@example.com,2023-09-05,United Kingdom,Birmingham
CUST-004482,Ben,Khan,ben.khan.4482@example.com,2024-02-08,Singapore,Singapore
CUST-004483,Uma,Singh,uma.singh.4483@example.com,2025-01-06,United Arab Emirates,Dubai
CUST-004484,Riya,Lee,riya.lee.4484@example.com,2026-05-21,Singapore,Singapore
CUST-004485,Tara,Khan,tara.khan.4485@example.com,2021-12-14,United Arab Emirates,Dubai
CUST-004486,Olivia,Garcia,olivia.garcia.4486@example.com,2026-05-14,United Kingdom,Manchester
CUST-004487,Kavya,Roy,kavya.roy.4487@example.com,2020-06-10,United Arab Emirates,Abu Dhabi
CUST-004488,Diego,Costa,diego.costa.4488@example.com,2026-01-28,United Arab Emirates,Abu Dhabi
CUST-004489,Vikram,Martin,vikram.martin.4489@example.com,2020-03-07,Canada,Toronto
CUST-004490,Aisha,Young,aisha.young.4490@example.com,2023-09-17,India,Mumbai
CUST-004491,Priya,Das,priya.das.4491@example.com,2022-07-30,Germany,Munich
CUST-004492,Tara,Nair,tara.nair.4492@example.com,2022-10-24,Germany,Munich
CUST-004493,Quinn,Garcia,quinn.garcia.4493@example.com,2023-10-15,United Kingdom,Birmingham
CUST-004494,Priya,Wilson,priya.wilson.4494@example.com,2020-09-27,United Arab Emirates,Dubai
CUST-004495,Fatima,Iyer,fatima.iyer.4495@example.com,2026-02-13,Singapore,Singapore
CUST-004496,Vikram,Roy,vikram.roy.4496@example.com,2024-12-12,India,Mumbai
CUST-004497,Hassan,Kapoor,hassan.kapoor.4497@example.com,2022-08-21,United States,Chicago
CUST-004498,Kavya,Muller,kavya.muller.4498@example.com,2022-03-13,Singapore,Singapore
CUST-004499,Aarav,Kapoor,aarav.kapoor.4499@example.com,2025-01-25,United Arab Emirates,Abu Dhabi
CUST-004500,Isha,Roy,isha.roy.4500@example.com,2020-09-17,India,Hyderabad
CUST-004501,Leo,Nair,leo.nair.4501@example.com,2025-07-10,United Arab Emirates,Abu Dhabi
CUST-004502,Noah,Garcia,noah.garcia.4502@example.com,2026-06-11,Canada,Vancouver
CUST-004503,Maya,Chen,maya.chen.4503@example.com,2021-09-22,Germany,Berlin
CUST-004504,Grace,Wilson,grace.wilson.4504@example.com,2022-03-14,United Arab Emirates,Abu Dhabi
CUST-004505,Tara,Patel,tara.patel.4505@example.com,2025-12-19,Canada,Vancouver
CUST-004506,Riya,Wilson,riya.wilson.4506@example.com,2024-06-20,India,Bengaluru
CUST-004507,Riya,Lopez,riya.lopez.4507@example.com,2022-08-30,Canada,Vancouver
CUST-004508,Aditi,Das,aditi.das.4508@example.com,2020-05-02,United Kingdom,Birmingham
CUST-004509,Zane,Thomas,zane.thomas.4509@example.com,2024-05-17,United Kingdom,Manchester
CUST-004510,Tara,Nair,tara.nair.4510@example.com,2025-02-13,United Kingdom,Birmingham
CUST-004511,Aditi,Sharma,aditi.sharma.4511@example.com,2021-05-26,Germany,Berlin
CUST-004512,Emma,Young,emma.young.4512@example.com,2021-12-21,United Arab Emirates,Abu Dhabi
CUST-004513,Yara,Iyer,yara.iyer.4513@example.com,2022-10-25,United Kingdom,London
CUST-004514,Sofia,Wilson,sofia.wilson.4514@example.com,2025-03-01,Singapore,Singapore
CUST-004515,Chen,Garcia,chen.garcia.4515@example.com,2023-04-19,United Kingdom,London
CUST-004516,Quinn,Brown,quinn.brown.4516@example.com,2021-06-29,Germany,Munich
CUST-004517,Vikram,Muller,vikram.muller.4517@example.com,2022-06-29,Canada,Toronto
CUST-004518,Noah,Young,noah.young.4518@example.com,2021-02-26,United Arab Emirates,Abu Dhabi
CUST-004519,Isha,Smith,isha.smith.4519@example.com,2020-11-22,United Kingdom,Birmingham
CUST-004520,Riya,Kapoor,riya.kapoor.4520@example.com,2022-02-03,United Kingdom,Birmingham
CUST-004521,Uma,Singh,uma.singh.4521@example.com,2025-06-02,Germany,Berlin
CUST-004522,Sofia,Singh,sofia.singh.4522@example.com,2021-11-17,Singapore,Singapore
CUST-004523,Isha,Ahmed,isha.ahmed.4523@example.com,2022-06-29,United States,Seattle
CUST-004524,Maya,Nair,maya.nair.4524@example.com,2024-02-24,Canada,Toronto
CUST-004525,Diego,Thomas,diego.thomas.4525@example.com,2021-03-11,United Arab Emirates,Abu Dhabi
CUST-004526,Hassan,Iyer,hassan.iyer.4526@example.com,2025-06-28,India,Chennai
CUST-004527,Emma,Muller,emma.muller.4527@example.com,2026-04-07,Canada,Vancouver
CUST-004528,Aarav,Nair,aarav.nair.4528@example.com,2025-06-20,United Kingdom,Birmingham
CUST-004529,Fatima,Silva,fatima.silva.4529@example.com,2022-07-07,United Kingdom,London
CUST-004530,Chen,Kim,chen.kim.4530@example.com,2021-05-06,Germany,Berlin
CUST-004531,Sofia,Silva,sofia.silva.4531@example.com,2025-05-25,India,Chennai
CUST-004532,Leo,Smith,leo.smith.4532@example.com,2022-03-26,India,Chennai
CUST-004533,Wei,Das,wei.das.4533@example.com,2026-07-11,United Kingdom,London
CUST-004534,Emma,Park,emma.park.4534@example.com,2020-12-18,India,Delhi
CUST-004535,Chen,Muller,chen.muller.4535@example.com,2020-12-27,United Kingdom,Manchester
CUST-004536,Fatima,Ali,fatima.ali.4536@example.com,2023-08-31,India,Delhi
CUST-004537,Chen,Nguyen,chen.nguyen.4537@example.com,2021-12-11,United States,Seattle
CUST-004538,Priya,Young,priya.young.4538@example.com,2024-09-14,United States,Chicago
CUST-004539,Tara,Thomas,tara.thomas.4539@example.com,2021-02-02,United Arab Emirates,Dubai
CUST-004540,Vikram,Costa,vikram.costa.4540@example.com,2023-07-23,Singapore,Singapore
CUST-004541,Aarav,Nair,aarav.nair.4541@example.com,2021-09-05,United Kingdom,Birmingham
CUST-004542,Yara,Lopez,yara.lopez.4542@example.com,2021-03-22,Canada,Vancouver
CUST-004543,Uma,Park,uma.park.4543@example.com,2020-05-24,India,Delhi
CUST-004544,Ben,Ali,ben.ali.4544@example.com,2025-12-07,Singapore,Singapore
CUST-004545,Samir,Ahmed,samir.ahmed.4545@example.com,2025-04-20,United Arab Emirates,Dubai
CUST-004546,Priya,Mehta,priya.mehta.4546@example.com,2021-06-23,Canada,Vancouver
CUST-004547,Aarav,Lee,aarav.lee.4547@example.com,2021-06-15,United Kingdom,London
CUST-004548,Yara,Wilson,yara.wilson.4548@example.com,2026-04-03,United Arab Emirates,Abu Dhabi
CUST-004549,Isha,Smith,isha.smith.4549@example.com,2023-09-17,United States,Chicago
CUST-004550,James,Patel,james.patel.4550@example.com,2026-07-18,United Kingdom,Birmingham
CUST-004551,James,Park,james.park.4551@example.com,2025-01-16,Canada,Vancouver
CUST-004552,Emma,Kim,emma.kim.4552@example.com,2021-11-17,Canada,Toronto
CUST-004553,Leo,Das,leo.das.4553@example.com,2025-09-20,United Kingdom,Manchester
CUST-004554,Tara,Young,tara.young.4554@example.com,2023-02-19,Germany,Munich
CUST-004555,Tara,Ahmed,tara.ahmed.4555@example.com,2024-01-29,Singapore,Singapore
CUST-004556,Vikram,Das,vikram.das.4556@example.com,2023-03-25,Canada,Toronto
CUST-004557,Maya,Garcia,maya.garcia.4557@example.com,2021-05-01,United Kingdom,London
CUST-004558,Vikram,Das,vikram.das.4558@example.com,2023-09-23,Singapore,Singapore
CUST-004559,Aisha,Kapoor,aisha.kapoor.4559@example.com,2020-01-26,Canada,Toronto
CUST-004560,Aditi,Garcia,aditi.garcia.4560@example.com,2023-06-10,Canada,Vancouver
CUST-004561,Quinn,Brown,quinn.brown.4561@example.com,2022-08-08,United Arab Emirates,Dubai
CUST-004562,Diego,Garcia,diego.garcia.4562@example.com,2021-04-19,Germany,Munich
CUST-004563,Yara,Singh,yara.singh.4563@example.com,2022-05-03,India,Mumbai
CUST-004564,Grace,Singh,grace.singh.4564@example.com,2020-05-18,Singapore,Singapore
CUST-004565,Quinn,Lopez,quinn.lopez.4565@example.com,2026-03-25,Singapore,Singapore
CUST-004566,Riya,Nguyen,riya.nguyen.4566@example.com,2023-05-27,United Kingdom,Manchester
CUST-004567,Yara,Wilson,yara.wilson.4567@example.com,2024-04-18,United Arab Emirates,Abu Dhabi
CUST-004568,Olivia,Nair,olivia.nair.4568@example.com,2025-07-02,Germany,Berlin
CUST-004569,Leo,Thomas,leo.thomas.4569@example.com,2022-06-28,Germany,Munich
CUST-004570,Kavya,Young,kavya.young.4570@example.com,2024-12-11,Germany,Munich
CUST-004571,Quinn,Costa,quinn.costa.4571@example.com,2020-01-27,United States,Austin
CUST-004572,Hassan,Thomas,hassan.thomas.4572@example.com,2021-11-17,United Arab Emirates,Abu Dhabi
CUST-004573,Fatima,Johnson,fatima.johnson.4573@example.com,2025-11-23,India,Bengaluru
CUST-004574,Vikram,Silva,vikram.silva.4574@example.com,2026-02-03,United States,New York
CUST-004575,Tara,Garcia,tara.garcia.4575@example.com,2020-09-14,United States,Austin
CUST-004576,Chen,Nair,chen.nair.4576@example.com,2020-01-30,United States,Seattle
CUST-004577,Priya,Khan,priya.khan.4577@example.com,2024-03-24,India,Mumbai
CUST-004578,Zane,Khan,zane.khan.4578@example.com,2022-09-29,United Arab Emirates,Abu Dhabi
CUST-004579,Emma,Chen,emma.chen.4579@example.com,2022-04-15,United States,Chicago
CUST-004580,Hassan,Sharma,hassan.sharma.4580@example.com,2021-11-07,United Arab Emirates,Abu Dhabi
CUST-004581,Isha,Wilson,isha.wilson.4581@example.com,2020-12-22,Germany,Munich
CUST-004582,Ben,Park,ben.park.4582@example.com,2023-12-04,United States,Chicago
CUST-004583,Kavya,Singh,kavya.singh.4583@example.com,2024-01-27,United Kingdom,Birmingham
CUST-004584,Quinn,Lee,quinn.lee.4584@example.com,2021-07-09,Singapore,Singapore
CUST-004585,Aisha,Thomas,aisha.thomas.4585@example.com,2020-05-13,United Arab Emirates,Abu Dhabi
CUST-004586,Aisha,Nair,aisha.nair.4586@example.com,2025-09-23,India,Hyderabad
CUST-004587,Isha,Young,isha.young.4587@example.com,2026-03-18,Germany,Berlin
CUST-004588,Tara,Nguyen,tara.nguyen.4588@example.com,2020-08-05,Singapore,Singapore
CUST-004589,Samir,Ali,samir.ali.4589@example.com,2025-04-04,India,Bengaluru
CUST-004590,Amelia,Ali,amelia.ali.4590@example.com,2022-05-30,Germany,Berlin
CUST-004591,Kavya,Park,kavya.park.4591@example.com,2022-06-08,Germany,Berlin
CUST-004592,Wei,Kapoor,wei.kapoor.4592@example.com,2023-08-27,India,Bengaluru
CUST-004593,Ben,Garcia,ben.garcia.4593@example.com,2026-05-10,United Arab Emirates,Dubai
CUST-004594,Tara,Costa,tara.costa.4594@example.com,2021-02-16,United States,Chicago
CUST-004595,Vikram,Singh,vikram.singh.4595@example.com,2026-07-24,Germany,Berlin
CUST-004596,Quinn,Kim,quinn.kim.4596@example.com,2026-03-15,United States,Austin
CUST-004597,Diego,Young,diego.young.4597@example.com,2023-08-24,United States,Seattle
CUST-004598,Samir,Brown,samir.brown.4598@example.com,2026-06-23,Canada,Toronto
CUST-004599,Grace,Martin,grace.martin.4599@example.com,2022-12-28,United Kingdom,Manchester
CUST-004600,Arjun,Chen,arjun.chen.4600@example.com,2025-03-11,Germany,Munich
CUST-004601,Diego,Smith,diego.smith.4601@example.com,2024-05-29,Canada,Vancouver
CUST-004602,Diego,Sharma,diego.sharma.4602@example.com,2023-09-24,United Arab Emirates,Abu Dhabi
CUST-004603,Yara,Lee,yara.lee.4603@example.com,2025-08-02,United Arab Emirates,Dubai
CUST-004604,Ben,Young,ben.young.4604@example.com,2026-07-12,Singapore,Singapore
CUST-004605,Aarav,Smith,aarav.smith.4605@example.com,2021-12-15,United Arab Emirates,Abu Dhabi
CUST-004606,Amelia,Smith,amelia.smith.4606@example.com,2023-09-18,India,Bengaluru
CUST-004607,Riya,Young,riya.young.4607@example.com,2025-04-03,United Arab Emirates,Abu Dhabi
CUST-004608,Tara,Nguyen,tara.nguyen.4608@example.com,2025-07-01,United States,Seattle
CUST-004609,Aisha,Ahmed,aisha.ahmed.4609@example.com,2025-10-26,United Arab Emirates,Dubai
CUST-004610,Aisha,Garcia,aisha.garcia.4610@example.com,2021-02-07,India,Bengaluru
CUST-004611,Vikram,Iyer,vikram.iyer.4611@example.com,2020-08-10,Singapore,Singapore
CUST-004612,Ben,Patel,ben.patel.4612@example.com,2022-12-22,India,Chennai
CUST-004613,Leo,Nair,leo.nair.4613@example.com,2025-03-22,Canada,Vancouver
CUST-004614,Hassan,Wright,hassan.wright.4614@example.com,2024-03-04,United States,Seattle
CUST-004615,Ben,Brown,ben.brown.4615@example.com,2025-12-31,Germany,Munich
CUST-004616,Sofia,Patel,sofia.patel.4616@example.com,2020-06-14,Canada,Toronto
CUST-004617,Aarav,Lee,aarav.lee.4617@example.com,2022-08-25,United Kingdom,Manchester
CUST-004618,Quinn,Khan,quinn.khan.4618@example.com,2026-06-03,Canada,Vancouver
CUST-004619,Arjun,Ali,arjun.ali.4619@example.com,2023-11-21,India,Bengaluru
CUST-004620,Chen,Thomas,chen.thomas.4620@example.com,2026-05-25,Germany,Berlin
CUST-004621,Aarav,Roy,aarav.roy.4621@example.com,2026-06-22,United States,Austin
CUST-004622,Uma,Kapoor,uma.kapoor.4622@example.com,2026-07-31,Germany,Munich
CUST-004623,Riya,Sharma,riya.sharma.4623@example.com,2023-05-25,India,Bengaluru
CUST-004624,Leo,Lee,leo.lee.4624@example.com,2025-09-25,Germany,Berlin
CUST-004625,Aditi,Nair,aditi.nair.4625@example.com,2022-03-15,Canada,Toronto
CUST-004626,Olivia,Costa,olivia.costa.4626@example.com,2020-12-04,Singapore,Singapore
CUST-004627,Riya,Ahmed,riya.ahmed.4627@example.com,2021-01-15,Singapore,Singapore
CUST-004628,Aisha,Muller,aisha.muller.4628@example.com,2021-09-10,India,Bengaluru
CUST-004629,Arjun,Johnson,arjun.johnson.4629@example.com,2021-04-28,United States,Chicago
CUST-004630,James,Ali,james.ali.4630@example.com,2021-07-25,Canada,Toronto
CUST-004631,Arjun,Nair,arjun.nair.4631@example.com,2020-12-31,Canada,Toronto
CUST-004632,Arjun,Muller,arjun.muller.4632@example.com,2021-03-04,Singapore,Singapore
CUST-004633,Sofia,Smith,sofia.smith.4633@example.com,2021-05-10,India,Chennai
CUST-004634,Tara,Patel,tara.patel.4634@example.com,2021-07-11,Singapore,Singapore
CUST-004635,Riya,Mehta,riya.mehta.4635@example.com,2024-11-27,United Arab Emirates,Dubai
CUST-004636,Chen,Kapoor,chen.kapoor.4636@example.com,2022-05-26,United Arab Emirates,Dubai
CUST-004637,Fatima,Ahmed,fatima.ahmed.4637@example.com,2024-11-02,United States,Chicago
CUST-004638,Grace,Johnson,grace.johnson.4638@example.com,2020-02-24,United Arab Emirates,Dubai
CUST-004639,Kavya,Lopez,kavya.lopez.4639@example.com,2023-05-19,Germany,Berlin
CUST-004640,Aisha,Roy,aisha.roy.4640@example.com,2023-03-01,Canada,Toronto
CUST-004641,Arjun,Khan,arjun.khan.4641@example.com,2020-04-03,United Kingdom,Birmingham
CUST-004642,Riya,Muller,riya.muller.4642@example.com,2025-11-19,Germany,Berlin
CUST-004643,Sofia,Singh,sofia.singh.4643@example.com,2020-02-05,Canada,Vancouver
CUST-004644,Aisha,Garcia,aisha.garcia.4644@example.com,2023-03-20,United Arab Emirates,Abu Dhabi
CUST-004645,Aisha,Sharma,aisha.sharma.4645@example.com,2022-03-04,Canada,Vancouver
CUST-004646,Hassan,Mehta,hassan.mehta.4646@example.com,2020-09-27,Singapore,Singapore
CUST-004647,Vikram,Kapoor,vikram.kapoor.4647@example.com,2026-05-19,United States,Seattle
CUST-004648,Aisha,Roy,aisha.roy.4648@example.com,2026-07-17,Germany,Munich
CUST-004649,Wei,Sharma,wei.sharma.4649@example.com,2021-02-02,Canada,Toronto
CUST-004650,Kavya,Nguyen,kavya.nguyen.4650@example.com,2023-02-02,United States,Austin
CUST-004651,James,Kapoor,james.kapoor.4651@example.com,2026-03-01,United Kingdom,Manchester
CUST-004652,Noah,Iyer,noah.iyer.4652@example.com,2023-06-11,Singapore,Singapore
CUST-004653,Chen,Thomas,chen.thomas.4653@example.com,2022-11-28,India,Mumbai
CUST-004654,Zane,Mehta,zane.mehta.4654@example.com,2021-10-01,Canada,Toronto
CUST-004655,Aisha,Chen,aisha.chen.4655@example.com,2024-09-26,India,Mumbai
CUST-004656,Hassan,Nair,hassan.nair.4656@example.com,2025-05-17,United States,Austin
CUST-004657,Noah,Chen,noah.chen.4657@example.com,2020-09-04,United Kingdom,London
CUST-004658,Priya,Nair,priya.nair.4658@example.com,2024-12-19,India,Mumbai
CUST-004659,James,Costa,james.costa.4659@example.com,2026-08-16,Canada,Toronto
CUST-004660,James,Brown,james.brown.4660@example.com,2021-06-02,United States,Seattle
CUST-004661,Maya,Lopez,maya.lopez.4661@example.com,2023-11-03,India,Delhi
CUST-004662,Emma,Thomas,emma.thomas.4662@example.com,2020-02-01,United States,Austin
CUST-004663,Samir,Das,samir.das.4663@example.com,2023-03-15,Canada,Toronto
CUST-004664,Diego,Patel,diego.patel.4664@example.com,2020-03-10,India,Chennai
CUST-004665,Hassan,Kapoor,hassan.kapoor.4665@example.com,2025-07-26,Singapore,Singapore
CUST-004666,Hassan,Costa,hassan.costa.4666@example.com,2023-06-16,Canada,Toronto
CUST-004667,Hassan,Ali,hassan.ali.4667@example.com,2023-11-26,United Arab Emirates,Abu Dhabi
CUST-004668,Fatima,Costa,fatima.costa.4668@example.com,2021-12-07,Canada,Toronto
CUST-004669,Emma,Chen,emma.chen.4669@example.com,2021-03-11,Canada,Toronto
CUST-004670,Wei,Park,wei.park.4670@example.com,2025-03-06,United Kingdom,Manchester
CUST-004671,Aarav,Nguyen,aarav.nguyen.4671@example.com,2026-03-23,India,Mumbai
CUST-004672,Uma,Nguyen,uma.nguyen.4672@example.com,2025-10-07,Canada,Toronto
CUST-004673,Aditi,Johnson,aditi.johnson.4673@example.com,2024-08-16,India,Chennai
CUST-004674,Diego,Nguyen,diego.nguyen.4674@example.com,2024-06-20,Singapore,Singapore
CUST-004675,Uma,Khan,uma.khan.4675@example.com,2021-10-25,Singapore,Singapore
CUST-004676,Maya,Patel,maya.patel.4676@example.com,2020-02-23,United Arab Emirates,Dubai
CUST-004677,Vikram,Mehta,vikram.mehta.4677@example.com,2024-02-09,Germany,Munich
CUST-004678,Arjun,Garcia,arjun.garcia.4678@example.com,2020-05-04,United Arab Emirates,Dubai
CUST-004679,Grace,Das,grace.das.4679@example.com,2025-03-13,India,Mumbai
CUST-004680,Chen,Wilson,chen.wilson.4680@example.com,2024-07-31,India,Hyderabad
CUST-004681,Arjun,Brown,arjun.brown.4681@example.com,2025-03-07,India,Bengaluru
CUST-004682,Grace,Khan,grace.khan.4682@example.com,2023-03-24,India,Delhi
CUST-004683,Maya,Lee,maya.lee.4683@example.com,2023-05-14,Singapore,Singapore
CUST-004684,Vikram,Muller,vikram.muller.4684@example.com,2021-04-12,United States,Austin
CUST-004685,Aarav,Sharma,aarav.sharma.4685@example.com,2024-11-17,United Arab Emirates,Dubai
CUST-004686,Hassan,Martin,hassan.martin.4686@example.com,2025-12-03,Canada,Vancouver
CUST-004687,Kavya,Costa,kavya.costa.4687@example.com,2024-10-25,Germany,Munich
CUST-004688,Leo,Sharma,leo.sharma.4688@example.com,2021-05-08,United States,New York
CUST-004689,Grace,Johnson,grace.johnson.4689@example.com,2022-03-31,Germany,Munich
CUST-004690,Ben,Silva,ben.silva.4690@example.com,2024-12-05,Canada,Vancouver
CUST-004691,Wei,Costa,wei.costa.4691@example.com,2024-11-24,Singapore,Singapore
CUST-004692,Amelia,Iyer,amelia.iyer.4692@example.com,2020-09-19,United Arab Emirates,Dubai
CUST-004693,Wei,Garcia,wei.garcia.4693@example.com,2025-04-29,Germany,Berlin
CUST-004694,Aditi,Patel,aditi.patel.4694@example.com,2024-07-08,United Kingdom,Manchester
CUST-004695,James,Nguyen,james.nguyen.4695@example.com,2023-09-15,United Kingdom,Birmingham
CUST-004696,Olivia,Sharma,olivia.sharma.4696@example.com,2020-10-04,Canada,Toronto
CUST-004697,Aditi,Ali,aditi.ali.4697@example.com,2025-06-12,United Arab Emirates,Abu Dhabi
CUST-004698,Arjun,Kapoor,arjun.kapoor.4698@example.com,2020-06-01,United Kingdom,London
CUST-004699,Tara,Lopez,tara.lopez.4699@example.com,2026-07-26,United Kingdom,London
CUST-004700,Noah,Roy,noah.roy.4700@example.com,2020-10-05,United Arab Emirates,Abu Dhabi
CUST-004701,Olivia,Sharma,olivia.sharma.4701@example.com,2022-10-18,United Kingdom,Birmingham
CUST-004702,Samir,Khan,samir.khan.4702@example.com,2021-12-06,United Kingdom,London
CUST-004703,Emma,Nair,emma.nair.4703@example.com,2025-08-17,United Arab Emirates,Dubai
CUST-004704,Vikram,Ahmed,vikram.ahmed.4704@example.com,2025-07-28,United Kingdom,Manchester
CUST-004705,Vikram,Nair,vikram.nair.4705@example.com,2025-07-11,United Arab Emirates,Dubai
CUST-004706,Quinn,Khan,quinn.khan.4706@example.com,2025-03-12,United States,Chicago
CUST-004707,Riya,Nguyen,riya.nguyen.4707@example.com,2024-08-25,Canada,Vancouver
CUST-004708,Priya,Martin,priya.martin.4708@example.com,2023-04-13,Germany,Berlin
CUST-004709,James,Kapoor,james.kapoor.4709@example.com,2021-02-11,Singapore,Singapore
CUST-004710,Chen,Chen,chen.chen.4710@example.com,2020-07-20,United Kingdom,Manchester
CUST-004711,Leo,Ahmed,leo.ahmed.4711@example.com,2022-10-13,United Kingdom,London
CUST-004712,Wei,Smith,wei.smith.4712@example.com,2023-08-13,Canada,Vancouver
CUST-004713,Ben,Johnson,ben.johnson.4713@example.com,2025-10-12,Germany,Munich
CUST-004714,Olivia,Ahmed,olivia.ahmed.4714@example.com,2025-01-01,India,Mumbai
CUST-004715,Amelia,Das,amelia.das.4715@example.com,2022-12-17,Canada,Toronto
CUST-004716,Zane,Costa,zane.costa.4716@example.com,2021-07-25,Canada,Toronto
CUST-004717,Chen,Ali,chen.ali.4717@example.com,2025-10-12,India,Hyderabad
CUST-004718,Wei,Young,wei.young.4718@example.com,2021-12-03,United Arab Emirates,Dubai
CUST-004719,Amelia,Costa,amelia.costa.4719@example.com,2021-10-10,India,Mumbai
CUST-004720,Quinn,Park,quinn.park.4720@example.com,2022-11-28,Germany,Berlin
CUST-004721,Yara,Kapoor,yara.kapoor.4721@example.com,2020-12-08,United Arab Emirates,Dubai
CUST-004722,Hassan,Wright,hassan.wright.4722@example.com,2026-05-30,Germany,Munich
CUST-004723,Zane,Garcia,zane.garcia.4723@example.com,2020-12-08,India,Hyderabad
CUST-004724,Aarav,Mehta,aarav.mehta.4724@example.com,2026-01-10,Canada,Vancouver
CUST-004725,Sofia,Wright,sofia.wright.4725@example.com,2020-05-05,United Arab Emirates,Dubai
CUST-004726,Noah,Kapoor,noah.kapoor.4726@example.com,2022-12-01,Singapore,Singapore
CUST-004727,Noah,Garcia,noah.garcia.4727@example.com,2021-05-07,United States,Chicago
CUST-004728,Zane,Young,zane.young.4728@example.com,2025-11-07,United Kingdom,Birmingham
CUST-004729,Tara,Kapoor,tara.kapoor.4729@example.com,2026-05-28,United States,Chicago
CUST-004730,Maya,Iyer,maya.iyer.4730@example.com,2020-02-17,Singapore,Singapore
CUST-004731,Aditi,Park,aditi.park.4731@example.com,2022-11-28,India,Chennai
CUST-004732,Aditi,Costa,aditi.costa.4732@example.com,2023-08-04,Singapore,Singapore
CUST-004733,Riya,Khan,riya.khan.4733@example.com,2022-01-06,Canada,Toronto
CUST-004734,Isha,Ahmed,isha.ahmed.4734@example.com,2023-05-11,India,Chennai
CUST-004735,Isha,Khan,isha.khan.4735@example.com,2020-12-10,Canada,Toronto
CUST-004736,Maya,Young,maya.young.4736@example.com,2026-08-15,Singapore,Singapore
CUST-004737,Vikram,Smith,vikram.smith.4737@example.com,2024-09-30,United Arab Emirates,Dubai
CUST-004738,Kavya,Mehta,kavya.mehta.4738@example.com,2024-05-25,Canada,Vancouver
CUST-004739,Riya,Lopez,riya.lopez.4739@example.com,2022-12-30,India,Mumbai
CUST-004740,Olivia,Iyer,olivia.iyer.4740@example.com,2021-04-27,United States,Seattle
CUST-004741,Zane,Park,zane.park.4741@example.com,2026-07-07,India,Hyderabad
CUST-004742,Arjun,Iyer,arjun.iyer.4742@example.com,2020-06-29,Singapore,Singapore
CUST-004743,Zane,Martin,zane.martin.4743@example.com,2022-10-13,Germany,Berlin
CUST-004744,Leo,Kim,leo.kim.4744@example.com,2026-03-15,Germany,Berlin
CUST-004745,Grace,Mehta,grace.mehta.4745@example.com,2023-12-21,Singapore,Singapore
CUST-004746,Uma,Kapoor,uma.kapoor.4746@example.com,2026-07-07,Singapore,Singapore
CUST-004747,Ben,Kim,ben.kim.4747@example.com,2020-07-04,Germany,Munich
CUST-004748,Samir,Lopez,samir.lopez.4748@example.com,2024-03-21,United Kingdom,Manchester
CUST-004749,Noah,Brown,noah.brown.4749@example.com,2022-12-20,Germany,Munich
CUST-004750,Aarav,Lee,aarav.lee.4750@example.com,2025-09-26,Singapore,Singapore
CUST-004751,Aisha,Khan,aisha.khan.4751@example.com,2020-02-17,Singapore,Singapore
CUST-004752,Noah,Singh,noah.singh.4752@example.com,2024-04-29,India,Bengaluru
CUST-004753,Ben,Kapoor,ben.kapoor.4753@example.com,2026-07-03,United Kingdom,London
CUST-004754,Wei,Lopez,wei.lopez.4754@example.com,2023-02-01,Singapore,Singapore
CUST-004755,Aarav,Wilson,aarav.wilson.4755@example.com,2022-06-28,United Arab Emirates,Abu Dhabi
CUST-004756,Noah,Muller,noah.muller.4756@example.com,2025-08-17,United Arab Emirates,Dubai
CUST-004757,Priya,Patel,priya.patel.4757@example.com,2021-07-17,Singapore,Singapore
CUST-004758,Isha,Chen,isha.chen.4758@example.com,2025-11-29,United States,Chicago
CUST-004759,Priya,Ahmed,priya.ahmed.4759@example.com,2024-10-06,India,Mumbai
CUST-004760,Priya,Silva,priya.silva.4760@example.com,2020-12-31,India,Delhi
CUST-004761,Amelia,Johnson,amelia.johnson.4761@example.com,2021-04-07,Canada,Toronto
CUST-004762,Hassan,Wright,hassan.wright.4762@example.com,2021-10-30,Canada,Toronto
CUST-004763,Samir,Costa,samir.costa.4763@example.com,2022-08-10,India,Bengaluru
CUST-004764,Leo,Mehta,leo.mehta.4764@example.com,2020-01-02,Singapore,Singapore
CUST-004765,Ben,Brown,ben.brown.4765@example.com,2022-11-08,India,Delhi
CUST-004766,Noah,Wilson,noah.wilson.4766@example.com,2024-06-28,India,Delhi
CUST-004767,Uma,Silva,uma.silva.4767@example.com,2020-03-30,Germany,Berlin
CUST-004768,Hassan,Kapoor,hassan.kapoor.4768@example.com,2023-05-22,United Kingdom,Manchester
CUST-004769,Aisha,Lee,aisha.lee.4769@example.com,2021-02-02,India,Hyderabad
CUST-004770,Grace,Lopez,grace.lopez.4770@example.com,2022-03-02,India,Delhi
CUST-004771,Emma,Sharma,emma.sharma.4771@example.com,2026-05-12,Canada,Vancouver
CUST-004772,Isha,Thomas,isha.thomas.4772@example.com,2025-04-09,India,Hyderabad
CUST-004773,Zane,Kapoor,zane.kapoor.4773@example.com,2020-09-24,Germany,Berlin
CUST-004774,Samir,Lee,samir.lee.4774@example.com,2026-01-13,United Arab Emirates,Dubai
CUST-004775,Noah,Martin,noah.martin.4775@example.com,2020-01-12,Germany,Munich
CUST-004776,Kavya,Silva,kavya.silva.4776@example.com,2021-08-18,United Arab Emirates,Dubai
CUST-004777,Emma,Khan,emma.khan.4777@example.com,2023-01-14,Singapore,Singapore
CUST-004778,Maya,Thomas,maya.thomas.4778@example.com,2022-07-16,India,Delhi
CUST-004779,Priya,Smith,priya.smith.4779@example.com,2024-03-22,Singapore,Singapore
CUST-004780,Noah,Costa,noah.costa.4780@example.com,2026-01-14,United Arab Emirates,Dubai
CUST-004781,Samir,Ahmed,samir.ahmed.4781@example.com,2026-02-28,Singapore,Singapore
CUST-004782,Fatima,Kapoor,fatima.kapoor.4782@example.com,2024-04-10,United Arab Emirates,Abu Dhabi
CUST-004783,Samir,Young,samir.young.4783@example.com,2021-01-04,Canada,Vancouver
CUST-004784,Grace,Ahmed,grace.ahmed.4784@example.com,2023-07-08,United Kingdom,Birmingham
CUST-004785,Aditi,Nguyen,aditi.nguyen.4785@example.com,2021-07-06,India,Chennai
CUST-004786,Riya,Smith,riya.smith.4786@example.com,2025-05-10,India,Delhi
CUST-004787,Diego,Das,diego.das.4787@example.com,2020-07-01,Singapore,Singapore
CUST-004788,Arjun,Khan,arjun.khan.4788@example.com,2020-11-17,Singapore,Singapore
CUST-004789,Riya,Mehta,riya.mehta.4789@example.com,2022-07-19,India,Chennai
CUST-004790,Noah,Roy,noah.roy.4790@example.com,2026-03-24,Canada,Vancouver
CUST-004791,Chen,Costa,chen.costa.4791@example.com,2022-10-15,United Kingdom,Manchester
CUST-004792,Samir,Lopez,samir.lopez.4792@example.com,2021-02-13,United States,Seattle
CUST-004793,Grace,Iyer,grace.iyer.4793@example.com,2020-08-16,United Arab Emirates,Abu Dhabi
CUST-004794,Leo,Sharma,leo.sharma.4794@example.com,2020-04-11,India,Chennai
CUST-004795,Quinn,Lopez,quinn.lopez.4795@example.com,2023-05-18,United Arab Emirates,Dubai
CUST-004796,Fatima,Wilson,fatima.wilson.4796@example.com,2022-10-21,United Arab Emirates,Dubai
CUST-004797,Aditi,Kim,aditi.kim.4797@example.com,2024-03-16,Singapore,Singapore
CUST-004798,Vikram,Young,vikram.young.4798@example.com,2026-03-30,Germany,Munich
CUST-004799,James,Chen,james.chen.4799@example.com,2020-07-23,Singapore,Singapore
CUST-004800,Vikram,Costa,vikram.costa.4800@example.com,2021-10-24,United Kingdom,London
CUST-004801,Wei,Park,wei.park.4801@example.com,2023-07-13,United Kingdom,Manchester
CUST-004802,Yara,Iyer,yara.iyer.4802@example.com,2024-12-19,Singapore,Singapore
CUST-004803,Noah,Young,noah.young.4803@example.com,2026-05-28,India,Hyderabad
CUST-004804,Vikram,Kim,vikram.kim.4804@example.com,2023-07-30,Canada,Toronto
CUST-004805,Chen,Park,chen.park.4805@example.com,2020-04-28,United Arab Emirates,Abu Dhabi
CUST-004806,Aisha,Brown,aisha.brown.4806@example.com,2024-02-22,Canada,Vancouver
CUST-004807,Vikram,Muller,vikram.muller.4807@example.com,2021-06-19,Singapore,Singapore
CUST-004808,Uma,Costa,uma.costa.4808@example.com,2023-03-30,United Kingdom,London
CUST-004809,Arjun,Muller,arjun.muller.4809@example.com,2023-09-30,Germany,Munich
CUST-004810,Diego,Kapoor,diego.kapoor.4810@example.com,2020-02-07,India,Hyderabad
CUST-004811,Ben,Thomas,ben.thomas.4811@example.com,2021-04-30,United States,Austin
CUST-004812,Aisha,Kim,aisha.kim.4812@example.com,2025-01-25,United States,Chicago
CUST-004813,Zane,Chen,zane.chen.4813@example.com,2025-04-25,Germany,Munich
CUST-004814,Isha,Garcia,isha.garcia.4814@example.com,2023-07-18,Canada,Toronto
CUST-004815,Isha,Sharma,isha.sharma.4815@example.com,2020-11-19,India,Bengaluru
CUST-004816,Emma,Das,emma.das.4816@example.com,2021-01-13,India,Delhi
CUST-004817,Sofia,Thomas,sofia.thomas.4817@example.com,2022-10-25,United Arab Emirates,Abu Dhabi
CUST-004818,Aditi,Sharma,aditi.sharma.4818@example.com,2026-01-07,Canada,Toronto
CUST-004819,Arjun,Chen,arjun.chen.4819@example.com,2025-10-15,United Arab Emirates,Abu Dhabi
CUST-004820,Leo,Das,leo.das.4820@example.com,2026-04-07,Singapore,Singapore
CUST-004821,Chen,Thomas,chen.thomas.4821@example.com,2021-12-09,India,Chennai
CUST-004822,Priya,Young,priya.young.4822@example.com,2024-12-23,United Kingdom,London
CUST-004823,Sofia,Park,sofia.park.4823@example.com,2025-01-01,United Kingdom,London
CUST-004824,Samir,Costa,samir.costa.4824@example.com,2022-12-13,Canada,Toronto
CUST-004825,Quinn,Park,quinn.park.4825@example.com,2020-11-07,Singapore,Singapore
CUST-004826,Tara,Nguyen,tara.nguyen.4826@example.com,2020-08-07,United States,Austin
CUST-004827,Maya,Lee,maya.lee.4827@example.com,2025-05-14,United States,Seattle
CUST-004828,Diego,Costa,diego.costa.4828@example.com,2026-08-08,United Kingdom,Birmingham
CUST-004829,Isha,Thomas,isha.thomas.4829@example.com,2025-12-20,Canada,Toronto
CUST-004830,Kavya,Martin,kavya.martin.4830@example.com,2021-11-22,United Kingdom,Manchester
CUST-004831,Emma,Wilson,emma.wilson.4831@example.com,2023-06-22,United States,Austin
CUST-004832,Arjun,Wright,arjun.wright.4832@example.com,2022-08-10,United Arab Emirates,Abu Dhabi
CUST-004833,Zane,Lee,zane.lee.4833@example.com,2023-01-04,United Kingdom,London
CUST-004834,Aditi,Wright,aditi.wright.4834@example.com,2022-11-08,Singapore,Singapore
CUST-004835,Quinn,Iyer,quinn.iyer.4835@example.com,2025-03-28,United Kingdom,Manchester
CUST-004836,Tara,Garcia,tara.garcia.4836@example.com,2022-03-17,Canada,Toronto
CUST-004837,Arjun,Garcia,arjun.garcia.4837@example.com,2021-09-23,United States,Chicago
CUST-004838,Fatima,Roy,fatima.roy.4838@example.com,2025-07-05,United Arab Emirates,Dubai
CUST-004839,Kavya,Ali,kavya.ali.4839@example.com,2024-06-18,Canada,Toronto
CUST-004840,Diego,Wright,diego.wright.4840@example.com,2021-11-12,United Kingdom,Manchester
CUST-004841,Ben,Sharma,ben.sharma.4841@example.com,2026-03-23,United States,Chicago
CUST-004842,Riya,Smith,riya.smith.4842@example.com,2020-10-25,Canada,Vancouver
CUST-004843,Hassan,Das,hassan.das.4843@example.com,2026-02-01,India,Mumbai
CUST-004844,Vikram,Thomas,vikram.thomas.4844@example.com,2024-05-04,India,Bengaluru
CUST-004845,Wei,Patel,wei.patel.4845@example.com,2023-09-09,United Kingdom,Birmingham
CUST-004846,Quinn,Johnson,quinn.johnson.4846@example.com,2024-05-02,India,Chennai
CUST-004847,Vikram,Brown,vikram.brown.4847@example.com,2026-02-11,United Kingdom,Birmingham
CUST-004848,Wei,Garcia,wei.garcia.4848@example.com,2022-07-28,United Kingdom,Manchester
CUST-004849,Yara,Brown,yara.brown.4849@example.com,2020-02-18,United Kingdom,London
CUST-004850,Yara,Kapoor,yara.kapoor.4850@example.com,2021-03-01,Canada,Toronto
CUST-004851,Samir,Thomas,samir.thomas.4851@example.com,2024-12-09,Singapore,Singapore
CUST-004852,Maya,Kim,maya.kim.4852@example.com,2020-10-01,United Arab Emirates,Abu Dhabi
CUST-004853,Hassan,Smith,hassan.smith.4853@example.com,2022-11-06,United Kingdom,Manchester
CUST-004854,Sofia,Wright,sofia.wright.4854@example.com,2022-12-07,United Kingdom,Manchester
CUST-004855,James,Patel,james.patel.4855@example.com,2025-12-17,Canada,Toronto
CUST-004856,Wei,Martin,wei.martin.4856@example.com,2020-09-27,United Kingdom,Manchester
CUST-004857,Priya,Nair,priya.nair.4857@example.com,2025-01-18,United States,New York
CUST-004858,Aarav,Lopez,aarav.lopez.4858@example.com,2023-08-05,Germany,Berlin
CUST-004859,Quinn,Nair,quinn.nair.4859@example.com,2021-08-25,India,Chennai
CUST-004860,Kavya,Wilson,kavya.wilson.4860@example.com,2022-11-12,United Arab Emirates,Abu Dhabi
CUST-004861,Vikram,Nair,vikram.nair.4861@example.com,2026-06-30,United Arab Emirates,Abu Dhabi
CUST-004862,Olivia,Wilson,olivia.wilson.4862@example.com,2021-09-26,United Arab Emirates,Dubai
CUST-004863,Fatima,Singh,fatima.singh.4863@example.com,2026-06-28,Singapore,Singapore
CUST-004864,Wei,Chen,wei.chen.4864@example.com,2023-01-28,India,Hyderabad
CUST-004865,Riya,Garcia,riya.garcia.4865@example.com,2024-03-23,United Kingdom,London
CUST-004866,Aditi,Park,aditi.park.4866@example.com,2026-01-22,India,Hyderabad
CUST-004867,Samir,Lee,samir.lee.4867@example.com,2023-01-01,United States,Austin
CUST-004868,Zane,Johnson,zane.johnson.4868@example.com,2026-03-30,Canada,Toronto
CUST-004869,Olivia,Ali,olivia.ali.4869@example.com,2025-11-05,United States,Austin
CUST-004870,Diego,Ahmed,diego.ahmed.4870@example.com,2021-02-26,Canada,Toronto
CUST-004871,Arjun,Lopez,arjun.lopez.4871@example.com,2026-03-01,Germany,Munich
CUST-004872,Aarav,Muller,aarav.muller.4872@example.com,2021-10-05,Canada,Toronto
CUST-004873,Ben,Wilson,ben.wilson.4873@example.com,2025-10-09,Canada,Toronto
CUST-004874,Samir,Ahmed,samir.ahmed.4874@example.com,2022-05-18,United Arab Emirates,Dubai
CUST-004875,Aisha,Nguyen,aisha.nguyen.4875@example.com,2021-04-24,India,Mumbai
CUST-004876,Ben,Brown,ben.brown.4876@example.com,2020-01-09,United States,New York
CUST-004877,Amelia,Das,amelia.das.4877@example.com,2024-04-29,United Arab Emirates,Abu Dhabi
CUST-004878,James,Muller,james.muller.4878@example.com,2020-07-04,India,Mumbai
CUST-004879,Maya,Silva,maya.silva.4879@example.com,2026-04-05,Germany,Munich
CUST-004880,Samir,Muller,samir.muller.4880@example.com,2020-02-15,India,Chennai
CUST-004881,Amelia,Silva,amelia.silva.4881@example.com,2022-02-14,United Kingdom,Manchester
CUST-004882,Isha,Park,isha.park.4882@example.com,2023-03-28,India,Mumbai
CUST-004883,Sofia,Mehta,sofia.mehta.4883@example.com,2026-03-15,United States,Seattle
CUST-004884,Sofia,Singh,sofia.singh.4884@example.com,2022-09-26,Germany,Berlin
CUST-004885,Olivia,Wilson,olivia.wilson.4885@example.com,2020-07-13,Canada,Vancouver
CUST-004886,Emma,Costa,emma.costa.4886@example.com,2026-03-04,Canada,Toronto
CUST-004887,Chen,Singh,chen.singh.4887@example.com,2024-07-31,United Kingdom,Birmingham
CUST-004888,Grace,Silva,grace.silva.4888@example.com,2021-02-04,Germany,Berlin
CUST-004889,Aarav,Johnson,aarav.johnson.4889@example.com,2020-03-10,Germany,Munich
CUST-004890,Wei,Roy,wei.roy.4890@example.com,2022-01-17,Singapore,Singapore
CUST-004891,Hassan,Silva,hassan.silva.4891@example.com,2023-02-16,Canada,Vancouver
CUST-004892,Tara,Ahmed,tara.ahmed.4892@example.com,2024-11-27,Singapore,Singapore
CUST-004893,Grace,Sharma,grace.sharma.4893@example.com,2020-07-07,Germany,Munich
CUST-004894,James,Young,james.young.4894@example.com,2024-05-16,Germany,Munich
CUST-004895,Emma,Khan,emma.khan.4895@example.com,2020-02-23,India,Hyderabad
CUST-004896,Sofia,Iyer,sofia.iyer.4896@example.com,2020-12-20,United Kingdom,Birmingham
CUST-004897,Amelia,Das,amelia.das.4897@example.com,2022-07-09,Canada,Vancouver
CUST-004898,Aarav,Park,aarav.park.4898@example.com,2026-01-27,Singapore,Singapore
CUST-004899,Arjun,Muller,arjun.muller.4899@example.com,2023-01-06,United Arab Emirates,Abu Dhabi
CUST-004900,Aditi,Wilson,aditi.wilson.4900@example.com,2020-03-02,United Arab Emirates,Abu Dhabi
CUST-004901,Uma,Martin,uma.martin.4901@example.com,2022-03-08,Canada,Vancouver
CUST-004902,James,Martin,james.martin.4902@example.com,2023-04-20,United States,Austin
CUST-004903,Isha,Martin,isha.martin.4903@example.com,2026-05-13,Germany,Munich
CUST-004904,Ben,Muller,ben.muller.4904@example.com,2025-02-23,United Arab Emirates,Dubai
CUST-004905,Maya,Brown,maya.brown.4905@example.com,2024-11-10,United Arab Emirates,Dubai
CUST-004906,Leo,Wilson,leo.wilson.4906@example.com,2025-06-10,Germany,Berlin
CUST-004907,Hassan,Sharma,hassan.sharma.4907@example.com,2024-10-22,United Kingdom,London
CUST-004908,Hassan,Ali,hassan.ali.4908@example.com,2020-11-13,Canada,Vancouver
CUST-004909,Zane,Muller,zane.muller.4909@example.com,2022-08-27,India,Bengaluru
CUST-004910,Aarav,Khan,aarav.khan.4910@example.com,2024-11-02,United States,Seattle
CUST-004911,Kavya,Thomas,kavya.thomas.4911@example.com,2025-11-08,Germany,Berlin
CUST-004912,Isha,Sharma,isha.sharma.4912@example.com,2020-11-18,United Kingdom,Birmingham
CUST-004913,Yara,Sharma,yara.sharma.4913@example.com,2026-05-30,Canada,Vancouver
CUST-004914,Sofia,Garcia,sofia.garcia.4914@example.com,2025-03-03,India,Delhi
CUST-004915,Grace,Wilson,grace.wilson.4915@example.com,2021-04-27,United Kingdom,Manchester
CUST-004916,Leo,Ali,leo.ali.4916@example.com,2021-01-04,United Kingdom,Birmingham
CUST-004917,Tara,Garcia,tara.garcia.4917@example.com,2023-04-30,Singapore,Singapore
CUST-004918,Priya,Smith,priya.smith.4918@example.com,2020-11-01,Canada,Toronto
CUST-004919,Noah,Wright,noah.wright.4919@example.com,2026-03-08,Canada,Toronto
CUST-004920,Emma,Khan,emma.khan.4920@example.com,2024-07-07,United Arab Emirates,Dubai
CUST-004921,James,Lee,james.lee.4921@example.com,2021-10-28,United States,Austin
CUST-004922,Priya,Chen,priya.chen.4922@example.com,2025-09-29,United Kingdom,Birmingham
CUST-004923,Amelia,Ali,amelia.ali.4923@example.com,2022-12-18,India,Delhi
CUST-004924,Emma,Kapoor,emma.kapoor.4924@example.com,2021-03-07,United States,Seattle
CUST-004925,Riya,Kim,riya.kim.4925@example.com,2025-06-14,United Kingdom,London
CUST-004926,Grace,Costa,grace.costa.4926@example.com,2025-09-02,Canada,Toronto
CUST-004927,Aarav,Thomas,aarav.thomas.4927@example.com,2021-08-02,United Arab Emirates,Dubai
CUST-004928,Yara,Thomas,yara.thomas.4928@example.com,2025-07-28,United Kingdom,London
CUST-004929,Samir,Ahmed,samir.ahmed.4929@example.com,2020-07-22,India,Mumbai
CUST-004930,Quinn,Muller,quinn.muller.4930@example.com,2023-11-02,United States,Chicago
CUST-004931,Emma,Patel,emma.patel.4931@example.com,2021-12-04,Singapore,Singapore
CUST-004932,Wei,Garcia,wei.garcia.4932@example.com,2025-04-09,United Kingdom,London
CUST-004933,Maya,Smith,maya.smith.4933@example.com,2023-09-05,United Arab Emirates,Abu Dhabi
CUST-004934,Aarav,Patel,aarav.patel.4934@example.com,2025-06-11,India,Chennai
CUST-004935,Quinn,Kapoor,quinn.kapoor.4935@example.com,2025-10-17,Canada,Toronto
CUST-004936,Ben,Das,ben.das.4936@example.com,2025-01-27,United Kingdom,London
CUST-004937,Amelia,Garcia,amelia.garcia.4937@example.com,2020-10-23,Singapore,Singapore
CUST-004938,Sofia,Martin,sofia.martin.4938@example.com,2024-03-08,Canada,Toronto
CUST-004939,Leo,Khan,leo.khan.4939@example.com,2023-12-10,India,Chennai
CUST-004940,Quinn,Das,quinn.das.4940@example.com,2020-08-29,Canada,Toronto
CUST-004941,Arjun,Ahmed,arjun.ahmed.4941@example.com,2020-01-05,United Kingdom,Birmingham
CUST-004942,Ben,Thomas,ben.thomas.4942@example.com,2021-03-23,Singapore,Singapore
CUST-004943,Grace,Smith,grace.smith.4943@example.com,2020-11-27,Singapore,Singapore
CUST-004944,Tara,Iyer,tara.iyer.4944@example.com,2024-12-09,United States,New York
CUST-004945,Wei,Ahmed,wei.ahmed.4945@example.com,2022-03-28,United States,New York
CUST-004946,Aditi,Ali,aditi.ali.4946@example.com,2024-10-28,India,Chennai
CUST-004947,Grace,Wright,grace.wright.4947@example.com,2020-01-19,India,Hyderabad
CUST-004948,Emma,Young,emma.young.4948@example.com,2020-12-20,Germany,Munich
CUST-004949,Noah,Das,noah.das.4949@example.com,2023-04-15,United Kingdom,London
CUST-004950,Vikram,Lopez,vikram.lopez.4950@example.com,2026-05-13,United States,Chicago
CUST-004951,James,Ahmed,james.ahmed.4951@example.com,2026-06-05,United Arab Emirates,Dubai
CUST-004952,Yara,Thomas,yara.thomas.4952@example.com,2023-11-12,Singapore,Singapore
CUST-004953,Priya,Lee,priya.lee.4953@example.com,2025-04-18,United Kingdom,London
CUST-004954,James,Silva,james.silva.4954@example.com,2020-12-26,Germany,Berlin
CUST-004955,Leo,Johnson,leo.johnson.4955@example.com,2023-06-27,Canada,Toronto
CUST-004956,Chen,Young,chen.young.4956@example.com,2020-10-16,Canada,Toronto
CUST-004957,Emma,Singh,emma.singh.4957@example.com,2021-09-21,India,Delhi
CUST-004958,Uma,Martin,uma.martin.4958@example.com,2024-07-09,Germany,Berlin
CUST-004959,Riya,Smith,riya.smith.4959@example.com,2025-04-02,India,Delhi
CUST-004960,Chen,Young,chen.young.4960@example.com,2024-01-14,Canada,Vancouver
CUST-004961,Emma,Wilson,emma.wilson.4961@example.com,2022-09-18,Canada,Vancouver
CUST-004962,Yara,Kapoor,yara.kapoor.4962@example.com,2024-09-19,United States,New York
CUST-004963,Isha,Thomas,isha.thomas.4963@example.com,2026-02-13,United Kingdom,Manchester
CUST-004964,Aditi,Mehta,aditi.mehta.4964@example.com,2025-01-08,Singapore,Singapore
CUST-004965,Olivia,Martin,olivia.martin.4965@example.com,2022-10-26,United States,Seattle
CUST-004966,Sofia,Martin,sofia.martin.4966@example.com,2022-03-10,United Arab Emirates,Abu Dhabi
CUST-004967,Ben,Singh,ben.singh.4967@example.com,2022-07-22,Canada,Vancouver
CUST-004968,Sofia,Park,sofia.park.4968@example.com,2023-05-05,Germany,Munich
CUST-004969,Sofia,Garcia,sofia.garcia.4969@example.com,2020-07-13,United Arab Emirates,Abu Dhabi
CUST-004970,Grace,Patel,grace.patel.4970@example.com,2024-12-24,Singapore,Singapore
CUST-004971,Samir,Patel,samir.patel.4971@example.com,2024-01-14,Singapore,Singapore
CUST-004972,Priya,Singh,priya.singh.4972@example.com,2020-11-23,United Kingdom,Manchester
CUST-004973,Isha,Smith,isha.smith.4973@example.com,2026-05-01,United States,Austin
CUST-004974,Tara,Silva,tara.silva.4974@example.com,2020-05-19,India,Chennai
CUST-004975,Sofia,Singh,sofia.singh.4975@example.com,2023-08-22,Canada,Toronto
CUST-004976,Aditi,Chen,aditi.chen.4976@example.com,2023-06-21,Germany,Berlin
CUST-004977,Riya,Nair,riya.nair.4977@example.com,2022-08-14,India,Mumbai
CUST-004978,Amelia,Nguyen,amelia.nguyen.4978@example.com,2025-09-09,Singapore,Singapore
CUST-004979,Arjun,Nair,arjun.nair.4979@example.com,2020-03-19,Germany,Berlin
CUST-004980,Grace,Park,grace.park.4980@example.com,2024-12-28,United Kingdom,Birmingham
CUST-004981,Isha,Patel,isha.patel.4981@example.com,2021-12-26,Germany,Berlin
CUST-004982,Quinn,Sharma,quinn.sharma.4982@example.com,2024-02-28,Singapore,Singapore
CUST-004983,Grace,Silva,grace.silva.4983@example.com,2020-12-06,United Kingdom,Birmingham
CUST-004984,Ben,Sharma,ben.sharma.4984@example.com,2021-07-07,India,Bengaluru
CUST-004985,Kavya,Young,kavya.young.4985@example.com,2026-05-06,United Kingdom,Manchester
CUST-004986,Yara,Patel,yara.patel.4986@example.com,2021-10-08,India,Hyderabad
CUST-004987,Uma,Park,uma.park.4987@example.com,2020-07-26,Germany,Berlin
CUST-004988,Grace,Nguyen,grace.nguyen.4988@example.com,2022-05-28,United Kingdom,Birmingham
CUST-004989,Sofia,Smith,sofia.smith.4989@example.com,2026-08-06,United Kingdom,Manchester
CUST-004990,Kavya,Lopez,kavya.lopez.4990@example.com,2023-10-23,United Arab Emirates,Dubai
CUST-004991,Kavya,Kim,kavya.kim.4991@example.com,2025-07-09,India,Mumbai
CUST-004992,Uma,Ali,uma.ali.4992@example.com,2022-02-22,Germany,Berlin
CUST-004993,Kavya,Nair,kavya.nair.4993@example.com,2020-07-21,United Arab Emirates,Abu Dhabi
CUST-004994,Samir,Mehta,samir.mehta.4994@example.com,2024-02-08,United Arab Emirates,Dubai
CUST-004995,Sofia,Brown,sofia.brown.4995@example.com,2020-09-26,Germany,Berlin
CUST-004996,Aarav,Muller,aarav.muller.4996@example.com,2022-06-04,United Kingdom,Manchester
CUST-004997,Uma,Mehta,uma.mehta.4997@example.com,2022-04-12,India,Chennai
CUST-004998,Arjun,Sharma,arjun.sharma.4998@example.com,2023-11-27,United Kingdom,London
CUST-004999,Aditi,Young,aditi.young.4999@example.com,2024-10-20,United States,New York
CUST-005000,Maya,Nair,maya.nair.5000@example.com,2023-03-10,Germany,Berlin
CUST-005001,Amelia,Martin,amelia.martin.5001@example.com,2021-01-19,United Kingdom,London
CUST-005002,Quinn,Singh,quinn.singh.5002@example.com,2021-12-14,United Arab Emirates,Abu Dhabi
CUST-005003,Hassan,Roy,hassan.roy.5003@example.com,2022-09-24,Canada,Vancouver
CUST-005004,Riya,Ahmed,riya.ahmed.5004@example.com,2021-08-23,United Kingdom,London
CUST-005005,Hassan,Muller,hassan.muller.5005@example.com,2020-05-16,India,Mumbai
CUST-005006,James,Chen,james.chen.5006@example.com,2026-06-23,United Arab Emirates,Dubai
CUST-005007,Quinn,Sharma,quinn.sharma.5007@example.com,2026-05-28,Singapore,Singapore
CUST-005008,Sofia,Kapoor,sofia.kapoor.5008@example.com,2026-02-20,Canada,Toronto
CUST-005009,Amelia,Martin,amelia.martin.5009@example.com,2024-12-04,Singapore,Singapore
CUST-005010,Emma,Patel,emma.patel.5010@example.com,2022-09-16,Canada,Vancouver
CUST-005011,Maya,Lee,maya.lee.5011@example.com,2021-05-28,Germany,Berlin
CUST-005012,Riya,Johnson,riya.johnson.5012@example.com,2023-03-29,United Arab Emirates,Abu Dhabi
CUST-005013,Olivia,Das,olivia.das.5013@example.com,2022-07-10,United Kingdom,London
CUST-005014,Aarav,Muller,aarav.muller.5014@example.com,2025-02-20,Singapore,Singapore
CUST-005015,Uma,Thomas,uma.thomas.5015@example.com,2021-10-05,Canada,Vancouver
CUST-005016,Grace,Sharma,grace.sharma.5016@example.com,2021-10-20,United States,Seattle
CUST-005017,Wei,Sharma,wei.sharma.5017@example.com,2025-07-13,India,Bengaluru
CUST-005018,Isha,Singh,isha.singh.5018@example.com,2021-06-16,United Kingdom,Manchester
CUST-005019,Ben,Kim,ben.kim.5019@example.com,2025-02-24,India,Chennai
CUST-005020,Emma,Smith,emma.smith.5020@example.com,2020-09-07,United Arab Emirates,Dubai
CUST-005021,Riya,Ahmed,riya.ahmed.5021@example.com,2021-09-04,Germany,Berlin
CUST-005022,Vikram,Brown,vikram.brown.5022@example.com,2023-09-17,United Kingdom,London
CUST-005023,Amelia,Sharma,amelia.sharma.5023@example.com,2020-05-10,Germany,Berlin
CUST-005024,Quinn,Young,quinn.young.5024@example.com,2020-07-09,Singapore,Singapore
CUST-005025,Diego,Sharma,diego.sharma.5025@example.com,2026-01-24,Germany,Munich
CUST-005026,Maya,Lee,maya.lee.5026@example.com,2020-02-27,United States,Austin
CUST-005027,Zane,Young,zane.young.5027@example.com,2020-12-28,India,Hyderabad
CUST-005028,Isha,Ali,isha.ali.5028@example.com,2021-07-11,United States,New York
CUST-005029,Fatima,Young,fatima.young.5029@example.com,2023-10-02,Germany,Munich
CUST-005030,Grace,Roy,grace.roy.5030@example.com,2026-03-29,United Arab Emirates,Abu Dhabi
CUST-005031,Grace,Thomas,grace.thomas.5031@example.com,2022-02-01,United Arab Emirates,Dubai
CUST-005032,Ben,Ahmed,ben.ahmed.5032@example.com,2024-09-30,Germany,Munich
CUST-005033,Ben,Muller,ben.muller.5033@example.com,2022-08-03,India,Bengaluru
CUST-005034,James,Wright,james.wright.5034@example.com,2022-01-03,Canada,Toronto
CUST-005035,Zane,Das,zane.das.5035@example.com,2025-02-17,United States,Seattle
CUST-005036,Hassan,Wilson,hassan.wilson.5036@example.com,2020-11-14,United States,Seattle
CUST-005037,Kavya,Ali,kavya.ali.5037@example.com,2021-05-31,India,Mumbai
CUST-005038,Sofia,Ali,sofia.ali.5038@example.com,2021-01-07,India,Delhi
CUST-005039,Wei,Smith,wei.smith.5039@example.com,2026-03-05,United States,New York
CUST-005040,Ben,Johnson,ben.johnson.5040@example.com,2021-11-20,Singapore,Singapore
CUST-005041,Quinn,Park,quinn.park.5041@example.com,2021-12-01,United Arab Emirates,Dubai
CUST-005042,Hassan,Kapoor,hassan.kapoor.5042@example.com,2021-05-24,United Arab Emirates,Abu Dhabi
CUST-005043,Tara,Sharma,tara.sharma.5043@example.com,2024-02-08,Germany,Berlin
CUST-005044,James,Nguyen,james.nguyen.5044@example.com,2021-04-04,Canada,Vancouver
CUST-005045,Chen,Martin,chen.martin.5045@example.com,2023-09-23,United Kingdom,Birmingham
CUST-005046,Noah,Khan,noah.khan.5046@example.com,2026-08-07,Germany,Munich
CUST-005047,Olivia,Mehta,olivia.mehta.5047@example.com,2025-04-10,Singapore,Singapore
CUST-005048,Samir,Das,samir.das.5048@example.com,2024-04-12,India,Chennai
CUST-005049,Maya,Patel,maya.patel.5049@example.com,2020-07-25,Germany,Munich
CUST-005050,Sofia,Brown,sofia.brown.5050@example.com,2025-12-31,Singapore,Singapore
CUST-005051,Amelia,Martin,amelia.martin.5051@example.com,2021-09-25,Singapore,Singapore
CUST-005052,Zane,Smith,zane.smith.5052@example.com,2025-09-16,Canada,Vancouver
CUST-005053,Grace,Young,grace.young.5053@example.com,2020-08-06,United Kingdom,Birmingham
CUST-005054,Arjun,Wilson,arjun.wilson.5054@example.com,2021-11-19,United States,Chicago
CUST-005055,Ben,Sharma,ben.sharma.5055@example.com,2021-12-28,India,Chennai
CUST-005056,Chen,Nair,chen.nair.5056@example.com,2026-01-07,United Kingdom,London
CUST-005057,Quinn,Kapoor,quinn.kapoor.5057@example.com,2022-07-25,Canada,Toronto
CUST-005058,Riya,Garcia,riya.garcia.5058@example.com,2022-10-29,India,Mumbai
CUST-005059,Emma,Lee,emma.lee.5059@example.com,2023-02-15,Singapore,Singapore
CUST-005060,Tara,Garcia,tara.garcia.5060@example.com,2025-11-19,Germany,Berlin
CUST-005061,Amelia,Costa,amelia.costa.5061@example.com,2026-06-22,United Kingdom,Birmingham
CUST-005062,Samir,Johnson,samir.johnson.5062@example.com,2020-02-11,Germany,Berlin
CUST-005063,Tara,Lopez,tara.lopez.5063@example.com,2020-02-23,Germany,Berlin
CUST-005064,Aditi,Lopez,aditi.lopez.5064@example.com,2020-07-26,United States,Seattle
CUST-005065,Sofia,Das,sofia.das.5065@example.com,2021-09-03,Germany,Berlin
CUST-005066,Yara,Garcia,yara.garcia.5066@example.com,2024-12-02,United States,Chicago
CUST-005067,Hassan,Thomas,hassan.thomas.5067@example.com,2021-02-26,United States,Austin
CUST-005068,Hassan,Das,hassan.das.5068@example.com,2020-06-18,United States,Austin
CUST-005069,Maya,Khan,maya.khan.5069@example.com,2023-10-06,Singapore,Singapore
CUST-005070,James,Lee,james.lee.5070@example.com,2022-03-18,Singapore,Singapore
CUST-005071,Riya,Silva,riya.silva.5071@example.com,2023-11-11,India,Chennai
CUST-005072,Diego,Kapoor,diego.kapoor.5072@example.com,2024-12-07,Canada,Vancouver
CUST-005073,Kavya,Iyer,kavya.iyer.5073@example.com,2026-07-22,Singapore,Singapore
CUST-005074,Priya,Martin,priya.martin.5074@example.com,2021-06-24,United States,New York
CUST-005075,Riya,Sharma,riya.sharma.5075@example.com,2021-10-25,Germany,Berlin
CUST-005076,James,Wright,james.wright.5076@example.com,2020-10-30,Canada,Vancouver
CUST-005077,Fatima,Muller,fatima.muller.5077@example.com,2020-06-16,Canada,Toronto
CUST-005078,Olivia,Mehta,olivia.mehta.5078@example.com,2022-06-12,United Arab Emirates,Dubai
CUST-005079,Vikram,Sharma,vikram.sharma.5079@example.com,2022-10-12,United Kingdom,Birmingham
CUST-005080,Noah,Silva,noah.silva.5080@example.com,2020-09-30,United Kingdom,Birmingham
CUST-005081,Isha,Muller,isha.muller.5081@example.com,2021-09-09,United States,New York
CUST-005082,Vikram,Thomas,vikram.thomas.5082@example.com,2021-04-30,United States,Chicago
CUST-005083,Leo,Sharma,leo.sharma.5083@example.com,2020-08-16,United Arab Emirates,Abu Dhabi
CUST-005084,Isha,Martin,isha.martin.5084@example.com,2024-09-06,United Kingdom,Manchester
CUST-005085,Kavya,Roy,kavya.roy.5085@example.com,2024-04-18,India,Bengaluru
CUST-005086,Samir,Muller,samir.muller.5086@example.com,2020-12-10,United States,Chicago
CUST-005087,Hassan,Iyer,hassan.iyer.5087@example.com,2023-05-26,India,Chennai
CUST-005088,Fatima,Roy,fatima.roy.5088@example.com,2022-11-09,Canada,Vancouver
CUST-005089,Quinn,Patel,quinn.patel.5089@example.com,2024-11-02,Singapore,Singapore
CUST-005090,Chen,Wright,chen.wright.5090@example.com,2022-02-11,United Kingdom,Birmingham
CUST-005091,Diego,Ahmed,diego.ahmed.5091@example.com,2023-11-09,Singapore,Singapore
CUST-005092,Fatima,Lopez,fatima.lopez.5092@example.com,2024-03-23,United Arab Emirates,Dubai
CUST-005093,Kavya,Johnson,kavya.johnson.5093@example.com,2021-11-22,United States,Chicago
CUST-005094,Aisha,Costa,aisha.costa.5094@example.com,2021-04-26,Canada,Toronto
CUST-005095,Fatima,Garcia,fatima.garcia.5095@example.com,2022-06-05,United Kingdom,Manchester
CUST-005096,Riya,Garcia,riya.garcia.5096@example.com,2023-11-08,Canada,Vancouver
CUST-005097,Emma,Wright,emma.wright.5097@example.com,2021-02-19,United States,New York
CUST-005098,Noah,Mehta,noah.mehta.5098@example.com,2021-02-05,Singapore,Singapore
CUST-005099,Aisha,Lopez,aisha.lopez.5099@example.com,2023-06-28,United States,New York
CUST-005100,Riya,Nair,riya.nair.5100@example.com,2024-04-06,United Arab Emirates,Abu Dhabi
CUST-005101,Diego,Johnson,diego.johnson.5101@example.com,2023-10-19,United Arab Emirates,Dubai
CUST-005102,Zane,Garcia,zane.garcia.5102@example.com,2023-02-27,Germany,Munich
CUST-005103,Ben,Young,ben.young.5103@example.com,2020-08-23,United Kingdom,Manchester
CUST-005104,Noah,Brown,noah.brown.5104@example.com,2022-10-02,United States,Seattle
CUST-005105,Chen,Silva,chen.silva.5105@example.com,2022-09-13,India,Mumbai
CUST-005106,Amelia,Das,amelia.das.5106@example.com,2024-02-07,Canada,Vancouver
CUST-005107,Isha,Sharma,isha.sharma.5107@example.com,2022-12-29,United Kingdom,Manchester
CUST-005108,Yara,Ali,yara.ali.5108@example.com,2024-05-18,Canada,Vancouver
CUST-005109,Leo,Singh,leo.singh.5109@example.com,2025-01-31,Canada,Vancouver
CUST-005110,Olivia,Das,olivia.das.5110@example.com,2023-01-03,Germany,Munich
CUST-005111,Chen,Iyer,chen.iyer.5111@example.com,2024-11-23,United States,Seattle
CUST-005112,Olivia,Chen,olivia.chen.5112@example.com,2023-01-14,Canada,Vancouver
CUST-005113,Isha,Kapoor,isha.kapoor.5113@example.com,2025-08-21,Germany,Munich
CUST-005114,Vikram,Khan,vikram.khan.5114@example.com,2022-05-04,Singapore,Singapore
CUST-005115,Aisha,Khan,aisha.khan.5115@example.com,2023-11-06,United States,Seattle
CUST-005116,Hassan,Sharma,hassan.sharma.5116@example.com,2020-02-02,United Arab Emirates,Abu Dhabi
CUST-005117,Sofia,Silva,sofia.silva.5117@example.com,2023-06-08,United Arab Emirates,Dubai
CUST-005118,Wei,Singh,wei.singh.5118@example.com,2024-06-22,United States,Austin
CUST-005119,Grace,Park,grace.park.5119@example.com,2026-06-16,United Kingdom,Manchester
CUST-005120,Isha,Kim,isha.kim.5120@example.com,2025-01-03,Canada,Toronto
CUST-005121,Arjun,Thomas,arjun.thomas.5121@example.com,2020-02-25,United States,Chicago
CUST-005122,Yara,Lee,yara.lee.5122@example.com,2022-09-08,United States,Seattle
CUST-005123,Uma,Das,uma.das.5123@example.com,2021-05-01,United Arab Emirates,Abu Dhabi
CUST-005124,Ben,Muller,ben.muller.5124@example.com,2023-03-17,India,Mumbai
CUST-005125,Riya,Lee,riya.lee.5125@example.com,2026-02-08,Germany,Berlin
CUST-005126,Diego,Park,diego.park.5126@example.com,2024-08-28,United States,New York
CUST-005127,Fatima,Roy,fatima.roy.5127@example.com,2023-06-19,United Kingdom,London
CUST-005128,Samir,Park,samir.park.5128@example.com,2025-01-28,India,Chennai
CUST-005129,James,Brown,james.brown.5129@example.com,2025-02-18,Germany,Berlin
CUST-005130,Arjun,Kapoor,arjun.kapoor.5130@example.com,2020-03-15,Germany,Berlin
CUST-005131,Noah,Lopez,noah.lopez.5131@example.com,2021-05-14,Germany,Munich
CUST-005132,Maya,Silva,maya.silva.5132@example.com,2021-11-15,United Kingdom,London
CUST-005133,Sofia,Nguyen,sofia.nguyen.5133@example.com,2024-02-17,India,Chennai
CUST-005134,Kavya,Khan,kavya.khan.5134@example.com,2023-02-24,United Arab Emirates,Abu Dhabi
CUST-005135,Ben,Johnson,ben.johnson.5135@example.com,2023-02-18,United Kingdom,Birmingham
CUST-005136,Zane,Smith,zane.smith.5136@example.com,2025-09-01,Singapore,Singapore
CUST-005137,Emma,Lee,emma.lee.5137@example.com,2025-08-02,Canada,Toronto
CUST-005138,Arjun,Chen,arjun.chen.5138@example.com,2021-11-01,United States,New York
CUST-005139,Samir,Wilson,samir.wilson.5139@example.com,2023-10-30,Singapore,Singapore
CUST-005140,Diego,Young,diego.young.5140@example.com,2025-03-10,Singapore,Singapore
CUST-005141,Aisha,Ahmed,aisha.ahmed.5141@example.com,2024-06-27,Singapore,Singapore
CUST-005142,James,Johnson,james.johnson.5142@example.com,2025-04-01,United States,New York
CUST-005143,Arjun,Lee,arjun.lee.5143@example.com,2020-07-10,India,Delhi
CUST-005144,Wei,Garcia,wei.garcia.5144@example.com,2024-12-04,Canada,Toronto
CUST-005145,Aarav,Kapoor,aarav.kapoor.5145@example.com,2023-08-26,United Kingdom,Birmingham
CUST-005146,Maya,Wright,maya.wright.5146@example.com,2020-05-28,India,Mumbai
CUST-005147,Sofia,Garcia,sofia.garcia.5147@example.com,2021-12-30,Singapore,Singapore
CUST-005148,Amelia,Kim,amelia.kim.5148@example.com,2023-08-02,United States,Chicago
CUST-005149,Riya,Thomas,riya.thomas.5149@example.com,2021-05-06,United States,Chicago
CUST-005150,Aarav,Nair,aarav.nair.5150@example.com,2022-07-17,United Kingdom,Birmingham
CUST-005151,Samir,Park,samir.park.5151@example.com,2022-06-10,India,Hyderabad
CUST-005152,Maya,Park,maya.park.5152@example.com,2020-12-21,Germany,Munich
CUST-005153,Ben,Kapoor,ben.kapoor.5153@example.com,2022-03-23,India,Mumbai
CUST-005154,Chen,Muller,chen.muller.5154@example.com,2023-11-17,United Arab Emirates,Abu Dhabi
CUST-005155,Samir,Garcia,samir.garcia.5155@example.com,2024-05-19,United Arab Emirates,Dubai
CUST-005156,Sofia,Mehta,sofia.mehta.5156@example.com,2022-02-02,India,Chennai
CUST-005157,Tara,Lopez,tara.lopez.5157@example.com,2025-06-08,Canada,Toronto
CUST-005158,Hassan,Garcia,hassan.garcia.5158@example.com,2024-03-09,Germany,Munich
CUST-005159,Wei,Young,wei.young.5159@example.com,2022-05-23,Canada,Toronto
CUST-005160,Aisha,Smith,aisha.smith.5160@example.com,2024-12-18,United States,Austin
CUST-005161,Samir,Nair,samir.nair.5161@example.com,2025-11-08,United States,Austin
CUST-005162,Aarav,Kim,aarav.kim.5162@example.com,2025-04-24,United Kingdom,Birmingham
CUST-005163,Samir,Silva,samir.silva.5163@example.com,2022-06-28,Canada,Vancouver
CUST-005164,Diego,Garcia,diego.garcia.5164@example.com,2024-09-29,United States,Chicago
CUST-005165,Amelia,Wilson,amelia.wilson.5165@example.com,2020-05-22,United Kingdom,Manchester
CUST-005166,Isha,Khan,isha.khan.5166@example.com,2026-03-07,India,Hyderabad
CUST-005167,Aditi,Wilson,aditi.wilson.5167@example.com,2024-05-12,United States,Chicago
CUST-005168,Vikram,Nguyen,vikram.nguyen.5168@example.com,2025-09-02,Canada,Toronto
CUST-005169,Wei,Thomas,wei.thomas.5169@example.com,2024-04-10,United States,New York
CUST-005170,Arjun,Sharma,arjun.sharma.5170@example.com,2021-05-25,Singapore,Singapore
CUST-005171,Isha,Nguyen,isha.nguyen.5171@example.com,2026-03-17,United Kingdom,London
CUST-005172,Zane,Martin,zane.martin.5172@example.com,2026-04-13,Germany,Berlin
CUST-005173,Samir,Khan,samir.khan.5173@example.com,2025-07-12,Canada,Vancouver
CUST-005174,Sofia,Das,sofia.das.5174@example.com,2022-12-09,Canada,Vancouver
CUST-005175,Uma,Muller,uma.muller.5175@example.com,2022-03-31,Singapore,Singapore
CUST-005176,Kavya,Roy,kavya.roy.5176@example.com,2021-06-20,United Kingdom,London
CUST-005177,Chen,Johnson,chen.johnson.5177@example.com,2021-09-17,Germany,Berlin
CUST-005178,Ben,Kapoor,ben.kapoor.5178@example.com,2025-09-13,Germany,Berlin
CUST-005179,Quinn,Nguyen,quinn.nguyen.5179@example.com,2023-04-11,Canada,Vancouver
CUST-005180,Aisha,Iyer,aisha.iyer.5180@example.com,2026-05-07,United Arab Emirates,Dubai
CUST-005181,Samir,Silva,samir.silva.5181@example.com,2022-01-24,Germany,Berlin
CUST-005182,Tara,Iyer,tara.iyer.5182@example.com,2020-08-22,Singapore,Singapore
CUST-005183,Ben,Silva,ben.silva.5183@example.com,2023-10-14,United Arab Emirates,Dubai
CUST-005184,Hassan,Lopez,hassan.lopez.5184@example.com,2024-05-14,India,Bengaluru
CUST-005185,Wei,Young,wei.young.5185@example.com,2025-05-15,Germany,Berlin
CUST-005186,Amelia,Thomas,amelia.thomas.5186@example.com,2021-04-14,Germany,Berlin
CUST-005187,Emma,Muller,emma.muller.5187@example.com,2025-07-07,Germany,Munich
CUST-005188,Arjun,Silva,arjun.silva.5188@example.com,2020-01-26,United States,Chicago
CUST-005189,Riya,Singh,riya.singh.5189@example.com,2026-04-08,United States,Seattle
CUST-005190,Uma,Nguyen,uma.nguyen.5190@example.com,2026-04-19,Germany,Munich
CUST-005191,Aisha,Sharma,aisha.sharma.5191@example.com,2020-10-20,Germany,Berlin
CUST-005192,Uma,Muller,uma.muller.5192@example.com,2024-07-01,United States,New York
CUST-005193,Maya,Park,maya.park.5193@example.com,2024-06-23,United Kingdom,London
CUST-005194,Olivia,Silva,olivia.silva.5194@example.com,2025-04-23,Germany,Munich
CUST-005195,Isha,Khan,isha.khan.5195@example.com,2023-02-07,United Kingdom,Manchester
CUST-005196,Aditi,Iyer,aditi.iyer.5196@example.com,2022-10-26,United Kingdom,Birmingham
CUST-005197,Amelia,Park,amelia.park.5197@example.com,2020-10-02,United States,Seattle
CUST-005198,Amelia,Costa,amelia.costa.5198@example.com,2023-01-01,Germany,Berlin
CUST-005199,Amelia,Ahmed,amelia.ahmed.5199@example.com,2023-11-02,Canada,Vancouver
CUST-005200,James,Lee,james.lee.5200@example.com,2026-05-21,India,Mumbai
CUST-005201,Olivia,Mehta,olivia.mehta.5201@example.com,2022-05-16,Singapore,Singapore
CUST-005202,Kavya,Martin,kavya.martin.5202@example.com,2024-01-05,Singapore,Singapore
CUST-005203,Aditi,Chen,aditi.chen.5203@example.com,2020-01-03,Canada,Toronto
CUST-005204,Aarav,Lee,aarav.lee.5204@example.com,2024-11-15,United States,Austin
CUST-005205,Riya,Sharma,riya.sharma.5205@example.com,2025-07-25,India,Mumbai
CUST-005206,Aisha,Mehta,aisha.mehta.5206@example.com,2021-01-02,Germany,Berlin
CUST-005207,Fatima,Khan,fatima.khan.5207@example.com,2026-05-30,United States,Austin
CUST-005208,Uma,Das,uma.das.5208@example.com,2024-07-10,Singapore,Singapore
CUST-005209,Noah,Ahmed,noah.ahmed.5209@example.com,2025-02-02,Germany,Munich
CUST-005210,Aditi,Ahmed,aditi.ahmed.5210@example.com,2025-04-27,United Arab Emirates,Dubai
CUST-005211,Amelia,Smith,amelia.smith.5211@example.com,2025-07-02,Singapore,Singapore
CUST-005212,Diego,Khan,diego.khan.5212@example.com,2022-01-29,Canada,Toronto
CUST-005213,Kavya,Lopez,kavya.lopez.5213@example.com,2020-04-25,Singapore,Singapore
CUST-005214,Grace,Das,grace.das.5214@example.com,2025-12-12,United Arab Emirates,Abu Dhabi
CUST-005215,Quinn,Martin,quinn.martin.5215@example.com,2023-12-14,Singapore,Singapore
CUST-005216,Wei,Lopez,wei.lopez.5216@example.com,2026-05-30,United States,Seattle
CUST-005217,Chen,Nguyen,chen.nguyen.5217@example.com,2021-01-10,United Arab Emirates,Abu Dhabi
CUST-005218,Grace,Kim,grace.kim.5218@example.com,2020-05-06,United States,Seattle
CUST-005219,Ben,Brown,ben.brown.5219@example.com,2021-08-15,India,Mumbai
CUST-005220,Ben,Nguyen,ben.nguyen.5220@example.com,2020-10-10,United Arab Emirates,Abu Dhabi
CUST-005221,Wei,Sharma,wei.sharma.5221@example.com,2023-11-30,Canada,Vancouver
CUST-005222,Vikram,Muller,vikram.muller.5222@example.com,2023-03-04,United Kingdom,Birmingham
CUST-005223,Quinn,Ali,quinn.ali.5223@example.com,2023-03-09,Canada,Vancouver
CUST-005224,Aarav,Das,aarav.das.5224@example.com,2020-01-05,India,Bengaluru
CUST-005225,James,Martin,james.martin.5225@example.com,2024-06-08,Singapore,Singapore
CUST-005226,Fatima,Martin,fatima.martin.5226@example.com,2024-11-17,Germany,Munich
CUST-005227,Isha,Kim,isha.kim.5227@example.com,2025-01-08,United Arab Emirates,Abu Dhabi
CUST-005228,Sofia,Kim,sofia.kim.5228@example.com,2024-09-15,India,Bengaluru
CUST-005229,Isha,Young,isha.young.5229@example.com,2024-10-13,United Kingdom,Birmingham
CUST-005230,Aditi,Lee,aditi.lee.5230@example.com,2023-09-16,Canada,Toronto
CUST-005231,Aarav,Costa,aarav.costa.5231@example.com,2023-12-16,United States,Seattle
CUST-005232,Samir,Brown,samir.brown.5232@example.com,2022-03-26,Singapore,Singapore
CUST-005233,Olivia,Mehta,olivia.mehta.5233@example.com,2023-01-20,Singapore,Singapore
CUST-005234,Priya,Smith,priya.smith.5234@example.com,2024-12-12,Singapore,Singapore
CUST-005235,Arjun,Young,arjun.young.5235@example.com,2026-05-05,Germany,Munich
CUST-005236,Aisha,Ahmed,aisha.ahmed.5236@example.com,2024-04-06,Germany,Berlin
CUST-005237,Grace,Johnson,grace.johnson.5237@example.com,2024-02-28,India,Chennai
CUST-005238,Kavya,Mehta,kavya.mehta.5238@example.com,2022-01-04,India,Delhi
CUST-005239,Hassan,Nguyen,hassan.nguyen.5239@example.com,2025-12-06,United States,Austin
CUST-005240,Kavya,Costa,kavya.costa.5240@example.com,2022-04-25,Germany,Munich
CUST-005241,Fatima,Brown,fatima.brown.5241@example.com,2023-07-10,India,Chennai
CUST-005242,Fatima,Kapoor,fatima.kapoor.5242@example.com,2026-04-11,United Arab Emirates,Abu Dhabi
CUST-005243,Priya,Muller,priya.muller.5243@example.com,2023-02-27,United Kingdom,Manchester
CUST-005244,Riya,Costa,riya.costa.5244@example.com,2023-05-07,United States,Seattle
CUST-005245,Uma,Lee,uma.lee.5245@example.com,2023-04-11,Canada,Toronto
CUST-005246,Fatima,Das,fatima.das.5246@example.com,2020-10-25,United Kingdom,Manchester
CUST-005247,Priya,Nguyen,priya.nguyen.5247@example.com,2026-05-21,Singapore,Singapore
CUST-005248,Uma,Nair,uma.nair.5248@example.com,2022-11-24,United States,Seattle
CUST-005249,Olivia,Ali,olivia.ali.5249@example.com,2022-07-16,United Kingdom,Birmingham
CUST-005250,Zane,Lee,zane.lee.5250@example.com,2022-12-16,Singapore,Singapore
CUST-005251,Maya,Roy,maya.roy.5251@example.com,2026-04-18,Germany,Berlin
CUST-005252,Aisha,Brown,aisha.brown.5252@example.com,2023-09-06,India,Chennai
CUST-005253,James,Garcia,james.garcia.5253@example.com,2025-05-07,United Arab Emirates,Dubai
CUST-005254,Olivia,Wright,olivia.wright.5254@example.com,2025-12-23,Canada,Vancouver
CUST-005255,Arjun,Brown,arjun.brown.5255@example.com,2021-02-28,United States,New York
CUST-005256,Zane,Roy,zane.roy.5256@example.com,2024-12-29,United Arab Emirates,Dubai
CUST-005257,Aditi,Das,aditi.das.5257@example.com,2021-04-16,United States,Chicago
CUST-005258,Uma,Patel,uma.patel.5258@example.com,2023-08-31,Singapore,Singapore
CUST-005259,Zane,Thomas,zane.thomas.5259@example.com,2023-11-25,United Arab Emirates,Dubai
CUST-005260,Fatima,Lopez,fatima.lopez.5260@example.com,2024-08-17,Germany,Munich
CUST-005261,Grace,Chen,grace.chen.5261@example.com,2026-07-26,Canada,Toronto
CUST-005262,Yara,Roy,yara.roy.5262@example.com,2020-06-01,United States,Austin
CUST-005263,Aarav,Patel,aarav.patel.5263@example.com,2023-02-13,United Kingdom,Birmingham
CUST-005264,James,Thomas,james.thomas.5264@example.com,2024-04-11,United Kingdom,London
CUST-005265,Aisha,Mehta,aisha.mehta.5265@example.com,2022-07-04,United Arab Emirates,Dubai
CUST-005266,Wei,Sharma,wei.sharma.5266@example.com,2023-12-28,United States,New York
CUST-005267,Aisha,Roy,aisha.roy.5267@example.com,2022-04-15,India,Hyderabad
CUST-005268,Grace,Thomas,grace.thomas.5268@example.com,2023-12-30,Singapore,Singapore
CUST-005269,Chen,Singh,chen.singh.5269@example.com,2023-10-13,United Arab Emirates,Abu Dhabi
CUST-005270,Aarav,Martin,aarav.martin.5270@example.com,2020-11-19,Singapore,Singapore
CUST-005271,Amelia,Lee,amelia.lee.5271@example.com,2024-01-16,Germany,Munich
CUST-005272,Chen,Lee,chen.lee.5272@example.com,2023-09-02,Germany,Munich
CUST-005273,Isha,Brown,isha.brown.5273@example.com,2020-10-23,India,Bengaluru
CUST-005274,Sofia,Martin,sofia.martin.5274@example.com,2024-02-28,United Arab Emirates,Dubai
CUST-005275,Zane,Johnson,zane.johnson.5275@example.com,2022-01-21,United Kingdom,London
CUST-005276,Wei,Costa,wei.costa.5276@example.com,2021-07-09,United States,New York
CUST-005277,Yara,Brown,yara.brown.5277@example.com,2023-06-23,United States,Chicago
CUST-005278,Fatima,Smith,fatima.smith.5278@example.com,2024-07-23,United Kingdom,London
CUST-005279,Quinn,Nguyen,quinn.nguyen.5279@example.com,2023-05-18,India,Bengaluru
CUST-005280,Riya,Ali,riya.ali.5280@example.com,2026-07-01,Germany,Munich
CUST-005281,Maya,Mehta,maya.mehta.5281@example.com,2024-06-11,Germany,Berlin
CUST-005282,Aditi,Martin,aditi.martin.5282@example.com,2023-07-09,Canada,Toronto
CUST-005283,Olivia,Thomas,olivia.thomas.5283@example.com,2024-04-11,United Kingdom,Birmingham
CUST-005284,Aditi,Garcia,aditi.garcia.5284@example.com,2021-01-02,Canada,Vancouver
CUST-005285,Kavya,Young,kavya.young.5285@example.com,2020-09-20,United Kingdom,Manchester
CUST-005286,Emma,Johnson,emma.johnson.5286@example.com,2023-05-22,India,Bengaluru
CUST-005287,Wei,Singh,wei.singh.5287@example.com,2021-09-27,India,Bengaluru
CUST-005288,Noah,Park,noah.park.5288@example.com,2024-02-10,Canada,Toronto
CUST-005289,Ben,Smith,ben.smith.5289@example.com,2026-04-09,Canada,Vancouver
CUST-005290,James,Muller,james.muller.5290@example.com,2022-01-12,United Kingdom,Manchester
CUST-005291,Uma,Singh,uma.singh.5291@example.com,2021-10-15,Germany,Berlin
CUST-005292,Chen,Garcia,chen.garcia.5292@example.com,2021-09-19,United Arab Emirates,Dubai
CUST-005293,Aarav,Garcia,aarav.garcia.5293@example.com,2021-07-04,India,Delhi
CUST-005294,Isha,Ahmed,isha.ahmed.5294@example.com,2022-06-01,India,Bengaluru
CUST-005295,Zane,Sharma,zane.sharma.5295@example.com,2020-03-30,United States,Austin
CUST-005296,Chen,Lee,chen.lee.5296@example.com,2025-04-02,Singapore,Singapore
CUST-005297,Amelia,Mehta,amelia.mehta.5297@example.com,2021-05-18,Germany,Munich
CUST-005298,Vikram,Ali,vikram.ali.5298@example.com,2020-02-13,United Kingdom,Manchester
CUST-005299,Yara,Costa,yara.costa.5299@example.com,2025-05-13,United States,Seattle
CUST-005300,Uma,Silva,uma.silva.5300@example.com,2022-10-17,United Kingdom,Birmingham
CUST-005301,Aditi,Smith,aditi.smith.5301@example.com,2024-02-25,United Kingdom,London
CUST-005302,Aditi,Khan,aditi.khan.5302@example.com,2022-08-03,United States,Seattle
CUST-005303,Wei,Chen,wei.chen.5303@example.com,2022-08-20,United States,New York
CUST-005304,Chen,Lee,chen.lee.5304@example.com,2021-06-23,Germany,Berlin
CUST-005305,Aisha,Martin,aisha.martin.5305@example.com,2025-02-20,United Kingdom,London
CUST-005306,Vikram,Ahmed,vikram.ahmed.5306@example.com,2020-03-08,Canada,Toronto
CUST-005307,Kavya,Das,kavya.das.5307@example.com,2021-10-31,United States,Austin
CUST-005308,Fatima,Patel,fatima.patel.5308@example.com,2020-08-27,United Kingdom,Manchester
CUST-005309,Wei,Young,wei.young.5309@example.com,2024-08-21,Germany,Munich
CUST-005310,Riya,Young,riya.young.5310@example.com,2025-03-09,United Arab Emirates,Dubai
CUST-005311,Wei,Kapoor,wei.kapoor.5311@example.com,2025-07-21,Singapore,Singapore
CUST-005312,Wei,Lee,wei.lee.5312@example.com,2021-03-09,Singapore,Singapore
CUST-005313,Sofia,Lee,sofia.lee.5313@example.com,2024-05-01,India,Delhi
CUST-005314,Quinn,Martin,quinn.martin.5314@example.com,2026-01-07,United States,Chicago
CUST-005315,Aisha,Park,aisha.park.5315@example.com,2025-04-05,Germany,Berlin
CUST-005316,Grace,Wilson,grace.wilson.5316@example.com,2020-09-19,Canada,Toronto
CUST-005317,Aisha,Singh,aisha.singh.5317@example.com,2020-06-13,United Arab Emirates,Abu Dhabi
CUST-005318,Isha,Muller,isha.muller.5318@example.com,2025-12-26,Canada,Vancouver
CUST-005319,Samir,Lee,samir.lee.5319@example.com,2021-08-26,United Arab Emirates,Dubai
CUST-005320,Leo,Brown,leo.brown.5320@example.com,2022-02-07,Germany,Munich
CUST-005321,Olivia,Roy,olivia.roy.5321@example.com,2022-02-02,India,Mumbai
CUST-005322,Aisha,Khan,aisha.khan.5322@example.com,2020-07-12,India,Mumbai
CUST-005323,Maya,Ali,maya.ali.5323@example.com,2020-06-20,United Arab Emirates,Dubai
CUST-005324,Samir,Iyer,samir.iyer.5324@example.com,2026-03-14,Germany,Munich
CUST-005325,Vikram,Kapoor,vikram.kapoor.5325@example.com,2020-07-23,Germany,Berlin
CUST-005326,Kavya,Thomas,kavya.thomas.5326@example.com,2025-06-08,India,Delhi
CUST-005327,Samir,Patel,samir.patel.5327@example.com,2022-07-12,Canada,Toronto
CUST-005328,Hassan,Nguyen,hassan.nguyen.5328@example.com,2022-10-28,United Arab Emirates,Abu Dhabi
CUST-005329,Ben,Nair,ben.nair.5329@example.com,2021-03-24,United Kingdom,Manchester
CUST-005330,Arjun,Smith,arjun.smith.5330@example.com,2021-08-05,United States,Chicago
CUST-005331,Isha,Mehta,isha.mehta.5331@example.com,2022-10-20,United Kingdom,London
CUST-005332,Noah,Ali,noah.ali.5332@example.com,2021-10-31,United States,New York
CUST-005333,Hassan,Thomas,hassan.thomas.5333@example.com,2021-09-04,United Kingdom,London
CUST-005334,Arjun,Muller,arjun.muller.5334@example.com,2024-03-23,United States,Seattle
CUST-005335,Riya,Park,riya.park.5335@example.com,2024-04-15,United Kingdom,London
CUST-005336,Sofia,Johnson,sofia.johnson.5336@example.com,2020-01-07,Germany,Berlin
CUST-005337,Chen,Kim,chen.kim.5337@example.com,2023-05-22,United Kingdom,Manchester
CUST-005338,Zane,Young,zane.young.5338@example.com,2020-03-16,Canada,Vancouver
CUST-005339,Maya,Silva,maya.silva.5339@example.com,2025-08-06,United Arab Emirates,Abu Dhabi
CUST-005340,Aarav,Lee,aarav.lee.5340@example.com,2020-03-26,Singapore,Singapore
CUST-005341,Aarav,Thomas,aarav.thomas.5341@example.com,2024-03-26,United Kingdom,Birmingham
CUST-005342,Riya,Iyer,riya.iyer.5342@example.com,2023-07-06,India,Bengaluru
CUST-005343,Vikram,Wright,vikram.wright.5343@example.com,2025-07-28,Singapore,Singapore
CUST-005344,Priya,Das,priya.das.5344@example.com,2024-06-15,United States,Chicago
CUST-005345,Quinn,Wright,quinn.wright.5345@example.com,2021-10-17,United States,Seattle
CUST-005346,James,Brown,james.brown.5346@example.com,2022-01-27,United Kingdom,Manchester
CUST-005347,Sofia,Chen,sofia.chen.5347@example.com,2023-07-30,Singapore,Singapore
CUST-005348,Ben,Kapoor,ben.kapoor.5348@example.com,2026-05-12,United Kingdom,London
CUST-005349,Aarav,Costa,aarav.costa.5349@example.com,2024-06-23,India,Delhi
CUST-005350,Noah,Khan,noah.khan.5350@example.com,2021-07-02,United States,New York
CUST-005351,Quinn,Iyer,quinn.iyer.5351@example.com,2021-10-07,United Arab Emirates,Dubai
CUST-005352,Olivia,Kim,olivia.kim.5352@example.com,2020-10-19,India,Delhi
CUST-005353,Sofia,Thomas,sofia.thomas.5353@example.com,2024-08-08,Canada,Toronto
CUST-005354,Aditi,Garcia,aditi.garcia.5354@example.com,2023-07-25,United Arab Emirates,Abu Dhabi
CUST-005355,Uma,Wright,uma.wright.5355@example.com,2026-07-10,Germany,Munich
CUST-005356,Diego,Costa,diego.costa.5356@example.com,2025-03-12,United States,Austin
CUST-005357,Quinn,Costa,quinn.costa.5357@example.com,2023-04-30,United States,Austin
CUST-005358,Aditi,Costa,aditi.costa.5358@example.com,2020-11-07,Singapore,Singapore
CUST-005359,Riya,Lee,riya.lee.5359@example.com,2025-10-07,United Arab Emirates,Dubai
CUST-005360,Quinn,Wright,quinn.wright.5360@example.com,2023-10-23,United Arab Emirates,Dubai
CUST-005361,Chen,Johnson,chen.johnson.5361@example.com,2021-03-14,Germany,Berlin
CUST-005362,Quinn,Martin,quinn.martin.5362@example.com,2020-06-14,Canada,Toronto
CUST-005363,Emma,Ahmed,emma.ahmed.5363@example.com,2022-07-08,United Arab Emirates,Dubai
CUST-005364,Amelia,Silva,amelia.silva.5364@example.com,2020-12-08,Germany,Berlin
CUST-005365,Yara,Garcia,yara.garcia.5365@example.com,2021-12-09,India,Mumbai
CUST-005366,Hassan,Mehta,hassan.mehta.5366@example.com,2025-09-25,United Kingdom,Birmingham
CUST-005367,Sofia,Young,sofia.young.5367@example.com,2024-03-05,India,Chennai
CUST-005368,Aisha,Thomas,aisha.thomas.5368@example.com,2026-02-03,Singapore,Singapore
CUST-005369,Noah,Chen,noah.chen.5369@example.com,2023-05-05,Singapore,Singapore
CUST-005370,Arjun,Roy,arjun.roy.5370@example.com,2021-03-25,United Arab Emirates,Abu Dhabi
CUST-005371,Emma,Martin,emma.martin.5371@example.com,2020-08-27,United Arab Emirates,Abu Dhabi
CUST-005372,Fatima,Kim,fatima.kim.5372@example.com,2021-07-01,Canada,Toronto
CUST-005373,Aditi,Park,aditi.park.5373@example.com,2021-12-28,Singapore,Singapore
CUST-005374,Kavya,Lopez,kavya.lopez.5374@example.com,2025-05-21,United Arab Emirates,Dubai
CUST-005375,Wei,Singh,wei.singh.5375@example.com,2023-09-02,United Arab Emirates,Abu Dhabi
CUST-005376,Quinn,Muller,quinn.muller.5376@example.com,2024-06-23,United Kingdom,Birmingham
CUST-005377,Fatima,Roy,fatima.roy.5377@example.com,2021-05-01,Germany,Munich
CUST-005378,Tara,Garcia,tara.garcia.5378@example.com,2023-04-28,United States,Austin
CUST-005379,Arjun,Nair,arjun.nair.5379@example.com,2024-11-21,United States,Austin
CUST-005380,Ben,Khan,ben.khan.5380@example.com,2022-01-19,United States,New York
CUST-005381,Fatima,Das,fatima.das.5381@example.com,2020-07-05,India,Delhi
CUST-005382,Ben,Nair,ben.nair.5382@example.com,2025-12-18,United Kingdom,London
CUST-005383,Vikram,Nguyen,vikram.nguyen.5383@example.com,2025-06-12,United Kingdom,Birmingham
CUST-005384,Sofia,Young,sofia.young.5384@example.com,2021-04-03,United Arab Emirates,Dubai
CUST-005385,Leo,Thomas,leo.thomas.5385@example.com,2025-01-02,United Arab Emirates,Dubai
CUST-005386,Wei,Roy,wei.roy.5386@example.com,2026-08-05,Singapore,Singapore
CUST-005387,Olivia,Das,olivia.das.5387@example.com,2021-01-30,United Arab Emirates,Dubai
CUST-005388,Maya,Das,maya.das.5388@example.com,2021-03-30,United States,New York
CUST-005389,Aditi,Brown,aditi.brown.5389@example.com,2024-09-25,Singapore,Singapore
CUST-005390,Aarav,Mehta,aarav.mehta.5390@example.com,2021-11-19,Germany,Berlin
CUST-005391,Aditi,Sharma,aditi.sharma.5391@example.com,2022-03-16,United Kingdom,Birmingham
CUST-005392,Ben,Martin,ben.martin.5392@example.com,2022-03-03,United Kingdom,Birmingham
CUST-005393,Isha,Johnson,isha.johnson.5393@example.com,2021-01-29,Canada,Toronto
CUST-005394,Grace,Lopez,grace.lopez.5394@example.com,2023-08-30,India,Bengaluru
CUST-005395,Emma,Brown,emma.brown.5395@example.com,2022-08-20,United Arab Emirates,Dubai
CUST-005396,Sofia,Iyer,sofia.iyer.5396@example.com,2021-10-24,United Arab Emirates,Abu Dhabi
CUST-005397,Wei,Park,wei.park.5397@example.com,2021-12-01,United Arab Emirates,Dubai
CUST-005398,Aditi,Ali,aditi.ali.5398@example.com,2025-12-27,Singapore,Singapore
CUST-005399,Ben,Silva,ben.silva.5399@example.com,2024-11-21,Singapore,Singapore
CUST-005400,Yara,Brown,yara.brown.5400@example.com,2026-03-26,United States,Austin
CUST-005401,Zane,Thomas,zane.thomas.5401@example.com,2024-04-27,United Arab Emirates,Dubai
CUST-005402,Chen,Silva,chen.silva.5402@example.com,2024-07-27,Singapore,Singapore
CUST-005403,Maya,Singh,maya.singh.5403@example.com,2021-04-12,Germany,Munich
CUST-005404,Ben,Muller,ben.muller.5404@example.com,2021-03-05,Singapore,Singapore
CUST-005405,James,Martin,james.martin.5405@example.com,2021-03-21,United Kingdom,London
CUST-005406,Amelia,Johnson,amelia.johnson.5406@example.com,2025-09-02,United States,Austin
CUST-005407,Chen,Young,chen.young.5407@example.com,2021-09-16,United States,New York
CUST-005408,Riya,Martin,riya.martin.5408@example.com,2025-09-12,Canada,Toronto
CUST-005409,Hassan,Young,hassan.young.5409@example.com,2025-03-03,United States,New York
CUST-005410,Maya,Chen,maya.chen.5410@example.com,2020-03-22,United Kingdom,Manchester
CUST-005411,Zane,Chen,zane.chen.5411@example.com,2024-04-28,Singapore,Singapore
CUST-005412,Quinn,Patel,quinn.patel.5412@example.com,2024-02-25,Singapore,Singapore
CUST-005413,Aarav,Lopez,aarav.lopez.5413@example.com,2025-11-10,United Arab Emirates,Dubai
CUST-005414,Yara,Lopez,yara.lopez.5414@example.com,2022-12-27,Canada,Toronto
CUST-005415,Uma,Khan,uma.khan.5415@example.com,2021-06-05,United Arab Emirates,Abu Dhabi
CUST-005416,Priya,Ali,priya.ali.5416@example.com,2021-04-23,Singapore,Singapore
CUST-005417,Sofia,Wilson,sofia.wilson.5417@example.com,2021-03-29,Germany,Munich
CUST-005418,Olivia,Costa,olivia.costa.5418@example.com,2025-12-24,United Arab Emirates,Dubai
CUST-005419,Noah,Das,noah.das.5419@example.com,2023-12-04,United Kingdom,Birmingham
CUST-005420,Leo,Smith,leo.smith.5420@example.com,2020-03-09,Germany,Berlin
CUST-005421,Samir,Muller,samir.muller.5421@example.com,2024-02-18,Singapore,Singapore
CUST-005422,Noah,Muller,noah.muller.5422@example.com,2021-11-30,Canada,Vancouver
CUST-005423,Olivia,Silva,olivia.silva.5423@example.com,2021-07-20,India,Delhi
CUST-005424,Kavya,Johnson,kavya.johnson.5424@example.com,2025-09-08,United Kingdom,Birmingham
CUST-005425,Olivia,Young,olivia.young.5425@example.com,2023-11-07,United States,Seattle
CUST-005426,Diego,Nair,diego.nair.5426@example.com,2024-11-17,United Kingdom,Birmingham
CUST-005427,Quinn,Sharma,quinn.sharma.5427@example.com,2024-12-25,Canada,Vancouver
CUST-005428,Zane,Garcia,zane.garcia.5428@example.com,2020-04-02,United Arab Emirates,Abu Dhabi
CUST-005429,Emma,Lopez,emma.lopez.5429@example.com,2021-08-07,Singapore,Singapore
CUST-005430,James,Ahmed,james.ahmed.5430@example.com,2020-09-14,United Kingdom,Manchester
CUST-005431,Olivia,Nair,olivia.nair.5431@example.com,2025-06-07,Singapore,Singapore
CUST-005432,Noah,Sharma,noah.sharma.5432@example.com,2025-02-16,United Arab Emirates,Abu Dhabi
CUST-005433,Riya,Wright,riya.wright.5433@example.com,2022-11-10,Singapore,Singapore
CUST-005434,Riya,Nair,riya.nair.5434@example.com,2026-05-27,Canada,Vancouver
CUST-005435,Isha,Lee,isha.lee.5435@example.com,2025-09-16,India,Bengaluru
CUST-005436,Vikram,Nair,vikram.nair.5436@example.com,2025-08-26,Canada,Vancouver
CUST-005437,Arjun,Costa,arjun.costa.5437@example.com,2022-09-20,Singapore,Singapore
CUST-005438,Wei,Ali,wei.ali.5438@example.com,2023-11-07,United Arab Emirates,Dubai
CUST-005439,Isha,Mehta,isha.mehta.5439@example.com,2026-01-06,United Arab Emirates,Dubai
CUST-005440,Isha,Kim,isha.kim.5440@example.com,2026-07-21,Canada,Toronto
CUST-005441,Emma,Kim,emma.kim.5441@example.com,2020-02-10,United Kingdom,Birmingham
CUST-005442,Ben,Wright,ben.wright.5442@example.com,2025-10-09,Germany,Munich
CUST-005443,Zane,Sharma,zane.sharma.5443@example.com,2021-12-01,United Kingdom,London
CUST-005444,Wei,Young,wei.young.5444@example.com,2021-11-02,India,Hyderabad
CUST-005445,Aisha,Ali,aisha.ali.5445@example.com,2024-06-12,India,Hyderabad
CUST-005446,Fatima,Martin,fatima.martin.5446@example.com,2020-09-07,United Arab Emirates,Dubai
CUST-005447,Wei,Martin,wei.martin.5447@example.com,2023-01-13,United States,Seattle
CUST-005448,Hassan,Wilson,hassan.wilson.5448@example.com,2022-06-26,India,Mumbai
CUST-005449,Noah,Young,noah.young.5449@example.com,2026-06-05,United Arab Emirates,Dubai
CUST-005450,Yara,Wright,yara.wright.5450@example.com,2020-06-17,Canada,Vancouver
CUST-005451,Leo,Kim,leo.kim.5451@example.com,2026-01-24,Germany,Berlin
CUST-005452,Priya,Nair,priya.nair.5452@example.com,2025-04-24,Germany,Munich
CUST-005453,Wei,Thomas,wei.thomas.5453@example.com,2021-03-10,Germany,Munich
CUST-005454,James,Thomas,james.thomas.5454@example.com,2020-02-29,United States,Austin
CUST-005455,Sofia,Ali,sofia.ali.5455@example.com,2024-02-26,Canada,Toronto
CUST-005456,Aditi,Sharma,aditi.sharma.5456@example.com,2020-07-07,United States,Seattle
CUST-005457,Tara,Muller,tara.muller.5457@example.com,2024-07-09,Canada,Toronto
CUST-005458,Olivia,Young,olivia.young.5458@example.com,2023-12-28,Canada,Toronto
CUST-005459,Aarav,Kapoor,aarav.kapoor.5459@example.com,2024-05-05,United Kingdom,Manchester
CUST-005460,Arjun,Martin,arjun.martin.5460@example.com,2026-05-04,United Kingdom,London
CUST-005461,Wei,Ali,wei.ali.5461@example.com,2023-04-20,United Arab Emirates,Abu Dhabi
CUST-005462,Kavya,Ahmed,kavya.ahmed.5462@example.com,2025-08-20,India,Hyderabad
CUST-005463,Sofia,Mehta,sofia.mehta.5463@example.com,2021-04-29,India,Chennai
CUST-005464,Leo,Smith,leo.smith.5464@example.com,2020-05-23,Singapore,Singapore
CUST-005465,Arjun,Lopez,arjun.lopez.5465@example.com,2022-04-15,Canada,Vancouver
CUST-005466,Hassan,Young,hassan.young.5466@example.com,2021-05-18,Germany,Berlin
CUST-005467,Diego,Lee,diego.lee.5467@example.com,2023-05-26,United Kingdom,Manchester
CUST-005468,Aisha,Nair,aisha.nair.5468@example.com,2020-06-26,United Arab Emirates,Abu Dhabi
CUST-005469,Leo,Lee,leo.lee.5469@example.com,2023-11-05,Germany,Munich
CUST-005470,Noah,Young,noah.young.5470@example.com,2024-03-12,Singapore,Singapore
CUST-005471,Fatima,Patel,fatima.patel.5471@example.com,2021-08-03,Singapore,Singapore
CUST-005472,Arjun,Singh,arjun.singh.5472@example.com,2024-11-21,United Kingdom,Manchester
CUST-005473,Aisha,Singh,aisha.singh.5473@example.com,2021-12-31,Singapore,Singapore
CUST-005474,Yara,Smith,yara.smith.5474@example.com,2020-02-02,India,Delhi
CUST-005475,Diego,Johnson,diego.johnson.5475@example.com,2023-04-22,Germany,Munich
CUST-005476,Vikram,Sharma,vikram.sharma.5476@example.com,2025-08-05,United Kingdom,Manchester
CUST-005477,Leo,Young,leo.young.5477@example.com,2023-05-28,Singapore,Singapore
CUST-005478,Riya,Park,riya.park.5478@example.com,2024-03-05,United Kingdom,Birmingham
CUST-005479,Diego,Nair,diego.nair.5479@example.com,2023-08-29,Singapore,Singapore
CUST-005480,Arjun,Thomas,arjun.thomas.5480@example.com,2022-08-07,Canada,Toronto
CUST-005481,Grace,Sharma,grace.sharma.5481@example.com,2020-12-01,Singapore,Singapore
CUST-005482,Fatima,Singh,fatima.singh.5482@example.com,2023-11-25,Germany,Berlin
CUST-005483,Arjun,Smith,arjun.smith.5483@example.com,2020-08-18,Germany,Berlin
CUST-005484,Tara,Brown,tara.brown.5484@example.com,2021-06-07,Singapore,Singapore
CUST-005485,Amelia,Kapoor,amelia.kapoor.5485@example.com,2020-10-05,Canada,Vancouver
CUST-005486,Diego,Kapoor,diego.kapoor.5486@example.com,2021-08-09,Canada,Vancouver
CUST-005487,Leo,Smith,leo.smith.5487@example.com,2023-01-13,Singapore,Singapore
CUST-005488,Priya,Iyer,priya.iyer.5488@example.com,2023-08-07,United Arab Emirates,Abu Dhabi
CUST-005489,Noah,Singh,noah.singh.5489@example.com,2022-01-11,United States,Seattle
CUST-005490,Ben,Wright,ben.wright.5490@example.com,2023-11-19,Canada,Toronto
CUST-005491,Samir,Thomas,samir.thomas.5491@example.com,2021-02-19,United Kingdom,Manchester
CUST-005492,Arjun,Wilson,arjun.wilson.5492@example.com,2025-06-26,United Kingdom,Manchester
CUST-005493,Priya,Khan,priya.khan.5493@example.com,2020-09-29,Singapore,Singapore
CUST-005494,Grace,Kapoor,grace.kapoor.5494@example.com,2025-12-07,India,Mumbai
CUST-005495,Hassan,Kim,hassan.kim.5495@example.com,2021-01-14,United Arab Emirates,Abu Dhabi
CUST-005496,Kavya,Ali,kavya.ali.5496@example.com,2023-01-07,United Kingdom,Manchester
CUST-005497,Diego,Roy,diego.roy.5497@example.com,2022-05-29,United Kingdom,Manchester
CUST-005498,Uma,Garcia,uma.garcia.5498@example.com,2024-11-30,United Kingdom,Birmingham
CUST-005499,Tara,Mehta,tara.mehta.5499@example.com,2023-04-26,Canada,Toronto
CUST-005500,Wei,Park,wei.park.5500@example.com,2025-03-04,Canada,Toronto
CUST-005501,Hassan,Ahmed,hassan.ahmed.5501@example.com,2026-05-28,United Kingdom,Manchester
CUST-005502,Chen,Lee,chen.lee.5502@example.com,2022-04-12,United Kingdom,London
CUST-005503,Grace,Brown,grace.brown.5503@example.com,2025-09-22,Singapore,Singapore
CUST-005504,Diego,Johnson,diego.johnson.5504@example.com,2025-12-10,India,Bengaluru
CUST-005505,James,Khan,james.khan.5505@example.com,2020-10-08,Canada,Toronto
CUST-005506,Diego,Silva,diego.silva.5506@example.com,2025-11-04,Germany,Berlin
CUST-005507,James,Kapoor,james.kapoor.5507@example.com,2025-10-02,India,Hyderabad
CUST-005508,Maya,Martin,maya.martin.5508@example.com,2026-03-30,United States,New York
CUST-005509,Hassan,Park,hassan.park.5509@example.com,2025-05-19,United States,Chicago
CUST-005510,Chen,Sharma,chen.sharma.5510@example.com,2026-03-22,United Kingdom,Manchester
CUST-005511,Ben,Singh,ben.singh.5511@example.com,2020-09-13,Germany,Munich
CUST-005512,Ben,Nguyen,ben.nguyen.5512@example.com,2023-06-06,Singapore,Singapore
CUST-005513,Grace,Silva,grace.silva.5513@example.com,2022-05-21,Germany,Munich
CUST-005514,Tara,Brown,tara.brown.5514@example.com,2025-09-27,Singapore,Singapore
CUST-005515,Arjun,Wilson,arjun.wilson.5515@example.com,2021-03-15,United Arab Emirates,Abu Dhabi
CUST-005516,James,Wright,james.wright.5516@example.com,2022-02-09,Singapore,Singapore
CUST-005517,Emma,Thomas,emma.thomas.5517@example.com,2025-07-26,Singapore,Singapore
CUST-005518,Tara,Chen,tara.chen.5518@example.com,2024-03-31,Singapore,Singapore
CUST-005519,Olivia,Park,olivia.park.5519@example.com,2026-08-08,Singapore,Singapore
CUST-005520,Fatima,Brown,fatima.brown.5520@example.com,2024-06-10,United States,Austin
CUST-005521,Olivia,Nair,olivia.nair.5521@example.com,2022-11-18,United Arab Emirates,Abu Dhabi
CUST-005522,Quinn,Park,quinn.park.5522@example.com,2022-12-09,Singapore,Singapore
CUST-005523,Aditi,Nair,aditi.nair.5523@example.com,2026-06-13,United Arab Emirates,Dubai
CUST-005524,Samir,Patel,samir.patel.5524@example.com,2020-07-16,India,Chennai
CUST-005525,Priya,Martin,priya.martin.5525@example.com,2025-05-18,United Kingdom,London
CUST-005526,Olivia,Sharma,olivia.sharma.5526@example.com,2022-08-16,United Arab Emirates,Abu Dhabi
CUST-005527,Ben,Nguyen,ben.nguyen.5527@example.com,2020-12-14,Germany,Munich
CUST-005528,Riya,Wilson,riya.wilson.5528@example.com,2023-03-23,United Kingdom,London
CUST-005529,Quinn,Kim,quinn.kim.5529@example.com,2023-02-08,Singapore,Singapore
CUST-005530,Priya,Roy,priya.roy.5530@example.com,2025-02-18,Canada,Vancouver
CUST-005531,Kavya,Smith,kavya.smith.5531@example.com,2024-02-28,United Arab Emirates,Abu Dhabi
CUST-005532,Grace,Lopez,grace.lopez.5532@example.com,2026-05-27,Germany,Munich
CUST-005533,Uma,Wilson,uma.wilson.5533@example.com,2025-10-24,United States,New York
CUST-005534,Wei,Ahmed,wei.ahmed.5534@example.com,2022-01-03,India,Bengaluru
CUST-005535,Amelia,Ali,amelia.ali.5535@example.com,2026-07-19,Germany,Munich
CUST-005536,Tara,Martin,tara.martin.5536@example.com,2020-10-30,United Arab Emirates,Dubai
CUST-005537,Fatima,Wilson,fatima.wilson.5537@example.com,2022-02-07,United Arab Emirates,Abu Dhabi
CUST-005538,Zane,Khan,zane.khan.5538@example.com,2020-02-28,Singapore,Singapore
CUST-005539,Uma,Ahmed,uma.ahmed.5539@example.com,2023-05-10,United Arab Emirates,Abu Dhabi
CUST-005540,Sofia,Singh,sofia.singh.5540@example.com,2021-02-09,Canada,Vancouver
CUST-005541,Vikram,Kapoor,vikram.kapoor.5541@example.com,2024-10-08,United States,Chicago
CUST-005542,Uma,Thomas,uma.thomas.5542@example.com,2025-11-12,United States,Chicago
CUST-005543,Maya,Nguyen,maya.nguyen.5543@example.com,2022-01-16,India,Bengaluru
CUST-005544,Quinn,Sharma,quinn.sharma.5544@example.com,2025-12-03,United States,Seattle
CUST-005545,Uma,Costa,uma.costa.5545@example.com,2026-01-05,Canada,Toronto
CUST-005546,Uma,Khan,uma.khan.5546@example.com,2022-10-03,United Arab Emirates,Abu Dhabi
CUST-005547,Wei,Martin,wei.martin.5547@example.com,2023-01-31,India,Delhi
CUST-005548,Olivia,Sharma,olivia.sharma.5548@example.com,2020-04-02,Canada,Toronto
CUST-005549,Wei,Nguyen,wei.nguyen.5549@example.com,2025-03-31,Singapore,Singapore
CUST-005550,Hassan,Singh,hassan.singh.5550@example.com,2026-04-13,United States,Chicago
CUST-005551,Sofia,Costa,sofia.costa.5551@example.com,2022-04-30,United Arab Emirates,Dubai
CUST-005552,Wei,Park,wei.park.5552@example.com,2021-01-01,United Kingdom,Birmingham
CUST-005553,Wei,Wright,wei.wright.5553@example.com,2025-08-28,United Kingdom,Birmingham
CUST-005554,Uma,Sharma,uma.sharma.5554@example.com,2025-03-18,Canada,Toronto
CUST-005555,Uma,Silva,uma.silva.5555@example.com,2023-07-28,Germany,Berlin
CUST-005556,Aisha,Wright,aisha.wright.5556@example.com,2020-03-22,Singapore,Singapore
CUST-005557,Arjun,Ahmed,arjun.ahmed.5557@example.com,2026-07-22,United States,New York
CUST-005558,Aarav,Brown,aarav.brown.5558@example.com,2025-12-21,Canada,Toronto
CUST-005559,Yara,Ahmed,yara.ahmed.5559@example.com,2023-06-13,Singapore,Singapore
CUST-005560,Quinn,Thomas,quinn.thomas.5560@example.com,2023-12-02,United Kingdom,London
CUST-005561,Diego,Mehta,diego.mehta.5561@example.com,2020-06-22,Singapore,Singapore
CUST-005562,Samir,Wilson,samir.wilson.5562@example.com,2025-12-31,United Kingdom,London
CUST-005563,Yara,Wilson,yara.wilson.5563@example.com,2021-05-18,Germany,Berlin
CUST-005564,Fatima,Singh,fatima.singh.5564@example.com,2021-07-09,India,Delhi
CUST-005565,Chen,Das,chen.das.5565@example.com,2022-04-26,Singapore,Singapore
CUST-005566,Amelia,Young,amelia.young.5566@example.com,2025-12-14,United Kingdom,Manchester
CUST-005567,Chen,Muller,chen.muller.5567@example.com,2024-07-04,Canada,Toronto
CUST-005568,Sofia,Ali,sofia.ali.5568@example.com,2022-06-07,India,Delhi
CUST-005569,Maya,Mehta,maya.mehta.5569@example.com,2024-06-30,United Arab Emirates,Dubai
CUST-005570,Chen,Iyer,chen.iyer.5570@example.com,2020-09-04,United States,New York
CUST-005571,Quinn,Singh,quinn.singh.5571@example.com,2023-08-10,United Arab Emirates,Abu Dhabi
CUST-005572,Amelia,Iyer,amelia.iyer.5572@example.com,2023-04-10,Germany,Munich
CUST-005573,Riya,Brown,riya.brown.5573@example.com,2023-10-01,India,Hyderabad
CUST-005574,Wei,Muller,wei.muller.5574@example.com,2026-07-23,United States,Chicago
CUST-005575,Olivia,Smith,olivia.smith.5575@example.com,2023-11-21,United Kingdom,London
CUST-005576,Arjun,Muller,arjun.muller.5576@example.com,2022-10-05,United Kingdom,Manchester
CUST-005577,Riya,Nair,riya.nair.5577@example.com,2021-07-02,India,Chennai
CUST-005578,Sofia,Brown,sofia.brown.5578@example.com,2025-06-14,Singapore,Singapore
CUST-005579,Kavya,Sharma,kavya.sharma.5579@example.com,2021-10-10,Canada,Vancouver
CUST-005580,Uma,Lopez,uma.lopez.5580@example.com,2024-08-05,Singapore,Singapore
CUST-005581,Grace,Kapoor,grace.kapoor.5581@example.com,2023-04-23,United States,Austin
CUST-005582,Maya,Khan,maya.khan.5582@example.com,2022-11-10,Singapore,Singapore
CUST-005583,Amelia,Silva,amelia.silva.5583@example.com,2024-08-15,Germany,Berlin
CUST-005584,Aditi,Young,aditi.young.5584@example.com,2025-03-06,India,Delhi
CUST-005585,Quinn,Young,quinn.young.5585@example.com,2023-10-03,United States,Seattle
CUST-005586,James,Silva,james.silva.5586@example.com,2020-06-24,United Kingdom,Manchester
CUST-005587,Arjun,Patel,arjun.patel.5587@example.com,2026-04-13,United States,New York
CUST-005588,Aisha,Chen,aisha.chen.5588@example.com,2020-02-03,United States,Seattle
CUST-005589,Aisha,Chen,aisha.chen.5589@example.com,2022-05-04,Singapore,Singapore
CUST-005590,Aisha,Kapoor,aisha.kapoor.5590@example.com,2025-09-16,Canada,Toronto
CUST-005591,Emma,Lopez,emma.lopez.5591@example.com,2023-01-13,United Kingdom,Manchester
CUST-005592,Arjun,Wilson,arjun.wilson.5592@example.com,2026-06-29,Canada,Toronto
CUST-005593,Olivia,Singh,olivia.singh.5593@example.com,2022-05-15,Canada,Toronto
CUST-005594,Olivia,Costa,olivia.costa.5594@example.com,2020-07-02,United Arab Emirates,Abu Dhabi
CUST-005595,Leo,Muller,leo.muller.5595@example.com,2020-01-15,United Kingdom,Birmingham
CUST-005596,Ben,Smith,ben.smith.5596@example.com,2026-01-06,United Arab Emirates,Abu Dhabi
CUST-005597,Priya,Wilson,priya.wilson.5597@example.com,2023-01-09,Singapore,Singapore
CUST-005598,Uma,Iyer,uma.iyer.5598@example.com,2022-08-29,India,Delhi
CUST-005599,Noah,Mehta,noah.mehta.5599@example.com,2021-07-10,Singapore,Singapore
CUST-005600,Arjun,Ali,arjun.ali.5600@example.com,2022-03-16,United Kingdom,London
CUST-005601,Quinn,Costa,quinn.costa.5601@example.com,2026-03-14,Canada,Toronto
CUST-005602,Vikram,Nguyen,vikram.nguyen.5602@example.com,2024-04-20,Canada,Vancouver
CUST-005603,Uma,Mehta,uma.mehta.5603@example.com,2020-05-23,Canada,Toronto
CUST-005604,Fatima,Johnson,fatima.johnson.5604@example.com,2025-08-25,United Arab Emirates,Dubai
CUST-005605,Maya,Chen,maya.chen.5605@example.com,2026-02-24,United States,Chicago
CUST-005606,Kavya,Lopez,kavya.lopez.5606@example.com,2024-01-11,Germany,Berlin
CUST-005607,Tara,Brown,tara.brown.5607@example.com,2024-07-15,United States,Seattle
CUST-005608,Uma,Chen,uma.chen.5608@example.com,2020-02-27,Singapore,Singapore
CUST-005609,Arjun,Brown,arjun.brown.5609@example.com,2020-02-04,Germany,Berlin
CUST-005610,Priya,Kapoor,priya.kapoor.5610@example.com,2023-11-30,India,Bengaluru
CUST-005611,Maya,Silva,maya.silva.5611@example.com,2024-09-12,Germany,Berlin
CUST-005612,Ben,Martin,ben.martin.5612@example.com,2024-06-09,United States,Austin
CUST-005613,Hassan,Lee,hassan.lee.5613@example.com,2021-11-14,Canada,Toronto
CUST-005614,Sofia,Lee,sofia.lee.5614@example.com,2021-11-28,India,Bengaluru
CUST-005615,Zane,Khan,zane.khan.5615@example.com,2020-05-22,United Arab Emirates,Abu Dhabi
CUST-005616,Kavya,Ali,kavya.ali.5616@example.com,2020-01-30,United States,Seattle
CUST-005617,Uma,Lee,uma.lee.5617@example.com,2020-03-21,India,Mumbai
CUST-005618,Samir,Das,samir.das.5618@example.com,2023-01-19,Singapore,Singapore
CUST-005619,Olivia,Johnson,olivia.johnson.5619@example.com,2023-01-13,United States,Seattle
CUST-005620,Uma,Brown,uma.brown.5620@example.com,2026-03-06,Canada,Toronto
CUST-005621,Aditi,Nair,aditi.nair.5621@example.com,2023-06-21,Singapore,Singapore
CUST-005622,Quinn,Kapoor,quinn.kapoor.5622@example.com,2021-08-13,United States,Seattle
CUST-005623,Noah,Ali,noah.ali.5623@example.com,2026-08-02,India,Chennai
CUST-005624,Leo,Garcia,leo.garcia.5624@example.com,2024-05-15,Germany,Munich
CUST-005625,Yara,Kapoor,yara.kapoor.5625@example.com,2024-07-24,United Arab Emirates,Dubai
CUST-005626,Ben,Smith,ben.smith.5626@example.com,2020-11-16,United Kingdom,Manchester
CUST-005627,Wei,Kim,wei.kim.5627@example.com,2021-08-13,Canada,Toronto
CUST-005628,Fatima,Sharma,fatima.sharma.5628@example.com,2022-05-26,United Kingdom,London
CUST-005629,James,Nguyen,james.nguyen.5629@example.com,2025-12-25,India,Chennai
CUST-005630,Aditi,Patel,aditi.patel.5630@example.com,2023-06-05,United States,Chicago
CUST-005631,Maya,Costa,maya.costa.5631@example.com,2024-04-11,India,Bengaluru
CUST-005632,Aditi,Chen,aditi.chen.5632@example.com,2021-09-03,India,Chennai
CUST-005633,Isha,Ali,isha.ali.5633@example.com,2021-11-26,Germany,Berlin
CUST-005634,Sofia,Kapoor,sofia.kapoor.5634@example.com,2020-05-23,United States,New York
CUST-005635,Priya,Singh,priya.singh.5635@example.com,2022-08-26,Canada,Vancouver
CUST-005636,Zane,Park,zane.park.5636@example.com,2021-07-09,Singapore,Singapore
CUST-005637,Olivia,Iyer,olivia.iyer.5637@example.com,2024-08-03,United States,New York
CUST-005638,Aarav,Singh,aarav.singh.5638@example.com,2025-05-02,Singapore,Singapore
CUST-005639,Aarav,Patel,aarav.patel.5639@example.com,2025-07-20,India,Bengaluru
CUST-005640,Aisha,Singh,aisha.singh.5640@example.com,2026-04-25,Canada,Toronto
CUST-005641,Aarav,Park,aarav.park.5641@example.com,2022-06-04,Singapore,Singapore
CUST-005642,Amelia,Johnson,amelia.johnson.5642@example.com,2020-05-21,Canada,Vancouver
CUST-005643,Ben,Smith,ben.smith.5643@example.com,2021-03-23,India,Bengaluru
CUST-005644,Noah,Silva,noah.silva.5644@example.com,2026-05-08,Singapore,Singapore
CUST-005645,Tara,Wilson,tara.wilson.5645@example.com,2020-11-05,Singapore,Singapore
CUST-005646,Leo,Garcia,leo.garcia.5646@example.com,2021-05-06,United States,New York
CUST-005647,Vikram,Silva,vikram.silva.5647@example.com,2023-07-19,United Kingdom,Birmingham
CUST-005648,Uma,Lee,uma.lee.5648@example.com,2024-07-27,Germany,Berlin
CUST-005649,Leo,Nguyen,leo.nguyen.5649@example.com,2021-11-15,United Arab Emirates,Dubai
CUST-005650,Leo,Silva,leo.silva.5650@example.com,2025-02-05,India,Delhi
CUST-005651,Fatima,Brown,fatima.brown.5651@example.com,2020-08-08,Singapore,Singapore
CUST-005652,Wei,Brown,wei.brown.5652@example.com,2023-05-20,Canada,Vancouver
CUST-005653,Yara,Park,yara.park.5653@example.com,2022-01-22,United States,Seattle
CUST-005654,Aisha,Khan,aisha.khan.5654@example.com,2024-06-15,Germany,Berlin
CUST-005655,Aisha,Singh,aisha.singh.5655@example.com,2022-05-29,United States,Seattle
CUST-005656,Uma,Khan,uma.khan.5656@example.com,2020-03-10,United States,Seattle
CUST-005657,Fatima,Mehta,fatima.mehta.5657@example.com,2025-01-01,Canada,Vancouver
CUST-005658,Zane,Smith,zane.smith.5658@example.com,2020-04-02,Singapore,Singapore
CUST-005659,Riya,Smith,riya.smith.5659@example.com,2023-12-17,Singapore,Singapore
CUST-005660,Arjun,Brown,arjun.brown.5660@example.com,2025-04-10,United States,Chicago
CUST-005661,Amelia,Lopez,amelia.lopez.5661@example.com,2023-05-14,Singapore,Singapore
CUST-005662,Riya,Garcia,riya.garcia.5662@example.com,2023-11-13,United Kingdom,Birmingham
CUST-005663,Hassan,Ahmed,hassan.ahmed.5663@example.com,2023-12-07,United Arab Emirates,Dubai
CUST-005664,Isha,Patel,isha.patel.5664@example.com,2021-03-09,United States,New York
CUST-005665,Olivia,Wright,olivia.wright.5665@example.com,2023-08-02,India,Chennai
CUST-005666,Olivia,Kapoor,olivia.kapoor.5666@example.com,2021-01-07,Canada,Toronto
CUST-005667,Vikram,Costa,vikram.costa.5667@example.com,2024-07-15,United Arab Emirates,Abu Dhabi
CUST-005668,Tara,Nair,tara.nair.5668@example.com,2026-01-03,Canada,Vancouver
CUST-005669,Emma,Chen,emma.chen.5669@example.com,2024-10-18,United Arab Emirates,Abu Dhabi
CUST-005670,Aisha,Johnson,aisha.johnson.5670@example.com,2024-04-02,Singapore,Singapore
CUST-005671,Sofia,Sharma,sofia.sharma.5671@example.com,2025-11-22,United Arab Emirates,Abu Dhabi
CUST-005672,Fatima,Ali,fatima.ali.5672@example.com,2020-04-06,United Kingdom,Birmingham
CUST-005673,Tara,Brown,tara.brown.5673@example.com,2026-04-02,Singapore,Singapore
CUST-005674,Olivia,Nguyen,olivia.nguyen.5674@example.com,2020-05-13,United Arab Emirates,Abu Dhabi
CUST-005675,Fatima,Nair,fatima.nair.5675@example.com,2026-05-12,Canada,Toronto
CUST-005676,Amelia,Costa,amelia.costa.5676@example.com,2020-06-27,United Kingdom,London
CUST-005677,Isha,Ahmed,isha.ahmed.5677@example.com,2025-12-07,Germany,Berlin
CUST-005678,Isha,Nair,isha.nair.5678@example.com,2021-06-07,Germany,Berlin
CUST-005679,Vikram,Singh,vikram.singh.5679@example.com,2023-02-15,United States,Seattle
CUST-005680,Maya,Costa,maya.costa.5680@example.com,2025-01-13,United Kingdom,London
CUST-005681,Maya,Smith,maya.smith.5681@example.com,2022-07-06,India,Chennai
CUST-005682,Maya,Costa,maya.costa.5682@example.com,2023-01-28,United Kingdom,Manchester
CUST-005683,Ben,Garcia,ben.garcia.5683@example.com,2020-02-09,Germany,Berlin
CUST-005684,Amelia,Smith,amelia.smith.5684@example.com,2025-07-06,United States,Austin
CUST-005685,Yara,Sharma,yara.sharma.5685@example.com,2023-09-08,United Kingdom,London
CUST-005686,Zane,Johnson,zane.johnson.5686@example.com,2022-06-11,Canada,Toronto
CUST-005687,Aditi,Sharma,aditi.sharma.5687@example.com,2026-02-24,India,Chennai
CUST-005688,Isha,Brown,isha.brown.5688@example.com,2023-04-09,Canada,Vancouver
CUST-005689,Kavya,Brown,kavya.brown.5689@example.com,2021-03-31,United Arab Emirates,Dubai
CUST-005690,Aarav,Wilson,aarav.wilson.5690@example.com,2026-05-30,United Arab Emirates,Dubai
CUST-005691,Arjun,Lee,arjun.lee.5691@example.com,2024-07-21,India,Mumbai
CUST-005692,Aarav,Ahmed,aarav.ahmed.5692@example.com,2021-01-13,Canada,Vancouver
CUST-005693,Olivia,Roy,olivia.roy.5693@example.com,2021-09-15,Germany,Berlin
CUST-005694,Aisha,Wright,aisha.wright.5694@example.com,2022-04-05,Singapore,Singapore
CUST-005695,Tara,Silva,tara.silva.5695@example.com,2025-12-18,United Arab Emirates,Abu Dhabi
CUST-005696,Tara,Das,tara.das.5696@example.com,2020-07-02,United Arab Emirates,Abu Dhabi
CUST-005697,Aarav,Martin,aarav.martin.5697@example.com,2023-10-11,Canada,Vancouver
CUST-005698,Noah,Silva,noah.silva.5698@example.com,2026-02-21,India,Hyderabad
CUST-005699,Leo,Lee,leo.lee.5699@example.com,2022-09-30,Singapore,Singapore
CUST-005700,Aditi,Sharma,aditi.sharma.5700@example.com,2026-08-11,United Arab Emirates,Abu Dhabi
CUST-005701,Riya,Brown,riya.brown.5701@example.com,2024-11-14,United States,New York
CUST-005702,Zane,Nguyen,zane.nguyen.5702@example.com,2022-09-27,Germany,Munich
CUST-005703,Amelia,Kapoor,amelia.kapoor.5703@example.com,2025-11-13,India,Mumbai
CUST-005704,Grace,Khan,grace.khan.5704@example.com,2026-03-24,Germany,Munich
CUST-005705,Samir,Lee,samir.lee.5705@example.com,2025-08-15,United Kingdom,London
CUST-005706,Uma,Ahmed,uma.ahmed.5706@example.com,2023-06-19,Canada,Toronto
CUST-005707,Aarav,Johnson,aarav.johnson.5707@example.com,2022-11-30,Germany,Berlin
CUST-005708,Amelia,Iyer,amelia.iyer.5708@example.com,2023-08-19,United States,Austin
CUST-005709,Emma,Costa,emma.costa.5709@example.com,2020-05-02,Singapore,Singapore
CUST-005710,Grace,Muller,grace.muller.5710@example.com,2022-10-22,United Arab Emirates,Abu Dhabi
CUST-005711,Olivia,Young,olivia.young.5711@example.com,2023-01-24,Germany,Munich
CUST-005712,James,Ali,james.ali.5712@example.com,2020-08-07,United States,New York
CUST-005713,Aditi,Martin,aditi.martin.5713@example.com,2022-12-29,United States,New York
CUST-005714,Vikram,Garcia,vikram.garcia.5714@example.com,2026-01-17,Germany,Berlin
CUST-005715,Samir,Wilson,samir.wilson.5715@example.com,2021-07-18,United States,Austin
CUST-005716,Maya,Ali,maya.ali.5716@example.com,2023-03-29,United Arab Emirates,Dubai
CUST-005717,Aisha,Young,aisha.young.5717@example.com,2021-07-30,Singapore,Singapore
CUST-005718,Maya,Iyer,maya.iyer.5718@example.com,2020-10-13,United Arab Emirates,Abu Dhabi
CUST-005719,Emma,Das,emma.das.5719@example.com,2021-07-10,United Kingdom,Manchester
CUST-005720,Diego,Park,diego.park.5720@example.com,2022-02-28,United Kingdom,Manchester
CUST-005721,Fatima,Smith,fatima.smith.5721@example.com,2023-11-11,United States,Chicago
CUST-005722,Aarav,Sharma,aarav.sharma.5722@example.com,2020-12-23,United Kingdom,London
CUST-005723,Priya,Nguyen,priya.nguyen.5723@example.com,2026-04-12,Canada,Toronto
CUST-005724,Noah,Das,noah.das.5724@example.com,2021-03-15,United Kingdom,Birmingham
CUST-005725,Arjun,Wright,arjun.wright.5725@example.com,2020-10-11,Singapore,Singapore
CUST-005726,Vikram,Lopez,vikram.lopez.5726@example.com,2023-11-18,United Kingdom,Birmingham
CUST-005727,Aarav,Kim,aarav.kim.5727@example.com,2024-06-16,Germany,Berlin
CUST-005728,Zane,Patel,zane.patel.5728@example.com,2025-03-18,India,Chennai
CUST-005729,Ben,Brown,ben.brown.5729@example.com,2022-12-19,India,Hyderabad
CUST-005730,James,Sharma,james.sharma.5730@example.com,2020-12-15,India,Bengaluru
CUST-005731,Noah,Brown,noah.brown.5731@example.com,2021-08-10,United Arab Emirates,Abu Dhabi
CUST-005732,Amelia,Sharma,amelia.sharma.5732@example.com,2021-12-20,India,Bengaluru
CUST-005733,Zane,Garcia,zane.garcia.5733@example.com,2024-10-15,United Arab Emirates,Dubai
CUST-005734,Hassan,Khan,hassan.khan.5734@example.com,2020-04-30,United States,Seattle
CUST-005735,Noah,Das,noah.das.5735@example.com,2020-02-17,United Kingdom,Manchester
CUST-005736,Tara,Costa,tara.costa.5736@example.com,2023-08-24,Singapore,Singapore
CUST-005737,Wei,Roy,wei.roy.5737@example.com,2022-11-25,Germany,Munich
CUST-005738,Isha,Mehta,isha.mehta.5738@example.com,2023-06-05,India,Bengaluru
CUST-005739,Zane,Garcia,zane.garcia.5739@example.com,2024-09-12,Singapore,Singapore
CUST-005740,Yara,Lopez,yara.lopez.5740@example.com,2024-04-17,United Kingdom,London
CUST-005741,Arjun,Nair,arjun.nair.5741@example.com,2023-09-25,India,Bengaluru
CUST-005742,Aarav,Iyer,aarav.iyer.5742@example.com,2022-04-19,Singapore,Singapore
CUST-005743,Leo,Thomas,leo.thomas.5743@example.com,2022-11-28,United States,Austin
CUST-005744,Hassan,Martin,hassan.martin.5744@example.com,2020-12-06,Singapore,Singapore
CUST-005745,James,Martin,james.martin.5745@example.com,2021-10-30,United States,Seattle
CUST-005746,Uma,Nguyen,uma.nguyen.5746@example.com,2021-05-31,Germany,Munich
CUST-005747,Riya,Smith,riya.smith.5747@example.com,2025-01-29,Singapore,Singapore
CUST-005748,Maya,Muller,maya.muller.5748@example.com,2024-09-09,Canada,Vancouver
CUST-005749,Sofia,Iyer,sofia.iyer.5749@example.com,2024-06-27,Germany,Berlin
CUST-005750,Yara,Garcia,yara.garcia.5750@example.com,2020-11-09,United Kingdom,Birmingham
CUST-005751,Zane,Ali,zane.ali.5751@example.com,2026-02-13,Singapore,Singapore
CUST-005752,Maya,Thomas,maya.thomas.5752@example.com,2023-01-09,Canada,Vancouver
CUST-005753,Leo,Ali,leo.ali.5753@example.com,2020-11-25,Canada,Toronto
CUST-005754,Olivia,Patel,olivia.patel.5754@example.com,2022-04-30,Germany,Munich
CUST-005755,Aarav,Patel,aarav.patel.5755@example.com,2021-03-21,Singapore,Singapore
CUST-005756,Maya,Ahmed,maya.ahmed.5756@example.com,2023-05-19,Singapore,Singapore
CUST-005757,Aisha,Brown,aisha.brown.5757@example.com,2023-01-18,United Kingdom,London
CUST-005758,Fatima,Patel,fatima.patel.5758@example.com,2024-09-13,United Kingdom,Birmingham
CUST-005759,Uma,Muller,uma.muller.5759@example.com,2021-09-16,United Arab Emirates,Dubai
CUST-005760,Aisha,Khan,aisha.khan.5760@example.com,2024-11-07,United Kingdom,Manchester
CUST-005761,Priya,Mehta,priya.mehta.5761@example.com,2023-12-30,Canada,Toronto
CUST-005762,Hassan,Lee,hassan.lee.5762@example.com,2021-12-05,United Arab Emirates,Dubai
CUST-005763,Isha,Wright,isha.wright.5763@example.com,2023-02-06,Germany,Munich
CUST-005764,Quinn,Silva,quinn.silva.5764@example.com,2021-05-21,India,Mumbai
CUST-005765,Riya,Das,riya.das.5765@example.com,2025-07-12,United Arab Emirates,Dubai
CUST-005766,Noah,Martin,noah.martin.5766@example.com,2025-12-15,India,Bengaluru
CUST-005767,Kavya,Brown,kavya.brown.5767@example.com,2024-10-23,India,Bengaluru
CUST-005768,Fatima,Brown,fatima.brown.5768@example.com,2026-07-31,United Kingdom,Manchester
CUST-005769,Maya,Thomas,maya.thomas.5769@example.com,2025-08-21,Canada,Toronto
CUST-005770,Tara,Khan,tara.khan.5770@example.com,2025-10-17,United Arab Emirates,Abu Dhabi
CUST-005771,Olivia,Park,olivia.park.5771@example.com,2026-01-07,Singapore,Singapore
CUST-005772,Isha,Muller,isha.muller.5772@example.com,2020-03-15,United Kingdom,Manchester
CUST-005773,Yara,Nguyen,yara.nguyen.5773@example.com,2021-02-16,Canada,Toronto
CUST-005774,Ben,Khan,ben.khan.5774@example.com,2024-02-28,United States,Seattle
CUST-005775,Chen,Wright,chen.wright.5775@example.com,2023-02-16,Germany,Berlin
CUST-005776,Vikram,Mehta,vikram.mehta.5776@example.com,2022-10-09,United States,New York
CUST-005777,Arjun,Das,arjun.das.5777@example.com,2020-07-27,Singapore,Singapore
CUST-005778,Priya,Mehta,priya.mehta.5778@example.com,2024-10-02,United Arab Emirates,Dubai
CUST-005779,Wei,Brown,wei.brown.5779@example.com,2021-08-05,Singapore,Singapore
CUST-005780,Samir,Mehta,samir.mehta.5780@example.com,2025-08-31,Germany,Munich
CUST-005781,Aditi,Patel,aditi.patel.5781@example.com,2021-10-30,United States,New York
CUST-005782,Samir,Johnson,samir.johnson.5782@example.com,2025-01-03,India,Chennai
CUST-005783,Wei,Ahmed,wei.ahmed.5783@example.com,2020-07-21,United Arab Emirates,Dubai
CUST-005784,Amelia,Park,amelia.park.5784@example.com,2020-05-12,United Kingdom,London
CUST-005785,Chen,Kim,chen.kim.5785@example.com,2021-04-23,Singapore,Singapore
CUST-005786,Arjun,Roy,arjun.roy.5786@example.com,2025-07-26,Germany,Berlin
CUST-005787,Olivia,Silva,olivia.silva.5787@example.com,2026-03-22,Singapore,Singapore
CUST-005788,Aditi,Roy,aditi.roy.5788@example.com,2021-03-05,Germany,Munich
CUST-005789,Zane,Kapoor,zane.kapoor.5789@example.com,2023-12-24,United States,New York
CUST-005790,Tara,Wilson,tara.wilson.5790@example.com,2021-02-07,United Kingdom,Birmingham
CUST-005791,Quinn,Kim,quinn.kim.5791@example.com,2025-03-26,Canada,Vancouver
CUST-005792,Yara,Iyer,yara.iyer.5792@example.com,2021-05-08,India,Mumbai
CUST-005793,Chen,Ali,chen.ali.5793@example.com,2022-07-04,United Kingdom,Manchester
CUST-005794,Maya,Smith,maya.smith.5794@example.com,2021-05-03,Germany,Berlin
CUST-005795,Leo,Kapoor,leo.kapoor.5795@example.com,2026-04-05,United States,Chicago
CUST-005796,Maya,Mehta,maya.mehta.5796@example.com,2025-04-15,India,Bengaluru
CUST-005797,Uma,Ali,uma.ali.5797@example.com,2020-08-18,United Arab Emirates,Dubai
CUST-005798,Kavya,Nguyen,kavya.nguyen.5798@example.com,2021-03-09,Singapore,Singapore
CUST-005799,Aarav,Martin,aarav.martin.5799@example.com,2025-09-28,Germany,Berlin
CUST-005800,Uma,Nair,uma.nair.5800@example.com,2021-09-25,Singapore,Singapore
CUST-005801,Zane,Johnson,zane.johnson.5801@example.com,2026-08-05,Germany,Munich
CUST-005802,Emma,Chen,emma.chen.5802@example.com,2021-05-09,Singapore,Singapore
CUST-005803,Leo,Singh,leo.singh.5803@example.com,2022-07-17,Canada,Toronto
CUST-005804,Kavya,Young,kavya.young.5804@example.com,2026-04-11,Singapore,Singapore
CUST-005805,Zane,Young,zane.young.5805@example.com,2022-01-15,India,Delhi
CUST-005806,Noah,Sharma,noah.sharma.5806@example.com,2026-02-26,Germany,Munich
CUST-005807,Vikram,Iyer,vikram.iyer.5807@example.com,2025-08-12,Singapore,Singapore
CUST-005808,Aarav,Smith,aarav.smith.5808@example.com,2022-11-18,Germany,Munich
CUST-005809,Chen,Park,chen.park.5809@example.com,2021-07-06,Canada,Toronto
CUST-005810,Zane,Muller,zane.muller.5810@example.com,2021-10-26,United States,New York
CUST-005811,Isha,Ahmed,isha.ahmed.5811@example.com,2024-04-23,India,Chennai
CUST-005812,Riya,Roy,riya.roy.5812@example.com,2026-03-08,Singapore,Singapore
CUST-005813,Yara,Ali,yara.ali.5813@example.com,2024-06-19,United Kingdom,Birmingham
CUST-005814,Leo,Sharma,leo.sharma.5814@example.com,2024-12-17,Singapore,Singapore
CUST-005815,Amelia,Costa,amelia.costa.5815@example.com,2021-04-29,United Arab Emirates,Dubai
CUST-005816,Olivia,Thomas,olivia.thomas.5816@example.com,2021-08-04,United Kingdom,London
CUST-005817,Grace,Patel,grace.patel.5817@example.com,2021-04-17,Germany,Munich
CUST-005818,Zane,Kim,zane.kim.5818@example.com,2021-08-17,Canada,Vancouver
CUST-005819,Amelia,Sharma,amelia.sharma.5819@example.com,2020-02-09,Singapore,Singapore
CUST-005820,Chen,Iyer,chen.iyer.5820@example.com,2025-11-10,India,Delhi
CUST-005821,Zane,Park,zane.park.5821@example.com,2023-03-01,United States,Austin
CUST-005822,Samir,Mehta,samir.mehta.5822@example.com,2021-04-05,Germany,Berlin
CUST-005823,Olivia,Garcia,olivia.garcia.5823@example.com,2026-01-28,United Kingdom,Manchester
CUST-005824,Maya,Khan,maya.khan.5824@example.com,2020-04-06,United States,New York
CUST-005825,Fatima,Kapoor,fatima.kapoor.5825@example.com,2024-10-07,India,Chennai
CUST-005826,Vikram,Park,vikram.park.5826@example.com,2020-03-04,India,Delhi
CUST-005827,Yara,Brown,yara.brown.5827@example.com,2021-08-26,India,Mumbai
CUST-005828,Hassan,Kapoor,hassan.kapoor.5828@example.com,2024-03-24,India,Hyderabad
CUST-005829,Tara,Iyer,tara.iyer.5829@example.com,2026-03-03,Canada,Vancouver
CUST-005830,Samir,Kim,samir.kim.5830@example.com,2022-09-30,Singapore,Singapore
CUST-005831,Riya,Thomas,riya.thomas.5831@example.com,2023-09-13,United Arab Emirates,Dubai
CUST-005832,Fatima,Martin,fatima.martin.5832@example.com,2021-01-17,India,Mumbai
CUST-005833,Grace,Sharma,grace.sharma.5833@example.com,2021-04-30,Canada,Vancouver
CUST-005834,Sofia,Chen,sofia.chen.5834@example.com,2022-11-29,Singapore,Singapore
CUST-005835,Leo,Wilson,leo.wilson.5835@example.com,2026-07-25,Canada,Vancouver
CUST-005836,Yara,Nguyen,yara.nguyen.5836@example.com,2025-04-19,United Kingdom,London
CUST-005837,Noah,Singh,noah.singh.5837@example.com,2021-03-31,United Kingdom,London
CUST-005838,Noah,Roy,noah.roy.5838@example.com,2025-01-13,India,Hyderabad
CUST-005839,Grace,Park,grace.park.5839@example.com,2021-07-02,India,Bengaluru
CUST-005840,Olivia,Iyer,olivia.iyer.5840@example.com,2026-04-24,Canada,Vancouver
CUST-005841,Maya,Nguyen,maya.nguyen.5841@example.com,2024-01-23,United Kingdom,Manchester
CUST-005842,Aisha,Muller,aisha.muller.5842@example.com,2020-07-05,Canada,Vancouver
CUST-005843,Ben,Brown,ben.brown.5843@example.com,2024-04-19,Germany,Berlin
CUST-005844,Aisha,Kim,aisha.kim.5844@example.com,2023-04-13,Canada,Vancouver
CUST-005845,Uma,Mehta,uma.mehta.5845@example.com,2024-02-23,Canada,Vancouver
CUST-005846,James,Roy,james.roy.5846@example.com,2025-04-03,Singapore,Singapore
CUST-005847,Aditi,Iyer,aditi.iyer.5847@example.com,2024-12-13,India,Mumbai
CUST-005848,Aarav,Ali,aarav.ali.5848@example.com,2020-09-07,United States,Chicago
CUST-005849,Arjun,Iyer,arjun.iyer.5849@example.com,2022-12-15,Singapore,Singapore
CUST-005850,Noah,Lopez,noah.lopez.5850@example.com,2022-07-30,Canada,Vancouver
CUST-005851,Riya,Mehta,riya.mehta.5851@example.com,2022-06-05,India,Mumbai
CUST-005852,Leo,Singh,leo.singh.5852@example.com,2022-07-23,United Kingdom,Birmingham
CUST-005853,Aarav,Roy,aarav.roy.5853@example.com,2024-12-16,United States,Seattle
CUST-005854,Wei,Khan,wei.khan.5854@example.com,2023-05-20,Canada,Vancouver
CUST-005855,Samir,Ali,samir.ali.5855@example.com,2022-01-11,Germany,Munich
CUST-005856,Aditi,Smith,aditi.smith.5856@example.com,2021-12-08,United Arab Emirates,Abu Dhabi
CUST-005857,Emma,Roy,emma.roy.5857@example.com,2024-06-03,Canada,Vancouver
CUST-005858,Aisha,Young,aisha.young.5858@example.com,2022-01-31,Singapore,Singapore
CUST-005859,Aditi,Ali,aditi.ali.5859@example.com,2024-10-21,Singapore,Singapore
CUST-005860,Aisha,Sharma,aisha.sharma.5860@example.com,2024-03-25,Singapore,Singapore
CUST-005861,Aisha,Chen,aisha.chen.5861@example.com,2022-04-25,India,Delhi
CUST-005862,Chen,Mehta,chen.mehta.5862@example.com,2024-06-30,United Arab Emirates,Abu Dhabi
CUST-005863,James,Das,james.das.5863@example.com,2024-01-06,United States,Austin
CUST-005864,Chen,Young,chen.young.5864@example.com,2024-11-01,United Arab Emirates,Abu Dhabi
CUST-005865,Priya,Patel,priya.patel.5865@example.com,2020-05-03,Singapore,Singapore
CUST-005866,Maya,Kapoor,maya.kapoor.5866@example.com,2024-05-30,United Arab Emirates,Dubai
CUST-005867,Ben,Patel,ben.patel.5867@example.com,2023-10-02,Germany,Munich
CUST-005868,Uma,Brown,uma.brown.5868@example.com,2020-01-25,United Kingdom,Manchester
CUST-005869,Vikram,Sharma,vikram.sharma.5869@example.com,2025-11-19,Germany,Berlin
CUST-005870,Leo,Johnson,leo.johnson.5870@example.com,2024-09-08,United Arab Emirates,Dubai
CUST-005871,Zane,Singh,zane.singh.5871@example.com,2025-01-14,United Arab Emirates,Abu Dhabi
CUST-005872,Emma,Roy,emma.roy.5872@example.com,2023-07-11,India,Bengaluru
CUST-005873,Riya,Lopez,riya.lopez.5873@example.com,2023-08-10,Germany,Munich
CUST-005874,Kavya,Patel,kavya.patel.5874@example.com,2025-04-24,Germany,Munich
CUST-005875,Leo,Das,leo.das.5875@example.com,2023-11-11,United Kingdom,Manchester
CUST-005876,Ben,Costa,ben.costa.5876@example.com,2020-11-11,Canada,Toronto
CUST-005877,Diego,Silva,diego.silva.5877@example.com,2025-11-28,Canada,Vancouver
CUST-005878,Aisha,Thomas,aisha.thomas.5878@example.com,2025-05-07,United States,Austin
CUST-005879,Yara,Muller,yara.muller.5879@example.com,2021-06-17,Germany,Munich
CUST-005880,Tara,Johnson,tara.johnson.5880@example.com,2020-09-01,United States,Austin
CUST-005881,Ben,Lopez,ben.lopez.5881@example.com,2025-05-28,United States,New York
CUST-005882,Arjun,Roy,arjun.roy.5882@example.com,2025-03-18,India,Delhi
CUST-005883,Quinn,Young,quinn.young.5883@example.com,2024-10-10,Singapore,Singapore
CUST-005884,Leo,Nguyen,leo.nguyen.5884@example.com,2021-11-04,Singapore,Singapore
CUST-005885,Uma,Kim,uma.kim.5885@example.com,2026-02-02,United States,Seattle
CUST-005886,Arjun,Kim,arjun.kim.5886@example.com,2026-03-12,United Kingdom,Manchester
CUST-005887,Olivia,Martin,olivia.martin.5887@example.com,2020-05-12,United States,Seattle
CUST-005888,Ben,Nguyen,ben.nguyen.5888@example.com,2024-10-06,Canada,Toronto
CUST-005889,Chen,Ahmed,chen.ahmed.5889@example.com,2022-01-03,Canada,Toronto
CUST-005890,Aarav,Young,aarav.young.5890@example.com,2024-08-19,United States,New York
CUST-005891,Arjun,Young,arjun.young.5891@example.com,2022-01-25,United Kingdom,Birmingham
CUST-005892,Isha,Lee,isha.lee.5892@example.com,2020-11-13,Singapore,Singapore
CUST-005893,James,Martin,james.martin.5893@example.com,2020-10-19,India,Hyderabad
CUST-005894,Kavya,Young,kavya.young.5894@example.com,2020-03-20,Canada,Toronto
CUST-005895,Vikram,Khan,vikram.khan.5895@example.com,2022-03-05,Singapore,Singapore
CUST-005896,Zane,Roy,zane.roy.5896@example.com,2023-11-03,India,Mumbai
CUST-005897,Aditi,Kim,aditi.kim.5897@example.com,2022-03-23,United Arab Emirates,Dubai
CUST-005898,Ben,Costa,ben.costa.5898@example.com,2025-02-22,Canada,Toronto
CUST-005899,Emma,Kapoor,emma.kapoor.5899@example.com,2024-03-23,United Kingdom,Birmingham
CUST-005900,Diego,Thomas,diego.thomas.5900@example.com,2024-12-09,India,Bengaluru
CUST-005901,Olivia,Lee,olivia.lee.5901@example.com,2024-12-21,Canada,Vancouver
CUST-005902,Diego,Kapoor,diego.kapoor.5902@example.com,2020-01-22,United Arab Emirates,Dubai
CUST-005903,Olivia,Patel,olivia.patel.5903@example.com,2024-06-16,Germany,Munich
CUST-005904,Emma,Patel,emma.patel.5904@example.com,2023-12-03,United States,Seattle
CUST-005905,Arjun,Das,arjun.das.5905@example.com,2022-06-15,United Arab Emirates,Dubai
CUST-005906,Aisha,Ali,aisha.ali.5906@example.com,2021-10-09,Germany,Munich
CUST-005907,Ben,Martin,ben.martin.5907@example.com,2020-12-22,Canada,Toronto
CUST-005908,Zane,Ahmed,zane.ahmed.5908@example.com,2024-05-06,India,Bengaluru
CUST-005909,Hassan,Lopez,hassan.lopez.5909@example.com,2023-05-07,India,Chennai
CUST-005910,Wei,Costa,wei.costa.5910@example.com,2021-05-28,India,Hyderabad
CUST-005911,Samir,Costa,samir.costa.5911@example.com,2024-06-06,Singapore,Singapore
CUST-005912,Wei,Smith,wei.smith.5912@example.com,2021-11-11,Singapore,Singapore
CUST-005913,Hassan,Johnson,hassan.johnson.5913@example.com,2025-06-26,United Arab Emirates,Abu Dhabi
CUST-005914,Priya,Mehta,priya.mehta.5914@example.com,2026-07-29,Germany,Munich
CUST-005915,Aarav,Ali,aarav.ali.5915@example.com,2020-01-03,Germany,Munich
CUST-005916,Fatima,Silva,fatima.silva.5916@example.com,2024-09-10,India,Hyderabad
CUST-005917,Hassan,Roy,hassan.roy.5917@example.com,2020-03-29,Singapore,Singapore
CUST-005918,Aditi,Martin,aditi.martin.5918@example.com,2021-02-27,India,Chennai
CUST-005919,Wei,Thomas,wei.thomas.5919@example.com,2020-07-09,United States,Austin
CUST-005920,Ben,Roy,ben.roy.5920@example.com,2024-03-01,India,Delhi
CUST-005921,Zane,Silva,zane.silva.5921@example.com,2020-05-13,United States,Seattle
CUST-005922,Emma,Martin,emma.martin.5922@example.com,2020-05-21,United Arab Emirates,Dubai
CUST-005923,Ben,Young,ben.young.5923@example.com,2023-11-28,United States,Austin
CUST-005924,Diego,Johnson,diego.johnson.5924@example.com,2020-01-27,United States,Austin
CUST-005925,Diego,Iyer,diego.iyer.5925@example.com,2020-06-15,India,Bengaluru
CUST-005926,Vikram,Iyer,vikram.iyer.5926@example.com,2023-09-19,Germany,Munich
CUST-005927,Yara,Patel,yara.patel.5927@example.com,2022-07-15,India,Delhi
CUST-005928,Fatima,Singh,fatima.singh.5928@example.com,2020-05-16,Canada,Toronto
CUST-005929,Yara,Muller,yara.muller.5929@example.com,2025-08-27,United Arab Emirates,Abu Dhabi
CUST-005930,Samir,Park,samir.park.5930@example.com,2022-03-04,United States,Austin
CUST-005931,Chen,Young,chen.young.5931@example.com,2023-04-21,United States,Austin
CUST-005932,Isha,Kapoor,isha.kapoor.5932@example.com,2024-10-13,United States,Austin
CUST-005933,Aarav,Park,aarav.park.5933@example.com,2020-04-19,United Arab Emirates,Abu Dhabi
CUST-005934,Olivia,Mehta,olivia.mehta.5934@example.com,2026-01-14,Germany,Berlin
CUST-005935,Arjun,Garcia,arjun.garcia.5935@example.com,2023-01-08,Canada,Vancouver
CUST-005936,Amelia,Smith,amelia.smith.5936@example.com,2020-08-23,United Arab Emirates,Abu Dhabi
CUST-005937,Uma,Singh,uma.singh.5937@example.com,2024-05-27,Canada,Vancouver
CUST-005938,Sofia,Thomas,sofia.thomas.5938@example.com,2021-07-02,United Arab Emirates,Dubai
CUST-005939,Arjun,Garcia,arjun.garcia.5939@example.com,2025-07-26,United States,Chicago
CUST-005940,Chen,Khan,chen.khan.5940@example.com,2025-02-26,Singapore,Singapore
CUST-005941,Olivia,Iyer,olivia.iyer.5941@example.com,2021-10-17,United Kingdom,London
CUST-005942,Sofia,Sharma,sofia.sharma.5942@example.com,2022-01-16,Singapore,Singapore
CUST-005943,Quinn,Khan,quinn.khan.5943@example.com,2022-04-12,United Arab Emirates,Abu Dhabi
CUST-005944,Grace,Nair,grace.nair.5944@example.com,2021-02-04,Canada,Toronto
CUST-005945,Ben,Muller,ben.muller.5945@example.com,2020-11-07,Singapore,Singapore
CUST-005946,Arjun,Chen,arjun.chen.5946@example.com,2022-08-08,United Kingdom,Birmingham
CUST-005947,Isha,Garcia,isha.garcia.5947@example.com,2023-01-27,Singapore,Singapore
CUST-005948,Grace,Garcia,grace.garcia.5948@example.com,2025-09-14,Germany,Munich
CUST-005949,Emma,Muller,emma.muller.5949@example.com,2021-08-04,India,Mumbai
CUST-005950,Zane,Nair,zane.nair.5950@example.com,2021-05-08,Singapore,Singapore
CUST-005951,Vikram,Roy,vikram.roy.5951@example.com,2020-04-18,United States,New York
CUST-005952,Olivia,Ahmed,olivia.ahmed.5952@example.com,2025-12-23,United States,Seattle
CUST-005953,Grace,Thomas,grace.thomas.5953@example.com,2023-01-12,United States,New York
CUST-005954,Chen,Smith,chen.smith.5954@example.com,2021-03-09,Germany,Berlin
CUST-005955,Hassan,Das,hassan.das.5955@example.com,2023-09-21,United States,Seattle
CUST-005956,Aarav,Singh,aarav.singh.5956@example.com,2023-01-14,India,Bengaluru
CUST-005957,Tara,Roy,tara.roy.5957@example.com,2021-02-15,United States,New York
CUST-005958,Fatima,Brown,fatima.brown.5958@example.com,2020-07-21,Germany,Munich
CUST-005959,Leo,Kapoor,leo.kapoor.5959@example.com,2025-03-03,United Arab Emirates,Dubai
CUST-005960,Emma,Ali,emma.ali.5960@example.com,2021-06-03,United Arab Emirates,Abu Dhabi
CUST-005961,Samir,Mehta,samir.mehta.5961@example.com,2021-06-21,United Kingdom,London
CUST-005962,Amelia,Wilson,amelia.wilson.5962@example.com,2022-08-25,United Arab Emirates,Abu Dhabi
CUST-005963,Quinn,Park,quinn.park.5963@example.com,2023-08-09,Germany,Berlin
CUST-005964,Olivia,Smith,olivia.smith.5964@example.com,2020-01-31,Germany,Munich
CUST-005965,Uma,Martin,uma.martin.5965@example.com,2025-07-10,Singapore,Singapore
CUST-005966,James,Chen,james.chen.5966@example.com,2024-04-14,Germany,Berlin
CUST-005967,Chen,Young,chen.young.5967@example.com,2021-11-27,United States,Chicago
CUST-005968,Hassan,Nguyen,hassan.nguyen.5968@example.com,2020-08-22,United Kingdom,London
CUST-005969,Grace,Ali,grace.ali.5969@example.com,2026-02-01,Germany,Munich
CUST-005970,James,Lee,james.lee.5970@example.com,2025-10-29,India,Delhi
CUST-005971,Quinn,Wilson,quinn.wilson.5971@example.com,2024-01-11,Canada,Toronto
CUST-005972,Wei,Mehta,wei.mehta.5972@example.com,2021-12-04,United Arab Emirates,Abu Dhabi
CUST-005973,Samir,Costa,samir.costa.5973@example.com,2025-05-11,Germany,Berlin
CUST-005974,Isha,Park,isha.park.5974@example.com,2020-03-14,United States,Seattle
CUST-005975,Isha,Chen,isha.chen.5975@example.com,2026-07-22,United States,Austin
CUST-005976,Hassan,Kim,hassan.kim.5976@example.com,2023-07-30,United States,Seattle
CUST-005977,Amelia,Park,amelia.park.5977@example.com,2024-05-23,United Arab Emirates,Dubai
CUST-005978,Noah,Smith,noah.smith.5978@example.com,2022-01-21,United States,Seattle
CUST-005979,Aarav,Roy,aarav.roy.5979@example.com,2025-12-24,India,Bengaluru
CUST-005980,Hassan,Mehta,hassan.mehta.5980@example.com,2024-07-19,Canada,Toronto
CUST-005981,Uma,Young,uma.young.5981@example.com,2025-01-05,United Kingdom,London
CUST-005982,Noah,Costa,noah.costa.5982@example.com,2026-08-09,United States,Seattle
CUST-005983,Zane,Smith,zane.smith.5983@example.com,2020-02-22,Germany,Berlin
CUST-005984,Yara,Smith,yara.smith.5984@example.com,2021-10-27,Canada,Toronto
CUST-005985,Sofia,Lee,sofia.lee.5985@example.com,2023-03-23,India,Chennai
CUST-005986,Olivia,Smith,olivia.smith.5986@example.com,2020-02-16,United Arab Emirates,Dubai
CUST-005987,Priya,Das,priya.das.5987@example.com,2024-09-06,Germany,Munich
CUST-005988,Ben,Silva,ben.silva.5988@example.com,2024-12-21,Germany,Berlin
CUST-005989,Aisha,Costa,aisha.costa.5989@example.com,2020-01-02,Singapore,Singapore
CUST-005990,Sofia,Silva,sofia.silva.5990@example.com,2020-08-03,United Kingdom,Birmingham
CUST-005991,Hassan,Costa,hassan.costa.5991@example.com,2022-01-28,United States,New York
CUST-005992,Leo,Silva,leo.silva.5992@example.com,2020-06-10,United Kingdom,London
CUST-005993,Samir,Brown,samir.brown.5993@example.com,2020-11-02,United Arab Emirates,Dubai
CUST-005994,Tara,Roy,tara.roy.5994@example.com,2026-06-12,India,Bengaluru
CUST-005995,Diego,Iyer,diego.iyer.5995@example.com,2022-04-02,Canada,Toronto
CUST-005996,Aisha,Smith,aisha.smith.5996@example.com,2025-03-14,United Kingdom,London
CUST-005997,Amelia,Ahmed,amelia.ahmed.5997@example.com,2024-04-14,United States,New York
CUST-005998,Samir,Patel,samir.patel.5998@example.com,2020-03-28,Singapore,Singapore
CUST-005999,Kavya,Chen,kavya.chen.5999@example.com,2020-06-01,Germany,Munich
CUST-006000,Isha,Lee,isha.lee.6000@example.com,2021-03-30,Singapore,Singapore
CUST-006001,Wei,Silva,wei.silva.6001@example.com,2025-04-25,India,Hyderabad
CUST-006002,Yara,Garcia,yara.garcia.6002@example.com,2023-02-26,Singapore,Singapore
CUST-006003,Samir,Wilson,samir.wilson.6003@example.com,2023-12-20,Germany,Berlin
CUST-006004,Aarav,Ahmed,aarav.ahmed.6004@example.com,2022-07-23,United Kingdom,Manchester
CUST-006005,Ben,Johnson,ben.johnson.6005@example.com,2024-10-01,United Kingdom,London
CUST-006006,Kavya,Silva,kavya.silva.6006@example.com,2021-08-23,Singapore,Singapore
CUST-006007,Riya,Nguyen,riya.nguyen.6007@example.com,2022-03-22,United States,Chicago
CUST-006008,Arjun,Sharma,arjun.sharma.6008@example.com,2022-11-26,Germany,Munich
CUST-006009,Samir,Khan,samir.khan.6009@example.com,2023-05-12,Singapore,Singapore
CUST-006010,Chen,Das,chen.das.6010@example.com,2024-05-12,India,Delhi
CUST-006011,Emma,Young,emma.young.6011@example.com,2023-03-24,Canada,Toronto
CUST-006012,Sofia,Mehta,sofia.mehta.6012@example.com,2025-02-26,United States,Austin
CUST-006013,Kavya,Chen,kavya.chen.6013@example.com,2024-05-09,Germany,Munich
CUST-006014,Leo,Costa,leo.costa.6014@example.com,2020-05-09,Canada,Vancouver
CUST-006015,Yara,Das,yara.das.6015@example.com,2022-10-25,United States,Seattle
CUST-006016,Ben,Nair,ben.nair.6016@example.com,2023-02-10,India,Hyderabad
CUST-006017,Vikram,Khan,vikram.khan.6017@example.com,2023-09-04,Singapore,Singapore
CUST-006018,Arjun,Wilson,arjun.wilson.6018@example.com,2024-12-12,United Arab Emirates,Dubai
CUST-006019,Amelia,Silva,amelia.silva.6019@example.com,2025-07-18,Canada,Toronto
CUST-006020,Ben,Kim,ben.kim.6020@example.com,2022-01-18,Germany,Berlin
CUST-006021,Zane,Smith,zane.smith.6021@example.com,2026-04-14,United Kingdom,London
CUST-006022,Kavya,Kim,kavya.kim.6022@example.com,2022-12-30,United Kingdom,London
CUST-006023,Uma,Chen,uma.chen.6023@example.com,2022-06-16,United States,Seattle
CUST-006024,Hassan,Costa,hassan.costa.6024@example.com,2023-10-05,Canada,Toronto
CUST-006025,Maya,Silva,maya.silva.6025@example.com,2026-06-03,Singapore,Singapore
CUST-006026,Kavya,Ahmed,kavya.ahmed.6026@example.com,2020-02-14,Canada,Toronto
CUST-006027,Hassan,Thomas,hassan.thomas.6027@example.com,2026-01-04,United Kingdom,Manchester
CUST-006028,Tara,Brown,tara.brown.6028@example.com,2021-07-14,Singapore,Singapore
CUST-006029,Noah,Ahmed,noah.ahmed.6029@example.com,2023-02-24,India,Hyderabad
CUST-006030,Ben,Johnson,ben.johnson.6030@example.com,2024-11-12,United Arab Emirates,Abu Dhabi
CUST-006031,Amelia,Lopez,amelia.lopez.6031@example.com,2020-01-14,India,Chennai
CUST-006032,Grace,Brown,grace.brown.6032@example.com,2023-10-13,United Arab Emirates,Abu Dhabi
CUST-006033,Leo,Mehta,leo.mehta.6033@example.com,2021-12-15,United Kingdom,London
CUST-006034,Isha,Mehta,isha.mehta.6034@example.com,2022-08-18,United Kingdom,Manchester
CUST-006035,Uma,Ahmed,uma.ahmed.6035@example.com,2020-03-06,United Arab Emirates,Dubai
CUST-006036,Olivia,Roy,olivia.roy.6036@example.com,2025-05-07,United States,New York
CUST-006037,Emma,Wright,emma.wright.6037@example.com,2020-07-23,Singapore,Singapore
CUST-006038,Leo,Thomas,leo.thomas.6038@example.com,2024-08-08,Germany,Berlin
CUST-006039,Fatima,Brown,fatima.brown.6039@example.com,2025-08-31,Singapore,Singapore
CUST-006040,Emma,Johnson,emma.johnson.6040@example.com,2020-07-28,Singapore,Singapore
CUST-006041,Tara,Muller,tara.muller.6041@example.com,2026-01-29,India,Hyderabad
CUST-006042,Wei,Lopez,wei.lopez.6042@example.com,2023-12-10,Canada,Vancouver
CUST-006043,Emma,Young,emma.young.6043@example.com,2025-03-29,Singapore,Singapore
CUST-006044,Riya,Young,riya.young.6044@example.com,2022-08-15,Singapore,Singapore
CUST-006045,Noah,Kapoor,noah.kapoor.6045@example.com,2020-10-02,Canada,Vancouver
CUST-006046,Riya,Kim,riya.kim.6046@example.com,2020-12-22,Germany,Munich
CUST-006047,Wei,Wilson,wei.wilson.6047@example.com,2026-05-28,Germany,Berlin
CUST-006048,Aditi,Garcia,aditi.garcia.6048@example.com,2025-05-01,Singapore,Singapore
CUST-006049,Olivia,Silva,olivia.silva.6049@example.com,2020-02-15,India,Chennai
CUST-006050,Fatima,Singh,fatima.singh.6050@example.com,2025-02-04,India,Chennai
CUST-006051,Isha,Sharma,isha.sharma.6051@example.com,2022-08-25,United Kingdom,Manchester
CUST-006052,James,Roy,james.roy.6052@example.com,2020-05-16,Singapore,Singapore
CUST-006053,Zane,Patel,zane.patel.6053@example.com,2022-10-12,United States,Chicago
CUST-006054,Emma,Kapoor,emma.kapoor.6054@example.com,2025-09-16,Singapore,Singapore
CUST-006055,Chen,Sharma,chen.sharma.6055@example.com,2025-06-01,Singapore,Singapore
CUST-006056,Riya,Johnson,riya.johnson.6056@example.com,2024-07-15,India,Hyderabad
CUST-006057,Samir,Park,samir.park.6057@example.com,2026-02-22,India,Bengaluru
CUST-006058,Ben,Mehta,ben.mehta.6058@example.com,2024-09-18,United States,Chicago
CUST-006059,Zane,Thomas,zane.thomas.6059@example.com,2026-06-11,Singapore,Singapore
CUST-006060,Uma,Khan,uma.khan.6060@example.com,2020-03-07,United Arab Emirates,Abu Dhabi
CUST-006061,Maya,Lopez,maya.lopez.6061@example.com,2024-10-30,United Arab Emirates,Abu Dhabi
CUST-006062,Chen,Wilson,chen.wilson.6062@example.com,2023-09-11,Canada,Toronto
CUST-006063,Isha,Chen,isha.chen.6063@example.com,2022-04-20,Canada,Vancouver
CUST-006064,Chen,Kim,chen.kim.6064@example.com,2021-11-23,Germany,Munich
CUST-006065,Isha,Sharma,isha.sharma.6065@example.com,2023-07-13,Germany,Munich
CUST-006066,Yara,Sharma,yara.sharma.6066@example.com,2023-05-24,Canada,Toronto
CUST-006067,Aisha,Silva,aisha.silva.6067@example.com,2025-02-08,India,Mumbai
CUST-006068,Emma,Lopez,emma.lopez.6068@example.com,2026-04-16,Canada,Vancouver
CUST-006069,Uma,Das,uma.das.6069@example.com,2020-11-14,Canada,Vancouver
CUST-006070,Riya,Mehta,riya.mehta.6070@example.com,2020-05-01,Singapore,Singapore
CUST-006071,Isha,Johnson,isha.johnson.6071@example.com,2020-09-07,United States,New York
CUST-006072,Isha,Roy,isha.roy.6072@example.com,2026-06-24,United States,New York
CUST-006073,Leo,Johnson,leo.johnson.6073@example.com,2026-07-04,Canada,Toronto
CUST-006074,Uma,Silva,uma.silva.6074@example.com,2020-11-24,United Arab Emirates,Dubai
CUST-006075,Leo,Nguyen,leo.nguyen.6075@example.com,2021-09-22,United Arab Emirates,Abu Dhabi
CUST-006076,Samir,Singh,samir.singh.6076@example.com,2022-04-15,Canada,Toronto
CUST-006077,Kavya,Khan,kavya.khan.6077@example.com,2020-01-25,Singapore,Singapore
CUST-006078,Wei,Silva,wei.silva.6078@example.com,2022-12-10,United Kingdom,London
CUST-006079,Isha,Ahmed,isha.ahmed.6079@example.com,2021-10-08,United Kingdom,London
CUST-006080,Chen,Das,chen.das.6080@example.com,2026-01-02,Germany,Berlin
CUST-006081,Zane,Khan,zane.khan.6081@example.com,2022-08-30,Germany,Munich
CUST-006082,Fatima,Wright,fatima.wright.6082@example.com,2020-03-19,Germany,Berlin
CUST-006083,Fatima,Iyer,fatima.iyer.6083@example.com,2026-05-05,Canada,Vancouver
CUST-006084,Kavya,Sharma,kavya.sharma.6084@example.com,2022-01-05,Singapore,Singapore
CUST-006085,Priya,Singh,priya.singh.6085@example.com,2026-01-15,Canada,Vancouver
CUST-006086,Chen,Sharma,chen.sharma.6086@example.com,2022-11-24,United Kingdom,Birmingham
CUST-006087,Maya,Smith,maya.smith.6087@example.com,2022-08-08,United Kingdom,Birmingham
CUST-006088,Sofia,Wilson,sofia.wilson.6088@example.com,2023-02-12,Germany,Berlin
CUST-006089,Vikram,Patel,vikram.patel.6089@example.com,2021-08-23,Germany,Berlin
CUST-006090,Kavya,Mehta,kavya.mehta.6090@example.com,2021-04-02,United Arab Emirates,Abu Dhabi
CUST-006091,Leo,Wilson,leo.wilson.6091@example.com,2020-01-23,Canada,Vancouver
CUST-006092,Quinn,Muller,quinn.muller.6092@example.com,2023-01-15,Germany,Berlin
CUST-006093,Riya,Nguyen,riya.nguyen.6093@example.com,2025-12-01,United Kingdom,Birmingham
CUST-006094,Yara,Roy,yara.roy.6094@example.com,2020-07-31,Canada,Toronto
CUST-006095,Isha,Lopez,isha.lopez.6095@example.com,2022-10-31,Canada,Toronto
CUST-006096,Zane,Thomas,zane.thomas.6096@example.com,2025-09-24,Germany,Berlin
CUST-006097,Grace,Sharma,grace.sharma.6097@example.com,2025-01-12,United States,New York
CUST-006098,Arjun,Chen,arjun.chen.6098@example.com,2021-10-01,India,Hyderabad
CUST-006099,Quinn,Kim,quinn.kim.6099@example.com,2025-01-01,India,Mumbai
CUST-006100,Chen,Sharma,chen.sharma.6100@example.com,2026-01-18,United Arab Emirates,Dubai
CUST-006101,Maya,Lopez,maya.lopez.6101@example.com,2020-09-25,Canada,Vancouver
CUST-006102,Ben,Muller,ben.muller.6102@example.com,2025-12-05,United States,Austin
CUST-006103,Priya,Costa,priya.costa.6103@example.com,2021-12-13,United Arab Emirates,Abu Dhabi
CUST-006104,Wei,Kim,wei.kim.6104@example.com,2025-11-26,Canada,Vancouver
CUST-006105,Uma,Sharma,uma.sharma.6105@example.com,2020-03-19,Germany,Munich
CUST-006106,Aisha,Wilson,aisha.wilson.6106@example.com,2026-07-01,United Arab Emirates,Abu Dhabi
CUST-006107,Olivia,Smith,olivia.smith.6107@example.com,2025-03-27,Germany,Munich
CUST-006108,Amelia,Khan,amelia.khan.6108@example.com,2026-01-20,Singapore,Singapore
CUST-006109,James,Kapoor,james.kapoor.6109@example.com,2021-04-05,United Arab Emirates,Abu Dhabi
CUST-006110,Yara,Nguyen,yara.nguyen.6110@example.com,2025-04-18,United States,Chicago
CUST-006111,Isha,Garcia,isha.garcia.6111@example.com,2026-04-02,India,Mumbai
CUST-006112,Maya,Garcia,maya.garcia.6112@example.com,2020-03-09,Canada,Toronto
CUST-006113,Priya,Nguyen,priya.nguyen.6113@example.com,2020-08-20,Singapore,Singapore
CUST-006114,Sofia,Costa,sofia.costa.6114@example.com,2022-12-19,United States,Seattle
CUST-006115,Emma,Johnson,emma.johnson.6115@example.com,2024-04-11,United Kingdom,Birmingham
CUST-006116,Quinn,Smith,quinn.smith.6116@example.com,2022-11-02,Germany,Munich
CUST-006117,Maya,Wright,maya.wright.6117@example.com,2025-06-07,Canada,Toronto
CUST-006118,Amelia,Smith,amelia.smith.6118@example.com,2023-04-24,India,Bengaluru
CUST-006119,Fatima,Smith,fatima.smith.6119@example.com,2024-03-11,Germany,Berlin
CUST-006120,James,Nair,james.nair.6120@example.com,2026-07-26,India,Mumbai
CUST-006121,Sofia,Garcia,sofia.garcia.6121@example.com,2025-02-21,United States,Seattle
CUST-006122,Diego,Sharma,diego.sharma.6122@example.com,2026-03-08,United States,Seattle
CUST-006123,Olivia,Ali,olivia.ali.6123@example.com,2020-08-28,Singapore,Singapore
CUST-006124,Priya,Muller,priya.muller.6124@example.com,2025-01-12,Germany,Berlin
CUST-006125,Aisha,Kapoor,aisha.kapoor.6125@example.com,2023-04-17,Canada,Toronto
CUST-006126,Isha,Singh,isha.singh.6126@example.com,2023-06-16,United States,New York
CUST-006127,Hassan,Iyer,hassan.iyer.6127@example.com,2024-10-06,United States,Seattle
CUST-006128,Maya,Roy,maya.roy.6128@example.com,2025-12-22,India,Hyderabad
CUST-006129,Vikram,Iyer,vikram.iyer.6129@example.com,2023-02-14,Canada,Toronto
CUST-006130,Diego,Thomas,diego.thomas.6130@example.com,2023-01-19,Singapore,Singapore
CUST-006131,Arjun,Iyer,arjun.iyer.6131@example.com,2026-05-23,Canada,Vancouver
CUST-006132,Leo,Brown,leo.brown.6132@example.com,2024-02-22,United Arab Emirates,Abu Dhabi
CUST-006133,Samir,Muller,samir.muller.6133@example.com,2021-09-15,Singapore,Singapore
CUST-006134,Aisha,Brown,aisha.brown.6134@example.com,2020-06-06,Singapore,Singapore
CUST-006135,Isha,Park,isha.park.6135@example.com,2025-12-06,Singapore,Singapore
CUST-006136,Fatima,Ahmed,fatima.ahmed.6136@example.com,2021-06-13,India,Delhi
CUST-006137,Olivia,Kim,olivia.kim.6137@example.com,2025-06-07,United Arab Emirates,Dubai
CUST-006138,Aisha,Mehta,aisha.mehta.6138@example.com,2022-11-16,India,Bengaluru
CUST-006139,Priya,Wilson,priya.wilson.6139@example.com,2022-01-25,Singapore,Singapore
CUST-006140,James,Ahmed,james.ahmed.6140@example.com,2021-06-11,United Arab Emirates,Dubai
CUST-006141,Isha,Costa,isha.costa.6141@example.com,2020-10-24,Singapore,Singapore
CUST-006142,Sofia,Ahmed,sofia.ahmed.6142@example.com,2024-07-29,United Arab Emirates,Dubai
CUST-006143,Chen,Young,chen.young.6143@example.com,2024-03-24,United Kingdom,Birmingham
CUST-006144,Olivia,Kapoor,olivia.kapoor.6144@example.com,2021-09-24,United Arab Emirates,Dubai
CUST-006145,Chen,Singh,chen.singh.6145@example.com,2026-03-14,Canada,Vancouver
CUST-006146,Yara,Muller,yara.muller.6146@example.com,2025-10-09,United Arab Emirates,Abu Dhabi
CUST-006147,Samir,Chen,samir.chen.6147@example.com,2022-02-06,Singapore,Singapore
CUST-006148,Sofia,Roy,sofia.roy.6148@example.com,2020-02-20,Singapore,Singapore
CUST-006149,Arjun,Brown,arjun.brown.6149@example.com,2025-11-21,United Kingdom,London
CUST-006150,Aditi,Wilson,aditi.wilson.6150@example.com,2022-10-27,Canada,Toronto
CUST-006151,Arjun,Singh,arjun.singh.6151@example.com,2025-12-02,United States,Austin
CUST-006152,Uma,Nair,uma.nair.6152@example.com,2021-09-25,India,Bengaluru
CUST-006153,Isha,Sharma,isha.sharma.6153@example.com,2020-01-19,India,Mumbai
CUST-006154,Fatima,Kim,fatima.kim.6154@example.com,2025-03-25,India,Hyderabad
CUST-006155,Aisha,Silva,aisha.silva.6155@example.com,2020-10-02,United Arab Emirates,Abu Dhabi
CUST-006156,Tara,Lopez,tara.lopez.6156@example.com,2022-07-18,Germany,Berlin
CUST-006157,Yara,Kim,yara.kim.6157@example.com,2026-04-29,Germany,Berlin
CUST-006158,Chen,Kim,chen.kim.6158@example.com,2020-03-09,India,Bengaluru
CUST-006159,Maya,Park,maya.park.6159@example.com,2025-07-23,United Arab Emirates,Abu Dhabi
CUST-006160,Aisha,Young,aisha.young.6160@example.com,2026-02-04,Germany,Munich
CUST-006161,Aisha,Patel,aisha.patel.6161@example.com,2026-01-21,United Arab Emirates,Abu Dhabi
CUST-006162,Quinn,Singh,quinn.singh.6162@example.com,2024-04-20,Canada,Vancouver
CUST-006163,Ben,Mehta,ben.mehta.6163@example.com,2021-07-08,Canada,Vancouver
CUST-006164,Sofia,Sharma,sofia.sharma.6164@example.com,2021-09-11,United Kingdom,London
CUST-006165,Maya,Smith,maya.smith.6165@example.com,2023-10-11,United States,Austin
CUST-006166,Aarav,Ahmed,aarav.ahmed.6166@example.com,2024-10-13,Singapore,Singapore
CUST-006167,Priya,Park,priya.park.6167@example.com,2022-12-05,India,Chennai
CUST-006168,Zane,Nair,zane.nair.6168@example.com,2021-05-27,Singapore,Singapore
CUST-006169,Quinn,Thomas,quinn.thomas.6169@example.com,2024-07-05,United Kingdom,Birmingham
CUST-006170,Aisha,Young,aisha.young.6170@example.com,2020-12-14,India,Hyderabad
CUST-006171,Riya,Iyer,riya.iyer.6171@example.com,2020-01-12,United States,Chicago
CUST-006172,Priya,Costa,priya.costa.6172@example.com,2021-02-15,Singapore,Singapore
CUST-006173,Olivia,Singh,olivia.singh.6173@example.com,2021-09-18,Singapore,Singapore
CUST-006174,Yara,Thomas,yara.thomas.6174@example.com,2023-06-22,India,Bengaluru
CUST-006175,Vikram,Kim,vikram.kim.6175@example.com,2022-11-21,Singapore,Singapore
CUST-006176,Samir,Smith,samir.smith.6176@example.com,2022-07-12,United Kingdom,London
CUST-006177,Riya,Johnson,riya.johnson.6177@example.com,2023-07-17,Singapore,Singapore
CUST-006178,Arjun,Sharma,arjun.sharma.6178@example.com,2025-07-25,India,Hyderabad
CUST-006179,Leo,Johnson,leo.johnson.6179@example.com,2021-11-25,Germany,Berlin
CUST-006180,Leo,Iyer,leo.iyer.6180@example.com,2022-07-13,India,Hyderabad
CUST-006181,Amelia,Roy,amelia.roy.6181@example.com,2022-01-04,United Arab Emirates,Dubai
CUST-006182,Aisha,Das,aisha.das.6182@example.com,2026-07-19,United Kingdom,Birmingham
CUST-006183,Tara,Khan,tara.khan.6183@example.com,2022-03-23,United Arab Emirates,Abu Dhabi
CUST-006184,Chen,Johnson,chen.johnson.6184@example.com,2020-06-14,Singapore,Singapore
CUST-006185,Fatima,Mehta,fatima.mehta.6185@example.com,2023-04-18,United States,Seattle
CUST-006186,Emma,Thomas,emma.thomas.6186@example.com,2023-03-19,Singapore,Singapore
CUST-006187,Uma,Lee,uma.lee.6187@example.com,2024-11-01,Singapore,Singapore
CUST-006188,Kavya,Mehta,kavya.mehta.6188@example.com,2024-08-30,United Arab Emirates,Dubai
CUST-006189,Uma,Brown,uma.brown.6189@example.com,2020-09-26,United Kingdom,London
CUST-006190,Samir,Silva,samir.silva.6190@example.com,2024-08-20,Singapore,Singapore
CUST-006191,Amelia,Roy,amelia.roy.6191@example.com,2020-10-19,Canada,Vancouver
CUST-006192,Quinn,Patel,quinn.patel.6192@example.com,2026-04-01,Germany,Munich
CUST-006193,Amelia,Chen,amelia.chen.6193@example.com,2022-09-05,Germany,Berlin
CUST-006194,Yara,Martin,yara.martin.6194@example.com,2023-11-22,United Arab Emirates,Dubai
CUST-006195,Emma,Iyer,emma.iyer.6195@example.com,2022-02-27,Singapore,Singapore
CUST-006196,Aditi,Nair,aditi.nair.6196@example.com,2020-10-27,Canada,Vancouver
CUST-006197,Maya,Sharma,maya.sharma.6197@example.com,2023-11-19,United Kingdom,Birmingham
CUST-006198,Tara,Khan,tara.khan.6198@example.com,2021-01-25,Germany,Munich
CUST-006199,Zane,Silva,zane.silva.6199@example.com,2022-12-03,Singapore,Singapore
CUST-006200,Samir,Park,samir.park.6200@example.com,2024-05-26,United Arab Emirates,Abu Dhabi
CUST-006201,Diego,Nair,diego.nair.6201@example.com,2021-04-24,Germany,Munich
CUST-006202,Aditi,Lopez,aditi.lopez.6202@example.com,2025-04-20,Singapore,Singapore
CUST-006203,Aditi,Kim,aditi.kim.6203@example.com,2026-08-04,India,Bengaluru
CUST-006204,Zane,Silva,zane.silva.6204@example.com,2020-02-21,Canada,Vancouver
CUST-006205,Grace,Young,grace.young.6205@example.com,2021-04-25,United Kingdom,Birmingham
CUST-006206,Emma,Sharma,emma.sharma.6206@example.com,2022-10-15,Canada,Toronto
CUST-006207,Ben,Khan,ben.khan.6207@example.com,2026-01-19,Canada,Toronto
CUST-006208,Riya,Johnson,riya.johnson.6208@example.com,2024-04-16,United Arab Emirates,Abu Dhabi
CUST-006209,Uma,Smith,uma.smith.6209@example.com,2020-06-12,Canada,Toronto
CUST-006210,Maya,Iyer,maya.iyer.6210@example.com,2026-02-06,Canada,Vancouver
CUST-006211,Riya,Lee,riya.lee.6211@example.com,2020-03-27,Germany,Munich
CUST-006212,Noah,Martin,noah.martin.6212@example.com,2021-09-12,India,Hyderabad
CUST-006213,Grace,Smith,grace.smith.6213@example.com,2023-10-16,United Arab Emirates,Dubai
CUST-006214,Zane,Muller,zane.muller.6214@example.com,2024-11-26,United Kingdom,Birmingham
CUST-006215,Priya,Johnson,priya.johnson.6215@example.com,2022-04-14,Canada,Toronto
CUST-006216,Grace,Mehta,grace.mehta.6216@example.com,2021-06-25,Singapore,Singapore
CUST-006217,Aditi,Kapoor,aditi.kapoor.6217@example.com,2025-04-02,United States,Seattle
CUST-006218,Emma,Thomas,emma.thomas.6218@example.com,2025-08-22,India,Chennai
CUST-006219,Zane,Patel,zane.patel.6219@example.com,2024-11-04,Canada,Vancouver
CUST-006220,Aditi,Wilson,aditi.wilson.6220@example.com,2026-04-06,Germany,Munich
CUST-006221,Aditi,Nair,aditi.nair.6221@example.com,2020-06-17,United States,New York
CUST-006222,Priya,Das,priya.das.6222@example.com,2021-01-14,United Arab Emirates,Abu Dhabi
CUST-006223,Yara,Brown,yara.brown.6223@example.com,2021-01-11,India,Bengaluru
CUST-006224,Riya,Thomas,riya.thomas.6224@example.com,2024-05-15,United States,Chicago
CUST-006225,Arjun,Nguyen,arjun.nguyen.6225@example.com,2026-01-09,United Kingdom,Manchester
CUST-006226,Noah,Singh,noah.singh.6226@example.com,2020-07-11,United Arab Emirates,Abu Dhabi
CUST-006227,Ben,Park,ben.park.6227@example.com,2022-09-14,Singapore,Singapore
CUST-006228,Riya,Nguyen,riya.nguyen.6228@example.com,2024-07-09,India,Mumbai
CUST-006229,Fatima,Ali,fatima.ali.6229@example.com,2021-10-12,Canada,Toronto
CUST-006230,Aarav,Singh,aarav.singh.6230@example.com,2025-04-10,United States,New York
CUST-006231,Leo,Chen,leo.chen.6231@example.com,2024-01-28,United Kingdom,Birmingham
CUST-006232,Emma,Kim,emma.kim.6232@example.com,2020-08-20,Singapore,Singapore
CUST-006233,Sofia,Lopez,sofia.lopez.6233@example.com,2020-11-23,United States,Chicago
CUST-006234,Uma,Khan,uma.khan.6234@example.com,2024-05-18,United Kingdom,Birmingham
CUST-006235,Amelia,Silva,amelia.silva.6235@example.com,2026-06-02,United Arab Emirates,Abu Dhabi
CUST-006236,Tara,Brown,tara.brown.6236@example.com,2023-01-20,United Arab Emirates,Abu Dhabi
CUST-006237,Zane,Park,zane.park.6237@example.com,2024-05-06,Singapore,Singapore
CUST-006238,Aisha,Thomas,aisha.thomas.6238@example.com,2022-01-06,Singapore,Singapore
CUST-006239,Grace,Das,grace.das.6239@example.com,2026-06-18,Canada,Vancouver
CUST-006240,Sofia,Sharma,sofia.sharma.6240@example.com,2022-08-08,United Kingdom,London
CUST-006241,Aisha,Mehta,aisha.mehta.6241@example.com,2020-10-28,Singapore,Singapore
CUST-006242,Aarav,Garcia,aarav.garcia.6242@example.com,2025-06-14,United Kingdom,Birmingham
CUST-006243,Sofia,Ali,sofia.ali.6243@example.com,2022-06-04,India,Hyderabad
CUST-006244,Maya,Muller,maya.muller.6244@example.com,2023-09-16,India,Mumbai
CUST-006245,Isha,Brown,isha.brown.6245@example.com,2024-06-10,India,Hyderabad
CUST-006246,Diego,Costa,diego.costa.6246@example.com,2020-02-04,Canada,Vancouver
CUST-006247,Aditi,Garcia,aditi.garcia.6247@example.com,2025-12-14,Germany,Berlin
CUST-006248,Quinn,Lopez,quinn.lopez.6248@example.com,2022-12-25,Singapore,Singapore
CUST-006249,Priya,Martin,priya.martin.6249@example.com,2021-05-09,United Arab Emirates,Dubai
CUST-006250,Yara,Johnson,yara.johnson.6250@example.com,2020-06-28,United Arab Emirates,Dubai
CUST-006251,Ben,Patel,ben.patel.6251@example.com,2022-08-29,Canada,Toronto
CUST-006252,Aisha,Iyer,aisha.iyer.6252@example.com,2020-04-05,United States,Seattle
CUST-006253,Grace,Smith,grace.smith.6253@example.com,2022-03-30,Germany,Munich
CUST-006254,Uma,Iyer,uma.iyer.6254@example.com,2025-03-29,United Arab Emirates,Abu Dhabi
CUST-006255,Diego,Thomas,diego.thomas.6255@example.com,2026-06-11,India,Bengaluru
CUST-006256,Isha,Patel,isha.patel.6256@example.com,2025-12-24,India,Hyderabad
CUST-006257,Aditi,Garcia,aditi.garcia.6257@example.com,2025-03-13,Canada,Vancouver
CUST-006258,Sofia,Silva,sofia.silva.6258@example.com,2023-04-24,Singapore,Singapore
CUST-006259,Emma,Park,emma.park.6259@example.com,2026-08-15,United Kingdom,London
CUST-006260,Aditi,Singh,aditi.singh.6260@example.com,2026-03-30,United Kingdom,Birmingham
CUST-006261,Fatima,Das,fatima.das.6261@example.com,2023-09-11,United Kingdom,London
CUST-006262,Maya,Khan,maya.khan.6262@example.com,2026-04-02,India,Mumbai
CUST-006263,Quinn,Martin,quinn.martin.6263@example.com,2026-02-22,India,Chennai
CUST-006264,Isha,Iyer,isha.iyer.6264@example.com,2023-12-06,Germany,Berlin
CUST-006265,Fatima,Young,fatima.young.6265@example.com,2023-03-05,Canada,Vancouver
CUST-006266,Isha,Muller,isha.muller.6266@example.com,2021-11-18,United States,Seattle
CUST-006267,Aisha,Nguyen,aisha.nguyen.6267@example.com,2025-07-20,Singapore,Singapore
CUST-006268,Grace,Das,grace.das.6268@example.com,2024-04-05,Singapore,Singapore
CUST-006269,Diego,Park,diego.park.6269@example.com,2021-02-24,Singapore,Singapore
CUST-006270,Wei,Garcia,wei.garcia.6270@example.com,2026-01-28,United Kingdom,Manchester
CUST-006271,Aarav,Ali,aarav.ali.6271@example.com,2023-04-28,India,Hyderabad
CUST-006272,Yara,Lopez,yara.lopez.6272@example.com,2024-09-22,United States,Chicago
CUST-006273,Aarav,Garcia,aarav.garcia.6273@example.com,2023-12-18,United States,New York
CUST-006274,Hassan,Wilson,hassan.wilson.6274@example.com,2020-04-21,United Kingdom,London
CUST-006275,Hassan,Johnson,hassan.johnson.6275@example.com,2020-01-18,Germany,Berlin
CUST-006276,Kavya,Brown,kavya.brown.6276@example.com,2021-01-04,Germany,Munich
CUST-006277,Leo,Park,leo.park.6277@example.com,2023-07-18,India,Hyderabad
CUST-006278,Aditi,Iyer,aditi.iyer.6278@example.com,2024-12-07,United Arab Emirates,Dubai
CUST-006279,Hassan,Garcia,hassan.garcia.6279@example.com,2022-11-13,United States,Seattle
CUST-006280,Amelia,Johnson,amelia.johnson.6280@example.com,2026-08-16,United States,Seattle
CUST-006281,Fatima,Ali,fatima.ali.6281@example.com,2022-12-22,United Arab Emirates,Dubai
CUST-006282,Samir,Muller,samir.muller.6282@example.com,2024-02-05,United Kingdom,London
CUST-006283,Arjun,Wright,arjun.wright.6283@example.com,2023-08-03,Canada,Vancouver
CUST-006284,Olivia,Patel,olivia.patel.6284@example.com,2025-02-28,United Kingdom,London
CUST-006285,Olivia,Kapoor,olivia.kapoor.6285@example.com,2020-11-23,Germany,Munich
CUST-006286,James,Mehta,james.mehta.6286@example.com,2024-07-15,United Kingdom,Birmingham
CUST-006287,Chen,Costa,chen.costa.6287@example.com,2024-05-09,United Kingdom,London
CUST-006288,Noah,Brown,noah.brown.6288@example.com,2023-08-13,United States,Chicago
CUST-006289,Emma,Lopez,emma.lopez.6289@example.com,2026-04-10,Germany,Munich
CUST-006290,Isha,Martin,isha.martin.6290@example.com,2024-03-12,India,Hyderabad
CUST-006291,Aditi,Roy,aditi.roy.6291@example.com,2022-09-21,United States,Chicago
CUST-006292,Yara,Chen,yara.chen.6292@example.com,2020-12-29,Canada,Vancouver
CUST-006293,Diego,Thomas,diego.thomas.6293@example.com,2021-02-14,India,Chennai
CUST-006294,Ben,Smith,ben.smith.6294@example.com,2024-01-14,India,Hyderabad
CUST-006295,Leo,Brown,leo.brown.6295@example.com,2022-02-15,United States,Austin
CUST-006296,Samir,Das,samir.das.6296@example.com,2025-05-16,United Arab Emirates,Dubai
CUST-006297,Vikram,Wright,vikram.wright.6297@example.com,2022-05-11,United States,Chicago
CUST-006298,Fatima,Lee,fatima.lee.6298@example.com,2022-02-01,India,Chennai
CUST-006299,Sofia,Garcia,sofia.garcia.6299@example.com,2022-09-10,United Kingdom,London
CUST-006300,Wei,Muller,wei.muller.6300@example.com,2025-02-27,Canada,Vancouver
CUST-006301,Priya,Thomas,priya.thomas.6301@example.com,2022-02-04,United Arab Emirates,Abu Dhabi
CUST-006302,Ben,Ali,ben.ali.6302@example.com,2022-08-27,Singapore,Singapore
CUST-006303,Diego,Mehta,diego.mehta.6303@example.com,2023-10-17,United Arab Emirates,Dubai
CUST-006304,Aditi,Garcia,aditi.garcia.6304@example.com,2022-01-16,United States,New York
CUST-006305,Olivia,Nguyen,olivia.nguyen.6305@example.com,2020-01-01,United Kingdom,London
CUST-006306,James,Nair,james.nair.6306@example.com,2022-07-22,United States,Austin
CUST-006307,Maya,Lee,maya.lee.6307@example.com,2021-07-20,United Kingdom,London
CUST-006308,Fatima,Chen,fatima.chen.6308@example.com,2020-10-16,Germany,Berlin
CUST-006309,Zane,Nair,zane.nair.6309@example.com,2025-06-02,India,Delhi
CUST-006310,Wei,Singh,wei.singh.6310@example.com,2020-12-10,Canada,Vancouver
CUST-006311,Wei,Lee,wei.lee.6311@example.com,2023-11-02,Germany,Berlin
CUST-006312,Zane,Muller,zane.muller.6312@example.com,2024-12-17,India,Delhi
CUST-006313,James,Ahmed,james.ahmed.6313@example.com,2020-10-11,Germany,Berlin
CUST-006314,Noah,Brown,noah.brown.6314@example.com,2020-04-30,India,Mumbai
CUST-006315,Samir,Silva,samir.silva.6315@example.com,2023-03-10,Singapore,Singapore
CUST-006316,Chen,Wright,chen.wright.6316@example.com,2022-01-24,United States,Chicago
CUST-006317,Quinn,Mehta,quinn.mehta.6317@example.com,2021-09-08,Canada,Toronto
CUST-006318,Leo,Ali,leo.ali.6318@example.com,2025-03-27,Singapore,Singapore
CUST-006319,Chen,Khan,chen.khan.6319@example.com,2025-09-04,Singapore,Singapore
CUST-006320,Isha,Muller,isha.muller.6320@example.com,2025-05-12,United Kingdom,London
CUST-006321,Sofia,Park,sofia.park.6321@example.com,2020-01-15,Singapore,Singapore
CUST-006322,Noah,Iyer,noah.iyer.6322@example.com,2022-09-02,India,Hyderabad
CUST-006323,Vikram,Patel,vikram.patel.6323@example.com,2023-07-06,United Kingdom,London
CUST-006324,Priya,Wilson,priya.wilson.6324@example.com,2023-05-31,Canada,Toronto
CUST-006325,Quinn,Kim,quinn.kim.6325@example.com,2020-06-02,India,Hyderabad
CUST-006326,Vikram,Das,vikram.das.6326@example.com,2020-08-07,United Kingdom,London
CUST-006327,Zane,Chen,zane.chen.6327@example.com,2020-03-16,United Kingdom,Birmingham
CUST-006328,Quinn,Thomas,quinn.thomas.6328@example.com,2025-04-22,Singapore,Singapore
CUST-006329,Maya,Smith,maya.smith.6329@example.com,2025-01-31,Singapore,Singapore
CUST-006330,Aisha,Iyer,aisha.iyer.6330@example.com,2020-01-10,United Arab Emirates,Abu Dhabi
CUST-006331,Wei,Smith,wei.smith.6331@example.com,2020-06-12,India,Bengaluru
CUST-006332,Samir,Muller,samir.muller.6332@example.com,2025-09-13,United States,Seattle
CUST-006333,Quinn,Thomas,quinn.thomas.6333@example.com,2024-07-10,Canada,Vancouver
CUST-006334,James,Mehta,james.mehta.6334@example.com,2023-03-04,India,Chennai
CUST-006335,Kavya,Lee,kavya.lee.6335@example.com,2025-06-12,United Kingdom,Birmingham
CUST-006336,Olivia,Johnson,olivia.johnson.6336@example.com,2025-11-11,India,Bengaluru
CUST-006337,Olivia,Das,olivia.das.6337@example.com,2026-05-26,Canada,Vancouver
CUST-006338,Tara,Ahmed,tara.ahmed.6338@example.com,2026-01-27,Canada,Vancouver
CUST-006339,Wei,Nair,wei.nair.6339@example.com,2020-11-12,Canada,Vancouver
CUST-006340,Priya,Kapoor,priya.kapoor.6340@example.com,2025-09-03,Germany,Munich
CUST-006341,Aditi,Ahmed,aditi.ahmed.6341@example.com,2023-07-14,Germany,Munich
CUST-006342,Aarav,Thomas,aarav.thomas.6342@example.com,2022-04-30,United Kingdom,London
CUST-006343,Wei,Costa,wei.costa.6343@example.com,2024-11-22,Canada,Vancouver
CUST-006344,Chen,Garcia,chen.garcia.6344@example.com,2022-06-30,United States,Seattle
CUST-006345,Zane,Muller,zane.muller.6345@example.com,2021-06-19,India,Mumbai
CUST-006346,Ben,Das,ben.das.6346@example.com,2026-07-27,United Arab Emirates,Dubai
CUST-006347,Riya,Thomas,riya.thomas.6347@example.com,2023-09-11,India,Chennai
CUST-006348,Fatima,Martin,fatima.martin.6348@example.com,2022-07-22,United Kingdom,Manchester
CUST-006349,Aarav,Sharma,aarav.sharma.6349@example.com,2020-10-26,Germany,Berlin
CUST-006350,Riya,Ali,riya.ali.6350@example.com,2021-10-31,Singapore,Singapore
CUST-006351,Sofia,Johnson,sofia.johnson.6351@example.com,2025-12-15,Canada,Vancouver
CUST-006352,Leo,Kim,leo.kim.6352@example.com,2021-10-23,United States,Seattle
CUST-006353,Isha,Das,isha.das.6353@example.com,2025-08-26,Singapore,Singapore
CUST-006354,Amelia,Thomas,amelia.thomas.6354@example.com,2025-08-14,United Arab Emirates,Dubai
CUST-006355,Sofia,Garcia,sofia.garcia.6355@example.com,2025-01-18,United States,Chicago
CUST-006356,Aditi,Singh,aditi.singh.6356@example.com,2026-02-17,Germany,Munich
CUST-006357,Amelia,Muller,amelia.muller.6357@example.com,2020-07-21,United Arab Emirates,Abu Dhabi
CUST-006358,Samir,Khan,samir.khan.6358@example.com,2022-03-29,Germany,Munich
CUST-006359,Olivia,Lopez,olivia.lopez.6359@example.com,2024-06-29,United Kingdom,Manchester
CUST-006360,Kavya,Mehta,kavya.mehta.6360@example.com,2026-01-06,United Arab Emirates,Abu Dhabi
CUST-006361,Isha,Sharma,isha.sharma.6361@example.com,2023-08-22,Canada,Vancouver
CUST-006362,Riya,Ali,riya.ali.6362@example.com,2023-01-08,United Arab Emirates,Abu Dhabi
CUST-006363,Chen,Young,chen.young.6363@example.com,2026-01-27,Germany,Berlin
CUST-006364,Aarav,Thomas,aarav.thomas.6364@example.com,2024-12-26,United Arab Emirates,Dubai
CUST-006365,Chen,Muller,chen.muller.6365@example.com,2021-05-03,Canada,Toronto
CUST-006366,Wei,Martin,wei.martin.6366@example.com,2026-06-08,India,Bengaluru
CUST-006367,James,Khan,james.khan.6367@example.com,2024-06-29,Singapore,Singapore
CUST-006368,Aarav,Nguyen,aarav.nguyen.6368@example.com,2023-08-14,Singapore,Singapore
CUST-006369,Zane,Singh,zane.singh.6369@example.com,2025-01-15,Germany,Munich
CUST-006370,Emma,Singh,emma.singh.6370@example.com,2025-11-11,Singapore,Singapore
CUST-006371,Grace,Singh,grace.singh.6371@example.com,2024-01-08,Canada,Vancouver
CUST-006372,Hassan,Nguyen,hassan.nguyen.6372@example.com,2022-11-09,United States,Chicago
CUST-006373,James,Lee,james.lee.6373@example.com,2020-01-29,India,Mumbai
CUST-006374,Isha,Wilson,isha.wilson.6374@example.com,2023-10-14,Singapore,Singapore
CUST-006375,Vikram,Wilson,vikram.wilson.6375@example.com,2021-06-27,Canada,Vancouver
CUST-006376,Riya,Patel,riya.patel.6376@example.com,2020-10-19,United Kingdom,Manchester
CUST-006377,Isha,Iyer,isha.iyer.6377@example.com,2023-08-24,United Kingdom,London
CUST-006378,Aisha,Smith,aisha.smith.6378@example.com,2023-05-24,United Kingdom,Manchester
CUST-006379,Amelia,Roy,amelia.roy.6379@example.com,2026-08-08,United Arab Emirates,Abu Dhabi
CUST-006380,Sofia,Kim,sofia.kim.6380@example.com,2021-08-11,India,Bengaluru
CUST-006381,Chen,Wilson,chen.wilson.6381@example.com,2025-12-28,Singapore,Singapore
CUST-006382,Aarav,Wilson,aarav.wilson.6382@example.com,2022-08-13,Canada,Vancouver
CUST-006383,Wei,Chen,wei.chen.6383@example.com,2020-06-20,Canada,Toronto
CUST-006384,Kavya,Sharma,kavya.sharma.6384@example.com,2024-07-30,United States,Austin
CUST-006385,Aditi,Young,aditi.young.6385@example.com,2023-05-06,United Arab Emirates,Abu Dhabi
CUST-006386,Aisha,Kapoor,aisha.kapoor.6386@example.com,2025-09-30,United States,Chicago
CUST-006387,Aditi,Smith,aditi.smith.6387@example.com,2023-09-25,India,Mumbai
CUST-006388,Noah,Nair,noah.nair.6388@example.com,2025-12-30,Germany,Berlin
CUST-006389,Aarav,Nair,aarav.nair.6389@example.com,2023-02-12,Canada,Toronto
CUST-006390,Chen,Lee,chen.lee.6390@example.com,2026-06-27,Germany,Berlin
CUST-006391,Olivia,Roy,olivia.roy.6391@example.com,2020-09-28,Singapore,Singapore
CUST-006392,Priya,Chen,priya.chen.6392@example.com,2026-06-16,Canada,Vancouver
CUST-006393,Aisha,Silva,aisha.silva.6393@example.com,2023-10-10,United Kingdom,London
CUST-006394,Noah,Lee,noah.lee.6394@example.com,2022-05-09,India,Delhi
CUST-006395,Isha,Nair,isha.nair.6395@example.com,2025-11-27,United Kingdom,London
CUST-006396,Fatima,Singh,fatima.singh.6396@example.com,2025-03-15,India,Bengaluru
CUST-006397,Hassan,Roy,hassan.roy.6397@example.com,2024-03-26,Canada,Vancouver
CUST-006398,Fatima,Wilson,fatima.wilson.6398@example.com,2026-06-05,India,Delhi
CUST-006399,Leo,Lopez,leo.lopez.6399@example.com,2022-07-01,Germany,Munich
CUST-006400,Riya,Sharma,riya.sharma.6400@example.com,2026-07-22,United Kingdom,Birmingham
CUST-006401,Uma,Martin,uma.martin.6401@example.com,2021-07-28,India,Hyderabad
CUST-006402,Aarav,Smith,aarav.smith.6402@example.com,2022-10-24,Germany,Munich
CUST-006403,Aisha,Lopez,aisha.lopez.6403@example.com,2020-06-30,Canada,Toronto
CUST-006404,Amelia,Iyer,amelia.iyer.6404@example.com,2021-07-27,United Arab Emirates,Abu Dhabi
CUST-006405,Maya,Lee,maya.lee.6405@example.com,2020-03-12,United Arab Emirates,Abu Dhabi
CUST-006406,Chen,Thomas,chen.thomas.6406@example.com,2021-09-21,United Kingdom,London
CUST-006407,Diego,Nguyen,diego.nguyen.6407@example.com,2024-12-07,United Arab Emirates,Abu Dhabi
CUST-006408,Leo,Kim,leo.kim.6408@example.com,2024-11-24,United Arab Emirates,Abu Dhabi
CUST-006409,Hassan,Nair,hassan.nair.6409@example.com,2021-04-10,United Kingdom,Birmingham
CUST-006410,Fatima,Khan,fatima.khan.6410@example.com,2024-10-08,United Arab Emirates,Abu Dhabi
CUST-006411,Sofia,Wright,sofia.wright.6411@example.com,2021-10-13,United Arab Emirates,Dubai
CUST-006412,Aarav,Wilson,aarav.wilson.6412@example.com,2021-06-12,United Arab Emirates,Abu Dhabi
CUST-006413,Vikram,Lopez,vikram.lopez.6413@example.com,2024-06-11,United Arab Emirates,Abu Dhabi
CUST-006414,Arjun,Ahmed,arjun.ahmed.6414@example.com,2021-10-13,Singapore,Singapore
CUST-006415,Quinn,Roy,quinn.roy.6415@example.com,2021-11-20,United States,Chicago
CUST-006416,Aarav,Mehta,aarav.mehta.6416@example.com,2024-01-16,Germany,Munich
CUST-006417,Samir,Nair,samir.nair.6417@example.com,2023-02-20,Canada,Toronto
CUST-006418,Kavya,Costa,kavya.costa.6418@example.com,2025-05-22,Canada,Vancouver
CUST-006419,Sofia,Wilson,sofia.wilson.6419@example.com,2021-02-08,United States,Chicago
CUST-006420,Chen,Das,chen.das.6420@example.com,2024-04-21,India,Hyderabad
CUST-006421,Ben,Silva,ben.silva.6421@example.com,2022-05-25,United Arab Emirates,Dubai
CUST-006422,Hassan,Khan,hassan.khan.6422@example.com,2025-12-09,Canada,Toronto
CUST-006423,Kavya,Martin,kavya.martin.6423@example.com,2021-09-04,United Arab Emirates,Abu Dhabi
CUST-006424,Uma,Garcia,uma.garcia.6424@example.com,2024-01-21,Singapore,Singapore
CUST-006425,Olivia,Kim,olivia.kim.6425@example.com,2026-02-25,Singapore,Singapore
CUST-006426,Sofia,Costa,sofia.costa.6426@example.com,2022-08-22,United States,Austin
CUST-006427,Kavya,Mehta,kavya.mehta.6427@example.com,2022-06-20,United States,Chicago
CUST-006428,Arjun,Ali,arjun.ali.6428@example.com,2025-08-20,United Arab Emirates,Dubai
CUST-006429,Aisha,Young,aisha.young.6429@example.com,2022-07-22,United States,Chicago
CUST-006430,Riya,Silva,riya.silva.6430@example.com,2020-08-19,United Arab Emirates,Dubai
CUST-006431,Samir,Silva,samir.silva.6431@example.com,2024-10-20,Canada,Vancouver
CUST-006432,Wei,Lee,wei.lee.6432@example.com,2026-01-29,Canada,Vancouver
CUST-006433,Aditi,Wright,aditi.wright.6433@example.com,2023-02-23,United Arab Emirates,Abu Dhabi
CUST-006434,Kavya,Ahmed,kavya.ahmed.6434@example.com,2022-11-28,United Kingdom,London
CUST-006435,Quinn,Park,quinn.park.6435@example.com,2024-09-19,Singapore,Singapore
CUST-006436,Grace,Singh,grace.singh.6436@example.com,2025-11-19,United States,New York
CUST-006437,Wei,Young,wei.young.6437@example.com,2026-02-08,Canada,Toronto
CUST-006438,Wei,Ali,wei.ali.6438@example.com,2022-05-10,Germany,Munich
CUST-006439,Maya,Khan,maya.khan.6439@example.com,2026-07-16,United Kingdom,London
CUST-006440,Grace,Chen,grace.chen.6440@example.com,2020-08-25,United Arab Emirates,Abu Dhabi
CUST-006441,Hassan,Wilson,hassan.wilson.6441@example.com,2024-05-18,United Arab Emirates,Dubai
CUST-006442,Isha,Silva,isha.silva.6442@example.com,2022-05-10,United Arab Emirates,Abu Dhabi
CUST-006443,Noah,Wilson,noah.wilson.6443@example.com,2024-08-10,Singapore,Singapore
CUST-006444,Maya,Sharma,maya.sharma.6444@example.com,2021-09-29,Canada,Toronto
CUST-006445,Riya,Chen,riya.chen.6445@example.com,2020-11-20,Singapore,Singapore
CUST-006446,Diego,Ahmed,diego.ahmed.6446@example.com,2021-03-21,Singapore,Singapore
CUST-006447,Arjun,Kapoor,arjun.kapoor.6447@example.com,2020-04-24,Germany,Munich
CUST-006448,Tara,Khan,tara.khan.6448@example.com,2026-02-17,United Arab Emirates,Dubai
CUST-006449,Aisha,Kapoor,aisha.kapoor.6449@example.com,2026-01-20,United Arab Emirates,Abu Dhabi
CUST-006450,Yara,Lopez,yara.lopez.6450@example.com,2021-02-06,Canada,Toronto
CUST-006451,Wei,Park,wei.park.6451@example.com,2025-06-23,India,Mumbai
CUST-006452,Sofia,Muller,sofia.muller.6452@example.com,2020-05-30,Singapore,Singapore
CUST-006453,Aditi,Ali,aditi.ali.6453@example.com,2021-06-24,United Arab Emirates,Dubai
CUST-006454,Leo,Roy,leo.roy.6454@example.com,2026-08-11,United States,Austin
CUST-006455,Isha,Martin,isha.martin.6455@example.com,2022-08-04,United Arab Emirates,Dubai
CUST-006456,Emma,Young,emma.young.6456@example.com,2025-09-25,Germany,Munich
CUST-006457,Riya,Kim,riya.kim.6457@example.com,2025-02-03,United Arab Emirates,Dubai
CUST-006458,Diego,Das,diego.das.6458@example.com,2020-06-30,United Kingdom,Manchester
CUST-006459,Leo,Singh,leo.singh.6459@example.com,2025-09-24,Singapore,Singapore
CUST-006460,Yara,Wilson,yara.wilson.6460@example.com,2022-07-11,Canada,Toronto
CUST-006461,Grace,Iyer,grace.iyer.6461@example.com,2025-01-01,Germany,Berlin
CUST-006462,Vikram,Chen,vikram.chen.6462@example.com,2022-08-25,Singapore,Singapore
CUST-006463,Uma,Smith,uma.smith.6463@example.com,2022-06-12,Canada,Toronto
CUST-006464,Grace,Singh,grace.singh.6464@example.com,2020-06-23,United Kingdom,Birmingham
CUST-006465,Yara,Roy,yara.roy.6465@example.com,2024-12-07,United Kingdom,Birmingham
CUST-006466,Zane,Patel,zane.patel.6466@example.com,2021-06-04,United Kingdom,Birmingham
CUST-006467,Amelia,Wilson,amelia.wilson.6467@example.com,2022-06-30,Singapore,Singapore
CUST-006468,Samir,Silva,samir.silva.6468@example.com,2022-12-14,United Kingdom,London
CUST-006469,Fatima,Iyer,fatima.iyer.6469@example.com,2026-01-10,United Arab Emirates,Dubai
CUST-006470,Arjun,Khan,arjun.khan.6470@example.com,2020-09-18,United Kingdom,Manchester
CUST-006471,Zane,Chen,zane.chen.6471@example.com,2021-02-23,India,Bengaluru
CUST-006472,Sofia,Brown,sofia.brown.6472@example.com,2023-08-14,Germany,Berlin
CUST-006473,Chen,Muller,chen.muller.6473@example.com,2024-12-23,United Arab Emirates,Dubai
CUST-006474,Grace,Lopez,grace.lopez.6474@example.com,2024-05-30,Canada,Toronto
CUST-006475,Tara,Patel,tara.patel.6475@example.com,2024-11-28,United Arab Emirates,Abu Dhabi
CUST-006476,Priya,Ali,priya.ali.6476@example.com,2020-08-06,United Arab Emirates,Dubai
CUST-006477,Diego,Lopez,diego.lopez.6477@example.com,2022-12-29,United Kingdom,Manchester
CUST-006478,James,Wilson,james.wilson.6478@example.com,2022-12-14,United Kingdom,Manchester
CUST-006479,Leo,Ahmed,leo.ahmed.6479@example.com,2023-04-16,Canada,Toronto
CUST-006480,Sofia,Roy,sofia.roy.6480@example.com,2024-09-29,United States,Chicago
CUST-006481,Fatima,Silva,fatima.silva.6481@example.com,2020-09-28,India,Hyderabad
CUST-006482,Chen,Garcia,chen.garcia.6482@example.com,2023-07-31,United Arab Emirates,Abu Dhabi
CUST-006483,Chen,Roy,chen.roy.6483@example.com,2025-09-03,Singapore,Singapore
CUST-006484,Yara,Nguyen,yara.nguyen.6484@example.com,2026-07-13,United Kingdom,Manchester
CUST-006485,Hassan,Ali,hassan.ali.6485@example.com,2021-10-18,Germany,Berlin
CUST-006486,Riya,Ali,riya.ali.6486@example.com,2021-03-03,United States,Chicago
CUST-006487,Noah,Roy,noah.roy.6487@example.com,2022-05-03,Germany,Berlin
CUST-006488,Aisha,Ahmed,aisha.ahmed.6488@example.com,2020-12-29,Canada,Vancouver
CUST-006489,Noah,Iyer,noah.iyer.6489@example.com,2023-05-31,Germany,Berlin
CUST-006490,Wei,Brown,wei.brown.6490@example.com,2021-12-18,United States,Seattle
CUST-006491,Amelia,Muller,amelia.muller.6491@example.com,2024-03-07,Canada,Toronto
CUST-006492,Noah,Iyer,noah.iyer.6492@example.com,2022-11-07,Germany,Berlin
CUST-006493,Olivia,Costa,olivia.costa.6493@example.com,2024-05-12,Canada,Toronto
CUST-006494,Kavya,Kapoor,kavya.kapoor.6494@example.com,2023-05-13,United States,Seattle
CUST-006495,Vikram,Muller,vikram.muller.6495@example.com,2025-04-12,Canada,Vancouver
CUST-006496,Isha,Smith,isha.smith.6496@example.com,2021-05-16,Germany,Munich
CUST-006497,Tara,Lopez,tara.lopez.6497@example.com,2024-01-01,United Arab Emirates,Abu Dhabi
CUST-006498,Quinn,Khan,quinn.khan.6498@example.com,2025-06-17,Germany,Munich
CUST-006499,Tara,Kapoor,tara.kapoor.6499@example.com,2021-04-15,United Arab Emirates,Abu Dhabi
CUST-006500,Amelia,Ali,amelia.ali.6500@example.com,2023-10-11,India,Mumbai
CUST-006501,Ben,Young,ben.young.6501@example.com,2020-11-11,United States,New York
CUST-006502,Isha,Ahmed,isha.ahmed.6502@example.com,2020-10-21,United Arab Emirates,Abu Dhabi
CUST-006503,Zane,Nguyen,zane.nguyen.6503@example.com,2023-05-13,United States,Seattle
CUST-006504,Riya,Chen,riya.chen.6504@example.com,2020-08-27,Singapore,Singapore
CUST-006505,Wei,Martin,wei.martin.6505@example.com,2025-06-17,United States,Chicago
CUST-006506,Fatima,Sharma,fatima.sharma.6506@example.com,2021-06-10,Germany,Berlin
CUST-006507,Noah,Muller,noah.muller.6507@example.com,2022-09-15,United Kingdom,London
CUST-006508,Uma,Kapoor,uma.kapoor.6508@example.com,2021-09-12,India,Hyderabad
CUST-006509,Yara,Lopez,yara.lopez.6509@example.com,2020-05-01,United Kingdom,Birmingham
CUST-006510,Tara,Lopez,tara.lopez.6510@example.com,2024-04-23,United Arab Emirates,Dubai
CUST-006511,Arjun,Martin,arjun.martin.6511@example.com,2024-08-29,United States,Chicago
CUST-006512,Kavya,Ali,kavya.ali.6512@example.com,2024-03-26,India,Hyderabad
CUST-006513,James,Costa,james.costa.6513@example.com,2020-01-07,India,Bengaluru
CUST-006514,Grace,Mehta,grace.mehta.6514@example.com,2022-09-12,Singapore,Singapore
CUST-006515,Ben,Park,ben.park.6515@example.com,2021-07-04,India,Bengaluru
CUST-006516,Aisha,Wright,aisha.wright.6516@example.com,2022-06-20,Germany,Munich
CUST-006517,Priya,Ahmed,priya.ahmed.6517@example.com,2020-06-11,United Arab Emirates,Dubai
CUST-006518,Zane,Johnson,zane.johnson.6518@example.com,2024-11-27,Germany,Munich
CUST-006519,Noah,Brown,noah.brown.6519@example.com,2025-06-22,Singapore,Singapore
CUST-006520,Priya,Mehta,priya.mehta.6520@example.com,2021-01-19,India,Hyderabad
CUST-006521,Yara,Ali,yara.ali.6521@example.com,2020-10-22,United Arab Emirates,Abu Dhabi
CUST-006522,Aisha,Lopez,aisha.lopez.6522@example.com,2023-02-04,United Kingdom,Manchester
CUST-006523,Arjun,Lee,arjun.lee.6523@example.com,2020-04-20,United Kingdom,Birmingham
CUST-006524,Ben,Johnson,ben.johnson.6524@example.com,2023-12-06,United States,New York
CUST-006525,Kavya,Kim,kavya.kim.6525@example.com,2024-06-07,Canada,Vancouver
CUST-006526,James,Young,james.young.6526@example.com,2021-07-27,United Kingdom,Manchester
CUST-006527,Wei,Patel,wei.patel.6527@example.com,2026-03-01,India,Hyderabad
CUST-006528,Diego,Chen,diego.chen.6528@example.com,2021-06-09,Canada,Vancouver
CUST-006529,Chen,Khan,chen.khan.6529@example.com,2026-07-22,United Arab Emirates,Abu Dhabi
CUST-006530,Tara,Young,tara.young.6530@example.com,2024-04-11,Germany,Munich
CUST-006531,Hassan,Ahmed,hassan.ahmed.6531@example.com,2021-10-08,Canada,Toronto
CUST-006532,Leo,Wright,leo.wright.6532@example.com,2024-03-18,Singapore,Singapore
CUST-006533,Vikram,Khan,vikram.khan.6533@example.com,2020-07-03,United Kingdom,London
CUST-006534,Chen,Kapoor,chen.kapoor.6534@example.com,2026-02-20,Canada,Vancouver
CUST-006535,Aarav,Smith,aarav.smith.6535@example.com,2023-10-02,Germany,Munich
CUST-006536,Amelia,Mehta,amelia.mehta.6536@example.com,2022-05-03,Germany,Munich
CUST-006537,Uma,Kim,uma.kim.6537@example.com,2022-11-13,Germany,Munich
CUST-006538,Leo,Garcia,leo.garcia.6538@example.com,2025-12-24,United States,Austin
CUST-006539,Olivia,Sharma,olivia.sharma.6539@example.com,2025-04-04,United Kingdom,London
CUST-006540,Diego,Khan,diego.khan.6540@example.com,2024-01-19,United Kingdom,Manchester
CUST-006541,Isha,Mehta,isha.mehta.6541@example.com,2020-12-08,Germany,Munich
CUST-006542,Riya,Chen,riya.chen.6542@example.com,2026-07-04,United Kingdom,London
CUST-006543,Aisha,Iyer,aisha.iyer.6543@example.com,2021-04-13,India,Delhi
CUST-006544,Samir,Park,samir.park.6544@example.com,2025-02-18,United Arab Emirates,Abu Dhabi
CUST-006545,Olivia,Silva,olivia.silva.6545@example.com,2022-05-25,United Kingdom,London
CUST-006546,Aisha,Thomas,aisha.thomas.6546@example.com,2020-02-03,Germany,Munich
CUST-006547,Aarav,Ahmed,aarav.ahmed.6547@example.com,2023-03-15,United Kingdom,London
CUST-006548,Kavya,Chen,kavya.chen.6548@example.com,2024-11-18,Germany,Munich
CUST-006549,Arjun,Wilson,arjun.wilson.6549@example.com,2020-07-31,United States,Seattle
CUST-006550,Maya,Patel,maya.patel.6550@example.com,2021-02-13,India,Chennai
CUST-006551,Leo,Brown,leo.brown.6551@example.com,2023-07-02,India,Bengaluru
CUST-006552,Olivia,Khan,olivia.khan.6552@example.com,2021-01-12,United Kingdom,London
CUST-006553,Emma,Brown,emma.brown.6553@example.com,2025-05-25,Singapore,Singapore
CUST-006554,Ben,Lopez,ben.lopez.6554@example.com,2020-03-01,India,Hyderabad
CUST-006555,Vikram,Martin,vikram.martin.6555@example.com,2026-02-25,India,Hyderabad
CUST-006556,Arjun,Patel,arjun.patel.6556@example.com,2024-07-18,United Arab Emirates,Abu Dhabi
CUST-006557,James,Kim,james.kim.6557@example.com,2023-09-16,United States,Chicago
CUST-006558,Wei,Patel,wei.patel.6558@example.com,2026-02-22,Singapore,Singapore
CUST-006559,Aisha,Thomas,aisha.thomas.6559@example.com,2026-06-26,Singapore,Singapore
CUST-006560,Diego,Kapoor,diego.kapoor.6560@example.com,2020-10-22,Canada,Vancouver
CUST-006561,Emma,Smith,emma.smith.6561@example.com,2022-03-14,Germany,Berlin
CUST-006562,Isha,Patel,isha.patel.6562@example.com,2022-01-26,India,Bengaluru
CUST-006563,Aditi,Smith,aditi.smith.6563@example.com,2024-11-03,United Arab Emirates,Abu Dhabi
CUST-006564,Quinn,Das,quinn.das.6564@example.com,2020-03-18,United Kingdom,Birmingham
CUST-006565,Grace,Kapoor,grace.kapoor.6565@example.com,2021-07-19,Canada,Toronto
CUST-006566,Fatima,Mehta,fatima.mehta.6566@example.com,2021-01-27,India,Delhi
CUST-006567,Vikram,Garcia,vikram.garcia.6567@example.com,2024-07-11,India,Hyderabad
CUST-006568,Leo,Patel,leo.patel.6568@example.com,2023-07-14,India,Mumbai
CUST-006569,Emma,Singh,emma.singh.6569@example.com,2026-08-08,Germany,Berlin
CUST-006570,Aarav,Nguyen,aarav.nguyen.6570@example.com,2024-07-03,Canada,Vancouver
CUST-006571,Zane,Brown,zane.brown.6571@example.com,2025-10-28,United States,Austin
CUST-006572,Aisha,Garcia,aisha.garcia.6572@example.com,2021-07-13,Canada,Vancouver
CUST-006573,Aditi,Patel,aditi.patel.6573@example.com,2022-08-08,United Kingdom,Birmingham
CUST-006574,Aisha,Smith,aisha.smith.6574@example.com,2021-12-22,Germany,Berlin
CUST-006575,Hassan,Muller,hassan.muller.6575@example.com,2020-04-22,United States,New York
CUST-006576,Riya,Mehta,riya.mehta.6576@example.com,2020-07-08,United Arab Emirates,Dubai
CUST-006577,Arjun,Roy,arjun.roy.6577@example.com,2022-11-14,United States,Seattle
CUST-006578,Chen,Brown,chen.brown.6578@example.com,2021-02-17,United Arab Emirates,Dubai
CUST-006579,Diego,Lopez,diego.lopez.6579@example.com,2024-01-29,United States,Austin
CUST-006580,Maya,Muller,maya.muller.6580@example.com,2022-05-29,India,Bengaluru
CUST-006581,Diego,Mehta,diego.mehta.6581@example.com,2022-11-07,United Arab Emirates,Abu Dhabi
CUST-006582,Wei,Thomas,wei.thomas.6582@example.com,2023-03-06,Singapore,Singapore
CUST-006583,Aisha,Johnson,aisha.johnson.6583@example.com,2022-01-30,United Kingdom,Birmingham
CUST-006584,Isha,Kim,isha.kim.6584@example.com,2023-05-05,Canada,Vancouver
CUST-006585,James,Park,james.park.6585@example.com,2021-12-10,India,Delhi
CUST-006586,Olivia,Wilson,olivia.wilson.6586@example.com,2024-10-24,Singapore,Singapore
CUST-006587,Emma,Smith,emma.smith.6587@example.com,2020-08-11,Germany,Munich
CUST-006588,Diego,Costa,diego.costa.6588@example.com,2025-02-01,Canada,Vancouver
CUST-006589,Quinn,Young,quinn.young.6589@example.com,2022-09-20,Canada,Vancouver
CUST-006590,Riya,Ahmed,riya.ahmed.6590@example.com,2024-01-16,United Arab Emirates,Dubai
CUST-006591,Priya,Chen,priya.chen.6591@example.com,2022-08-08,Canada,Vancouver
CUST-006592,Isha,Silva,isha.silva.6592@example.com,2021-01-12,Canada,Vancouver
CUST-006593,Samir,Smith,samir.smith.6593@example.com,2024-07-13,Singapore,Singapore
CUST-006594,Wei,Singh,wei.singh.6594@example.com,2020-09-28,United Arab Emirates,Abu Dhabi
CUST-006595,Leo,Roy,leo.roy.6595@example.com,2021-10-07,Singapore,Singapore
CUST-006596,Vikram,Brown,vikram.brown.6596@example.com,2025-09-23,Canada,Toronto
CUST-006597,Priya,Kapoor,priya.kapoor.6597@example.com,2024-09-01,Singapore,Singapore
CUST-006598,Arjun,Lee,arjun.lee.6598@example.com,2024-02-22,Singapore,Singapore
CUST-006599,Diego,Muller,diego.muller.6599@example.com,2026-07-10,Canada,Vancouver
CUST-006600,Ben,Kim,ben.kim.6600@example.com,2023-01-14,Singapore,Singapore
CUST-006601,James,Mehta,james.mehta.6601@example.com,2022-08-13,United Kingdom,Manchester
CUST-006602,Chen,Martin,chen.martin.6602@example.com,2024-07-28,United Arab Emirates,Dubai
CUST-006603,Uma,Lopez,uma.lopez.6603@example.com,2026-06-19,Canada,Vancouver
CUST-006604,Tara,Brown,tara.brown.6604@example.com,2023-04-01,United States,Austin
CUST-006605,Zane,Kapoor,zane.kapoor.6605@example.com,2024-05-09,Germany,Munich
CUST-006606,Sofia,Ahmed,sofia.ahmed.6606@example.com,2023-05-04,United States,New York
CUST-006607,Grace,Chen,grace.chen.6607@example.com,2021-10-03,India,Hyderabad
CUST-006608,Yara,Lopez,yara.lopez.6608@example.com,2024-09-09,Germany,Berlin
CUST-006609,Tara,Lopez,tara.lopez.6609@example.com,2022-07-08,United Arab Emirates,Abu Dhabi
CUST-006610,Emma,Johnson,emma.johnson.6610@example.com,2023-03-19,Germany,Munich
CUST-006611,Noah,Singh,noah.singh.6611@example.com,2024-10-23,United Arab Emirates,Dubai
CUST-006612,Riya,Ahmed,riya.ahmed.6612@example.com,2024-08-18,India,Mumbai
CUST-006613,Isha,Mehta,isha.mehta.6613@example.com,2021-08-25,United Arab Emirates,Abu Dhabi
CUST-006614,Olivia,Chen,olivia.chen.6614@example.com,2022-08-26,United Arab Emirates,Dubai
CUST-006615,James,Nguyen,james.nguyen.6615@example.com,2022-07-08,United Kingdom,Birmingham
CUST-006616,Maya,Khan,maya.khan.6616@example.com,2024-05-31,India,Chennai
CUST-006617,Quinn,Johnson,quinn.johnson.6617@example.com,2025-03-06,Germany,Berlin
CUST-006618,Aarav,Brown,aarav.brown.6618@example.com,2025-07-29,India,Bengaluru
CUST-006619,Leo,Garcia,leo.garcia.6619@example.com,2020-08-29,Singapore,Singapore
CUST-006620,Samir,Smith,samir.smith.6620@example.com,2020-01-17,Canada,Toronto
CUST-006621,Emma,Martin,emma.martin.6621@example.com,2024-10-01,United Arab Emirates,Abu Dhabi
CUST-006622,Noah,Young,noah.young.6622@example.com,2020-03-19,Germany,Berlin
CUST-006623,Isha,Mehta,isha.mehta.6623@example.com,2026-06-08,United Kingdom,London
CUST-006624,Arjun,Garcia,arjun.garcia.6624@example.com,2023-03-15,India,Hyderabad
CUST-006625,Vikram,Johnson,vikram.johnson.6625@example.com,2023-05-04,United Arab Emirates,Abu Dhabi
CUST-006626,Isha,Smith,isha.smith.6626@example.com,2023-02-12,United Kingdom,London
CUST-006627,Tara,Ahmed,tara.ahmed.6627@example.com,2021-11-04,Canada,Vancouver
CUST-006628,Wei,Das,wei.das.6628@example.com,2023-11-11,United Kingdom,Manchester
CUST-006629,Chen,Kapoor,chen.kapoor.6629@example.com,2022-02-22,Canada,Toronto
CUST-006630,Kavya,Garcia,kavya.garcia.6630@example.com,2026-07-24,Germany,Munich
CUST-006631,Aarav,Johnson,aarav.johnson.6631@example.com,2026-06-03,Singapore,Singapore
CUST-006632,Maya,Thomas,maya.thomas.6632@example.com,2020-11-23,Germany,Berlin
CUST-006633,Ben,Lopez,ben.lopez.6633@example.com,2024-04-18,Singapore,Singapore
CUST-006634,Olivia,Ali,olivia.ali.6634@example.com,2024-08-06,India,Hyderabad
CUST-006635,Riya,Sharma,riya.sharma.6635@example.com,2026-03-05,Singapore,Singapore
CUST-006636,Chen,Singh,chen.singh.6636@example.com,2021-03-30,United States,New York
CUST-006637,Arjun,Muller,arjun.muller.6637@example.com,2021-11-26,India,Delhi
CUST-006638,Vikram,Roy,vikram.roy.6638@example.com,2020-04-22,United Arab Emirates,Dubai
CUST-006639,Isha,Roy,isha.roy.6639@example.com,2022-10-08,Germany,Munich
CUST-006640,Tara,Ahmed,tara.ahmed.6640@example.com,2020-11-29,India,Bengaluru
CUST-006641,Diego,Brown,diego.brown.6641@example.com,2023-01-18,United Kingdom,London
CUST-006642,Leo,Kapoor,leo.kapoor.6642@example.com,2024-09-13,Germany,Munich
CUST-006643,Riya,Park,riya.park.6643@example.com,2023-01-25,United States,New York
CUST-006644,Fatima,Patel,fatima.patel.6644@example.com,2026-04-26,Canada,Vancouver
CUST-006645,Amelia,Mehta,amelia.mehta.6645@example.com,2020-10-18,India,Hyderabad
CUST-006646,Leo,Nair,leo.nair.6646@example.com,2020-06-03,United States,New York
CUST-006647,Emma,Kapoor,emma.kapoor.6647@example.com,2021-01-08,United Arab Emirates,Dubai
CUST-006648,Isha,Sharma,isha.sharma.6648@example.com,2026-06-26,United Kingdom,Birmingham
CUST-006649,Samir,Ahmed,samir.ahmed.6649@example.com,2020-12-06,Germany,Berlin
CUST-006650,Aditi,Thomas,aditi.thomas.6650@example.com,2021-10-23,United Kingdom,London
CUST-006651,Aisha,Wilson,aisha.wilson.6651@example.com,2024-09-04,United Arab Emirates,Abu Dhabi
CUST-006652,Sofia,Nguyen,sofia.nguyen.6652@example.com,2026-02-07,Singapore,Singapore
CUST-006653,Tara,Khan,tara.khan.6653@example.com,2020-06-11,United Arab Emirates,Dubai
CUST-006654,Fatima,Garcia,fatima.garcia.6654@example.com,2022-04-01,India,Delhi
CUST-006655,Maya,Young,maya.young.6655@example.com,2023-09-10,Germany,Munich
CUST-006656,Noah,Lee,noah.lee.6656@example.com,2020-09-02,United States,Austin
CUST-006657,Grace,Johnson,grace.johnson.6657@example.com,2024-10-08,India,Mumbai
CUST-006658,Samir,Chen,samir.chen.6658@example.com,2021-01-28,United Arab Emirates,Abu Dhabi
CUST-006659,Wei,Kapoor,wei.kapoor.6659@example.com,2021-02-12,United Arab Emirates,Dubai
CUST-006660,Sofia,Martin,sofia.martin.6660@example.com,2020-08-28,Singapore,Singapore
CUST-006661,Grace,Park,grace.park.6661@example.com,2021-02-09,Singapore,Singapore
CUST-006662,Vikram,Chen,vikram.chen.6662@example.com,2022-04-12,India,Bengaluru
CUST-006663,Vikram,Das,vikram.das.6663@example.com,2026-07-15,India,Delhi
CUST-006664,Sofia,Thomas,sofia.thomas.6664@example.com,2020-03-07,Canada,Toronto
CUST-006665,Fatima,Young,fatima.young.6665@example.com,2020-01-18,Singapore,Singapore
CUST-006666,Sofia,Wilson,sofia.wilson.6666@example.com,2020-12-27,United Arab Emirates,Abu Dhabi
CUST-006667,Amelia,Nguyen,amelia.nguyen.6667@example.com,2025-12-25,United States,Chicago
CUST-006668,Yara,Lopez,yara.lopez.6668@example.com,2023-07-22,United Kingdom,London
CUST-006669,Sofia,Chen,sofia.chen.6669@example.com,2020-11-03,Germany,Berlin
CUST-006670,James,Chen,james.chen.6670@example.com,2025-09-20,Canada,Vancouver
CUST-006671,Leo,Muller,leo.muller.6671@example.com,2024-10-21,United Kingdom,London
CUST-006672,Priya,Khan,priya.khan.6672@example.com,2026-03-19,United States,New York
CUST-006673,Aditi,Kapoor,aditi.kapoor.6673@example.com,2025-08-07,Germany,Munich
CUST-006674,Priya,Nguyen,priya.nguyen.6674@example.com,2024-04-01,Germany,Berlin
CUST-006675,Vikram,Ahmed,vikram.ahmed.6675@example.com,2021-11-24,United Kingdom,London
CUST-006676,Quinn,Garcia,quinn.garcia.6676@example.com,2023-11-27,India,Delhi
CUST-006677,Zane,Patel,zane.patel.6677@example.com,2022-08-30,India,Mumbai
CUST-006678,Sofia,Singh,sofia.singh.6678@example.com,2023-09-19,United States,New York
CUST-006679,James,Nair,james.nair.6679@example.com,2024-11-09,Germany,Berlin
CUST-006680,Isha,Khan,isha.khan.6680@example.com,2026-02-22,Singapore,Singapore
CUST-006681,Wei,Iyer,wei.iyer.6681@example.com,2021-11-15,United Kingdom,Manchester
CUST-006682,Ben,Roy,ben.roy.6682@example.com,2025-07-28,Germany,Munich
CUST-006683,Zane,Khan,zane.khan.6683@example.com,2021-07-23,India,Delhi
CUST-006684,Fatima,Chen,fatima.chen.6684@example.com,2020-09-23,Germany,Munich
CUST-006685,Olivia,Martin,olivia.martin.6685@example.com,2023-02-04,United Arab Emirates,Abu Dhabi
CUST-006686,James,Muller,james.muller.6686@example.com,2023-03-02,United Arab Emirates,Dubai
CUST-006687,Aditi,Sharma,aditi.sharma.6687@example.com,2021-03-10,United Kingdom,Birmingham
CUST-006688,Quinn,Das,quinn.das.6688@example.com,2023-10-27,Germany,Munich
CUST-006689,Kavya,Iyer,kavya.iyer.6689@example.com,2024-07-04,Germany,Berlin
CUST-006690,Hassan,Iyer,hassan.iyer.6690@example.com,2025-08-29,Canada,Vancouver
CUST-006691,Zane,Garcia,zane.garcia.6691@example.com,2022-01-24,Canada,Vancouver
CUST-006692,Quinn,Mehta,quinn.mehta.6692@example.com,2025-02-09,India,Bengaluru
CUST-006693,Isha,Muller,isha.muller.6693@example.com,2024-01-21,United States,Chicago
CUST-006694,Hassan,Sharma,hassan.sharma.6694@example.com,2024-04-16,United Kingdom,London
CUST-006695,Leo,Sharma,leo.sharma.6695@example.com,2020-06-24,Germany,Berlin
CUST-006696,Fatima,Thomas,fatima.thomas.6696@example.com,2023-01-29,Germany,Berlin
CUST-006697,Wei,Brown,wei.brown.6697@example.com,2024-03-28,India,Chennai
CUST-006698,Quinn,Costa,quinn.costa.6698@example.com,2022-01-07,Canada,Vancouver
CUST-006699,Aditi,Park,aditi.park.6699@example.com,2025-09-27,Germany,Munich
CUST-006700,Uma,Park,uma.park.6700@example.com,2020-01-22,India,Mumbai
CUST-006701,Quinn,Silva,quinn.silva.6701@example.com,2024-08-02,Singapore,Singapore
CUST-006702,Riya,Lee,riya.lee.6702@example.com,2021-02-14,Canada,Vancouver
CUST-006703,Aisha,Martin,aisha.martin.6703@example.com,2020-02-01,United States,Chicago
CUST-006704,James,Smith,james.smith.6704@example.com,2025-08-16,United States,New York
CUST-006705,Arjun,Iyer,arjun.iyer.6705@example.com,2021-10-22,Canada,Toronto
CUST-006706,Diego,Garcia,diego.garcia.6706@example.com,2021-08-29,United Arab Emirates,Dubai
CUST-006707,Ben,Martin,ben.martin.6707@example.com,2023-03-08,United States,New York
CUST-006708,Noah,Lee,noah.lee.6708@example.com,2023-08-31,Singapore,Singapore
CUST-006709,Maya,Johnson,maya.johnson.6709@example.com,2023-05-02,United Kingdom,London
CUST-006710,Aarav,Lee,aarav.lee.6710@example.com,2020-06-08,India,Chennai
CUST-006711,Emma,Ali,emma.ali.6711@example.com,2021-04-19,United Arab Emirates,Dubai
CUST-006712,Hassan,Young,hassan.young.6712@example.com,2021-02-20,Canada,Toronto
CUST-006713,Sofia,Brown,sofia.brown.6713@example.com,2020-05-01,United Kingdom,Manchester
CUST-006714,Chen,Singh,chen.singh.6714@example.com,2024-12-19,Canada,Toronto
CUST-006715,Ben,Roy,ben.roy.6715@example.com,2025-12-13,Germany,Berlin
CUST-006716,Sofia,Silva,sofia.silva.6716@example.com,2024-11-23,India,Delhi
CUST-006717,Arjun,Lopez,arjun.lopez.6717@example.com,2024-01-12,Germany,Munich
CUST-006718,Noah,Patel,noah.patel.6718@example.com,2025-03-17,United Arab Emirates,Dubai
CUST-006719,Aarav,Garcia,aarav.garcia.6719@example.com,2020-03-11,United Arab Emirates,Dubai
CUST-006720,Aarav,Young,aarav.young.6720@example.com,2021-02-23,United Kingdom,Birmingham
CUST-006721,Fatima,Kapoor,fatima.kapoor.6721@example.com,2023-09-11,Canada,Toronto
CUST-006722,Fatima,Khan,fatima.khan.6722@example.com,2023-09-25,United Arab Emirates,Dubai
CUST-006723,Vikram,Roy,vikram.roy.6723@example.com,2021-01-26,United Arab Emirates,Abu Dhabi
CUST-006724,Fatima,Chen,fatima.chen.6724@example.com,2024-08-06,United Arab Emirates,Abu Dhabi
CUST-006725,Fatima,Mehta,fatima.mehta.6725@example.com,2021-06-11,Germany,Berlin
CUST-006726,Ben,Khan,ben.khan.6726@example.com,2025-09-19,Germany,Berlin
CUST-006727,Aarav,Muller,aarav.muller.6727@example.com,2023-11-11,United States,Chicago
CUST-006728,Sofia,Martin,sofia.martin.6728@example.com,2020-04-12,Germany,Berlin
CUST-006729,Kavya,Martin,kavya.martin.6729@example.com,2021-04-17,United Arab Emirates,Dubai
CUST-006730,Arjun,Brown,arjun.brown.6730@example.com,2024-12-26,Canada,Vancouver
CUST-006731,Sofia,Kapoor,sofia.kapoor.6731@example.com,2024-07-06,United States,New York
CUST-006732,Grace,Silva,grace.silva.6732@example.com,2026-03-13,United Kingdom,Manchester
CUST-006733,Hassan,Kapoor,hassan.kapoor.6733@example.com,2024-03-04,Singapore,Singapore
CUST-006734,Samir,Roy,samir.roy.6734@example.com,2026-02-09,India,Delhi
CUST-006735,Ben,Ahmed,ben.ahmed.6735@example.com,2020-01-03,Germany,Munich
CUST-006736,Priya,Costa,priya.costa.6736@example.com,2020-07-19,United Arab Emirates,Abu Dhabi
CUST-006737,Hassan,Young,hassan.young.6737@example.com,2025-10-30,United States,Chicago
CUST-006738,Aarav,Muller,aarav.muller.6738@example.com,2020-07-17,India,Hyderabad
CUST-006739,Grace,Costa,grace.costa.6739@example.com,2022-09-12,Singapore,Singapore
CUST-006740,Kavya,Roy,kavya.roy.6740@example.com,2024-02-29,United Kingdom,Manchester
CUST-006741,Zane,Patel,zane.patel.6741@example.com,2024-06-22,India,Delhi
CUST-006742,Aisha,Ali,aisha.ali.6742@example.com,2021-01-16,Singapore,Singapore
CUST-006743,James,Wright,james.wright.6743@example.com,2020-10-10,United Arab Emirates,Abu Dhabi
CUST-006744,Olivia,Young,olivia.young.6744@example.com,2020-08-27,United Arab Emirates,Dubai
CUST-006745,Hassan,Brown,hassan.brown.6745@example.com,2020-03-24,Germany,Munich
CUST-006746,Chen,Chen,chen.chen.6746@example.com,2024-06-20,Germany,Berlin
CUST-006747,Quinn,Nair,quinn.nair.6747@example.com,2024-06-17,Canada,Vancouver
CUST-006748,Emma,Kim,emma.kim.6748@example.com,2025-08-05,Singapore,Singapore
CUST-006749,Grace,Park,grace.park.6749@example.com,2020-02-07,Canada,Vancouver
CUST-006750,Riya,Smith,riya.smith.6750@example.com,2021-07-30,United States,Seattle
CUST-006751,Ben,Johnson,ben.johnson.6751@example.com,2025-09-29,United Kingdom,London
CUST-006752,Uma,Patel,uma.patel.6752@example.com,2020-11-23,United Kingdom,Manchester
CUST-006753,Samir,Garcia,samir.garcia.6753@example.com,2021-03-29,United Kingdom,Birmingham
CUST-006754,Grace,Singh,grace.singh.6754@example.com,2024-06-19,United States,New York
CUST-006755,Grace,Martin,grace.martin.6755@example.com,2023-07-15,United Kingdom,Manchester
CUST-006756,Fatima,Thomas,fatima.thomas.6756@example.com,2020-04-27,United Arab Emirates,Abu Dhabi
CUST-006757,Ben,Silva,ben.silva.6757@example.com,2026-04-25,Singapore,Singapore
CUST-006758,Aarav,Smith,aarav.smith.6758@example.com,2021-11-04,United Kingdom,Manchester
CUST-006759,Kavya,Patel,kavya.patel.6759@example.com,2022-05-22,United States,Austin
CUST-006760,Riya,Garcia,riya.garcia.6760@example.com,2023-10-16,United Arab Emirates,Abu Dhabi
CUST-006761,Hassan,Smith,hassan.smith.6761@example.com,2020-12-04,United States,Seattle
CUST-006762,Quinn,Martin,quinn.martin.6762@example.com,2021-07-24,Canada,Vancouver
CUST-006763,Diego,Patel,diego.patel.6763@example.com,2020-03-23,United Kingdom,London
CUST-006764,Priya,Costa,priya.costa.6764@example.com,2022-01-22,Singapore,Singapore
CUST-006765,Kavya,Smith,kavya.smith.6765@example.com,2025-06-11,India,Delhi
CUST-006766,Ben,Nair,ben.nair.6766@example.com,2021-06-20,United States,New York
CUST-006767,Fatima,Khan,fatima.khan.6767@example.com,2025-03-15,Singapore,Singapore
CUST-006768,Zane,Nguyen,zane.nguyen.6768@example.com,2022-09-13,United Kingdom,Birmingham
CUST-006769,Ben,Young,ben.young.6769@example.com,2024-04-15,Singapore,Singapore
CUST-006770,Leo,Thomas,leo.thomas.6770@example.com,2020-01-21,Canada,Vancouver
CUST-006771,Diego,Garcia,diego.garcia.6771@example.com,2023-12-24,Canada,Toronto
CUST-006772,Chen,Nguyen,chen.nguyen.6772@example.com,2022-08-02,Canada,Toronto
CUST-006773,Maya,Patel,maya.patel.6773@example.com,2025-12-17,United Kingdom,Manchester
CUST-006774,Aarav,Smith,aarav.smith.6774@example.com,2020-07-03,United States,Chicago
CUST-006775,Arjun,Wright,arjun.wright.6775@example.com,2020-07-18,United Arab Emirates,Dubai
CUST-006776,Olivia,Brown,olivia.brown.6776@example.com,2022-09-24,Germany,Berlin
CUST-006777,Hassan,Nair,hassan.nair.6777@example.com,2025-06-27,United States,Chicago
CUST-006778,Amelia,Nair,amelia.nair.6778@example.com,2020-01-09,India,Mumbai
CUST-006779,Quinn,Sharma,quinn.sharma.6779@example.com,2026-07-10,United States,Seattle
CUST-006780,James,Nguyen,james.nguyen.6780@example.com,2021-08-21,Singapore,Singapore
CUST-006781,Wei,Singh,wei.singh.6781@example.com,2023-02-24,Singapore,Singapore
CUST-006782,Amelia,Wilson,amelia.wilson.6782@example.com,2024-02-18,Germany,Munich
CUST-006783,Priya,Kim,priya.kim.6783@example.com,2025-01-15,India,Chennai
CUST-006784,Priya,Park,priya.park.6784@example.com,2022-07-18,United States,New York
CUST-006785,Fatima,Park,fatima.park.6785@example.com,2023-11-10,Canada,Toronto
CUST-006786,Aisha,Mehta,aisha.mehta.6786@example.com,2020-12-05,United States,Chicago
CUST-006787,Quinn,Lopez,quinn.lopez.6787@example.com,2025-03-21,Singapore,Singapore
CUST-006788,Fatima,Singh,fatima.singh.6788@example.com,2023-04-01,Singapore,Singapore
CUST-006789,Tara,Kim,tara.kim.6789@example.com,2022-09-30,Canada,Vancouver
CUST-006790,Aarav,Park,aarav.park.6790@example.com,2021-04-29,Germany,Munich
CUST-006791,Uma,Iyer,uma.iyer.6791@example.com,2021-03-03,United States,New York
CUST-006792,Riya,Ali,riya.ali.6792@example.com,2024-10-18,Singapore,Singapore
CUST-006793,Samir,Costa,samir.costa.6793@example.com,2020-08-27,United Kingdom,Manchester
CUST-006794,Ben,Wright,ben.wright.6794@example.com,2024-09-08,Singapore,Singapore
CUST-006795,Aisha,Sharma,aisha.sharma.6795@example.com,2026-06-15,Canada,Toronto
CUST-006796,Noah,Khan,noah.khan.6796@example.com,2023-08-08,Canada,Vancouver
CUST-006797,Noah,Patel,noah.patel.6797@example.com,2020-10-30,Singapore,Singapore
CUST-006798,Aisha,Garcia,aisha.garcia.6798@example.com,2020-10-10,United States,New York
CUST-006799,Isha,Chen,isha.chen.6799@example.com,2026-02-18,Germany,Munich
CUST-006800,Aarav,Muller,aarav.muller.6800@example.com,2025-05-11,Germany,Munich
CUST-006801,Chen,Singh,chen.singh.6801@example.com,2021-07-08,United States,Austin
CUST-006802,Chen,Wright,chen.wright.6802@example.com,2021-05-19,Singapore,Singapore
CUST-006803,Olivia,Garcia,olivia.garcia.6803@example.com,2021-07-19,India,Hyderabad
CUST-006804,Wei,Lopez,wei.lopez.6804@example.com,2023-03-11,United Arab Emirates,Abu Dhabi
CUST-006805,James,Brown,james.brown.6805@example.com,2020-12-09,Singapore,Singapore
CUST-006806,Fatima,Thomas,fatima.thomas.6806@example.com,2023-06-30,United States,Austin
CUST-006807,Aarav,Patel,aarav.patel.6807@example.com,2022-09-29,India,Hyderabad
CUST-006808,Wei,Singh,wei.singh.6808@example.com,2022-10-03,Canada,Toronto
CUST-006809,Yara,Brown,yara.brown.6809@example.com,2020-10-26,Germany,Berlin
CUST-006810,Aisha,Lee,aisha.lee.6810@example.com,2023-11-12,Singapore,Singapore
CUST-006811,Isha,Nair,isha.nair.6811@example.com,2021-06-03,United States,Chicago
CUST-006812,Uma,Martin,uma.martin.6812@example.com,2022-11-22,Germany,Berlin
CUST-006813,Leo,Wright,leo.wright.6813@example.com,2022-04-06,United Arab Emirates,Abu Dhabi
CUST-006814,James,Singh,james.singh.6814@example.com,2020-10-20,United Arab Emirates,Abu Dhabi
CUST-006815,Zane,Johnson,zane.johnson.6815@example.com,2021-07-25,United Arab Emirates,Dubai
CUST-006816,Arjun,Nguyen,arjun.nguyen.6816@example.com,2023-01-30,Canada,Toronto
CUST-006817,Wei,Muller,wei.muller.6817@example.com,2023-12-17,Canada,Toronto
CUST-006818,Samir,Costa,samir.costa.6818@example.com,2023-04-14,Singapore,Singapore
CUST-006819,James,Ali,james.ali.6819@example.com,2022-06-21,Canada,Vancouver
CUST-006820,Amelia,Park,amelia.park.6820@example.com,2025-06-21,United States,Austin
CUST-006821,Emma,Singh,emma.singh.6821@example.com,2022-06-22,United Kingdom,London
CUST-006822,Leo,Silva,leo.silva.6822@example.com,2024-05-25,United Kingdom,Manchester
CUST-006823,Sofia,Roy,sofia.roy.6823@example.com,2025-04-06,Singapore,Singapore
CUST-006824,Emma,Wilson,emma.wilson.6824@example.com,2025-09-25,Singapore,Singapore
CUST-006825,Olivia,Costa,olivia.costa.6825@example.com,2021-11-05,United States,Seattle
CUST-006826,Wei,Park,wei.park.6826@example.com,2023-03-25,United Arab Emirates,Abu Dhabi
CUST-006827,Wei,Nguyen,wei.nguyen.6827@example.com,2023-06-10,India,Hyderabad
CUST-006828,Quinn,Garcia,quinn.garcia.6828@example.com,2020-01-24,United Kingdom,Manchester
CUST-006829,Olivia,Garcia,olivia.garcia.6829@example.com,2024-09-11,United Arab Emirates,Abu Dhabi
CUST-006830,Isha,Martin,isha.martin.6830@example.com,2021-03-25,United Kingdom,London
CUST-006831,Wei,Wright,wei.wright.6831@example.com,2024-09-23,India,Bengaluru
CUST-006832,Uma,Ali,uma.ali.6832@example.com,2025-07-09,Singapore,Singapore
CUST-006833,Priya,Brown,priya.brown.6833@example.com,2023-08-01,Germany,Berlin
CUST-006834,Priya,Ali,priya.ali.6834@example.com,2022-06-01,United Arab Emirates,Abu Dhabi
CUST-006835,Riya,Young,riya.young.6835@example.com,2021-07-21,United Kingdom,London
CUST-006836,Aisha,Ahmed,aisha.ahmed.6836@example.com,2023-05-18,India,Hyderabad
CUST-006837,Yara,Park,yara.park.6837@example.com,2024-02-29,Germany,Berlin
CUST-006838,Ben,Garcia,ben.garcia.6838@example.com,2022-03-13,Canada,Vancouver
CUST-006839,Zane,Chen,zane.chen.6839@example.com,2026-03-03,Singapore,Singapore
CUST-006840,Fatima,Kapoor,fatima.kapoor.6840@example.com,2025-07-11,United Kingdom,Birmingham
CUST-006841,Olivia,Ali,olivia.ali.6841@example.com,2021-07-14,Canada,Vancouver
CUST-006842,Arjun,Thomas,arjun.thomas.6842@example.com,2023-04-08,United Arab Emirates,Dubai
CUST-006843,Kavya,Sharma,kavya.sharma.6843@example.com,2022-07-31,United States,Austin
CUST-006844,Amelia,Kim,amelia.kim.6844@example.com,2026-03-25,Singapore,Singapore
CUST-006845,Uma,Brown,uma.brown.6845@example.com,2024-12-26,United States,Austin
CUST-006846,Samir,Patel,samir.patel.6846@example.com,2023-01-09,United Arab Emirates,Abu Dhabi
CUST-006847,Amelia,Das,amelia.das.6847@example.com,2025-06-22,Singapore,Singapore
CUST-006848,Uma,Mehta,uma.mehta.6848@example.com,2020-02-18,Singapore,Singapore
CUST-006849,Chen,Costa,chen.costa.6849@example.com,2022-06-18,Germany,Berlin
CUST-006850,Yara,Thomas,yara.thomas.6850@example.com,2025-10-31,Canada,Vancouver
CUST-006851,Chen,Sharma,chen.sharma.6851@example.com,2020-10-02,India,Bengaluru
CUST-006852,Zane,Park,zane.park.6852@example.com,2021-09-12,Canada,Toronto
CUST-006853,Wei,Silva,wei.silva.6853@example.com,2025-10-22,India,Delhi
CUST-006854,Maya,Kapoor,maya.kapoor.6854@example.com,2021-06-02,United Kingdom,Manchester
CUST-006855,Wei,Lee,wei.lee.6855@example.com,2026-02-02,Canada,Toronto
CUST-006856,Chen,Roy,chen.roy.6856@example.com,2024-09-28,United States,Chicago
CUST-006857,Riya,Ahmed,riya.ahmed.6857@example.com,2020-04-03,Singapore,Singapore
CUST-006858,Samir,Martin,samir.martin.6858@example.com,2024-07-18,United Arab Emirates,Abu Dhabi
CUST-006859,Tara,Mehta,tara.mehta.6859@example.com,2020-12-17,Germany,Berlin
CUST-006860,Isha,Sharma,isha.sharma.6860@example.com,2023-10-06,Canada,Vancouver
CUST-006861,Priya,Kapoor,priya.kapoor.6861@example.com,2024-11-16,United Kingdom,Birmingham
CUST-006862,Aisha,Sharma,aisha.sharma.6862@example.com,2024-02-26,United Arab Emirates,Abu Dhabi
CUST-006863,Emma,Ahmed,emma.ahmed.6863@example.com,2020-07-31,Germany,Berlin
CUST-006864,Yara,Johnson,yara.johnson.6864@example.com,2022-12-07,United States,Seattle
CUST-006865,Uma,Thomas,uma.thomas.6865@example.com,2026-04-28,India,Bengaluru
CUST-006866,Hassan,Patel,hassan.patel.6866@example.com,2020-01-04,Canada,Toronto
CUST-006867,Arjun,Young,arjun.young.6867@example.com,2023-04-10,United Kingdom,Manchester
CUST-006868,Arjun,Chen,arjun.chen.6868@example.com,2025-12-13,United Kingdom,Birmingham
CUST-006869,Samir,Young,samir.young.6869@example.com,2020-09-02,Germany,Berlin
CUST-006870,Chen,Wilson,chen.wilson.6870@example.com,2025-09-18,Germany,Berlin
CUST-006871,Fatima,Lee,fatima.lee.6871@example.com,2020-10-06,Germany,Berlin
CUST-006872,Fatima,Patel,fatima.patel.6872@example.com,2022-09-18,United Kingdom,London
CUST-006873,Hassan,Muller,hassan.muller.6873@example.com,2025-09-15,Singapore,Singapore
CUST-006874,Amelia,Wright,amelia.wright.6874@example.com,2023-09-14,United States,Austin
CUST-006875,Maya,Lopez,maya.lopez.6875@example.com,2021-02-26,Germany,Munich
CUST-006876,Maya,Lopez,maya.lopez.6876@example.com,2025-05-09,United States,Seattle
CUST-006877,Kavya,Singh,kavya.singh.6877@example.com,2025-09-02,United Kingdom,London
CUST-006878,Chen,Patel,chen.patel.6878@example.com,2020-02-19,United Arab Emirates,Dubai
CUST-006879,Sofia,Muller,sofia.muller.6879@example.com,2023-07-25,United Arab Emirates,Abu Dhabi
CUST-006880,Fatima,Ali,fatima.ali.6880@example.com,2025-06-17,India,Hyderabad
CUST-006881,Noah,Lee,noah.lee.6881@example.com,2021-01-08,India,Chennai
CUST-006882,Aditi,Garcia,aditi.garcia.6882@example.com,2021-02-24,Singapore,Singapore
CUST-006883,Zane,Nair,zane.nair.6883@example.com,2026-04-07,United Arab Emirates,Dubai
CUST-006884,Leo,Das,leo.das.6884@example.com,2024-11-20,India,Mumbai
CUST-006885,Arjun,Iyer,arjun.iyer.6885@example.com,2024-05-13,United Arab Emirates,Abu Dhabi
CUST-006886,Vikram,Wilson,vikram.wilson.6886@example.com,2021-04-07,Singapore,Singapore
CUST-006887,Olivia,Ahmed,olivia.ahmed.6887@example.com,2024-04-27,Singapore,Singapore
CUST-006888,Hassan,Ahmed,hassan.ahmed.6888@example.com,2025-11-05,Germany,Berlin
CUST-006889,Riya,Johnson,riya.johnson.6889@example.com,2024-08-22,United States,New York
CUST-006890,Leo,Thomas,leo.thomas.6890@example.com,2023-08-07,India,Mumbai
CUST-006891,Grace,Martin,grace.martin.6891@example.com,2024-03-15,United States,Austin
CUST-006892,Emma,Iyer,emma.iyer.6892@example.com,2026-01-17,Germany,Berlin
CUST-006893,Olivia,Iyer,olivia.iyer.6893@example.com,2023-09-02,Singapore,Singapore
CUST-006894,Samir,Garcia,samir.garcia.6894@example.com,2024-02-22,United Arab Emirates,Dubai
CUST-006895,Hassan,Brown,hassan.brown.6895@example.com,2026-06-27,United States,Austin
CUST-006896,Fatima,Smith,fatima.smith.6896@example.com,2024-06-27,Singapore,Singapore
CUST-006897,Arjun,Ali,arjun.ali.6897@example.com,2025-05-28,Canada,Vancouver
CUST-006898,Noah,Patel,noah.patel.6898@example.com,2023-09-14,India,Chennai
CUST-006899,Wei,Lee,wei.lee.6899@example.com,2024-10-18,Singapore,Singapore
CUST-006900,Priya,Thomas,priya.thomas.6900@example.com,2020-01-18,United States,Austin
CUST-006901,Aarav,Garcia,aarav.garcia.6901@example.com,2025-10-12,Canada,Vancouver
CUST-006902,Chen,Smith,chen.smith.6902@example.com,2025-03-07,Canada,Toronto
CUST-006903,Leo,Roy,leo.roy.6903@example.com,2024-10-27,Singapore,Singapore
CUST-006904,Emma,Singh,emma.singh.6904@example.com,2024-02-28,India,Mumbai
CUST-006905,Ben,Singh,ben.singh.6905@example.com,2025-10-22,United States,Seattle
CUST-006906,Fatima,Costa,fatima.costa.6906@example.com,2022-09-04,India,Mumbai
CUST-006907,Vikram,Martin,vikram.martin.6907@example.com,2022-02-19,Singapore,Singapore
CUST-006908,Noah,Kapoor,noah.kapoor.6908@example.com,2025-04-16,United Arab Emirates,Dubai
CUST-006909,Zane,Mehta,zane.mehta.6909@example.com,2020-02-02,Canada,Vancouver
CUST-006910,Uma,Silva,uma.silva.6910@example.com,2026-03-25,United States,Austin
CUST-006911,Leo,Park,leo.park.6911@example.com,2025-04-05,Singapore,Singapore
CUST-006912,Sofia,Mehta,sofia.mehta.6912@example.com,2021-04-19,Canada,Toronto
CUST-006913,Zane,Roy,zane.roy.6913@example.com,2023-04-13,United Arab Emirates,Dubai
CUST-006914,Grace,Garcia,grace.garcia.6914@example.com,2025-05-23,Germany,Munich
CUST-006915,Chen,Sharma,chen.sharma.6915@example.com,2020-09-08,Canada,Toronto
CUST-006916,Kavya,Kapoor,kavya.kapoor.6916@example.com,2021-08-22,India,Mumbai
CUST-006917,Aditi,Silva,aditi.silva.6917@example.com,2023-02-15,United States,Austin
CUST-006918,Chen,Kim,chen.kim.6918@example.com,2023-04-03,Germany,Munich
CUST-006919,Chen,Young,chen.young.6919@example.com,2020-07-31,Germany,Munich
CUST-006920,Tara,Wright,tara.wright.6920@example.com,2025-01-05,Singapore,Singapore
CUST-006921,Arjun,Roy,arjun.roy.6921@example.com,2024-10-15,United Arab Emirates,Dubai
CUST-006922,Riya,Ahmed,riya.ahmed.6922@example.com,2025-04-28,United Arab Emirates,Dubai
CUST-006923,Isha,Iyer,isha.iyer.6923@example.com,2024-11-14,Germany,Munich
CUST-006924,Uma,Muller,uma.muller.6924@example.com,2025-02-07,Singapore,Singapore
CUST-006925,Fatima,Patel,fatima.patel.6925@example.com,2024-03-26,United Arab Emirates,Dubai
CUST-006926,Chen,Kim,chen.kim.6926@example.com,2022-12-25,Canada,Toronto
CUST-006927,Aarav,Nair,aarav.nair.6927@example.com,2024-02-10,Germany,Berlin
CUST-006928,Ben,Kapoor,ben.kapoor.6928@example.com,2023-02-27,Canada,Toronto
CUST-006929,Riya,Muller,riya.muller.6929@example.com,2024-02-02,Germany,Berlin
CUST-006930,Uma,Ali,uma.ali.6930@example.com,2022-03-31,United Arab Emirates,Dubai
CUST-006931,Aisha,Silva,aisha.silva.6931@example.com,2026-07-01,India,Mumbai
CUST-006932,Uma,Lee,uma.lee.6932@example.com,2020-02-24,United States,Chicago
CUST-006933,Aarav,Iyer,aarav.iyer.6933@example.com,2023-03-11,Germany,Munich
CUST-006934,Riya,Brown,riya.brown.6934@example.com,2020-07-24,Singapore,Singapore
CUST-006935,Grace,Chen,grace.chen.6935@example.com,2026-07-31,Canada,Toronto
CUST-006936,Amelia,Kapoor,amelia.kapoor.6936@example.com,2020-06-01,United Kingdom,Birmingham
CUST-006937,Samir,Nguyen,samir.nguyen.6937@example.com,2020-10-10,India,Hyderabad
CUST-006938,Samir,Silva,samir.silva.6938@example.com,2024-09-12,United States,New York
CUST-006939,Aarav,Wilson,aarav.wilson.6939@example.com,2021-07-05,India,Hyderabad
CUST-006940,Hassan,Martin,hassan.martin.6940@example.com,2022-05-05,United Arab Emirates,Abu Dhabi
CUST-006941,Yara,Ali,yara.ali.6941@example.com,2025-02-09,United Kingdom,Birmingham
CUST-006942,Sofia,Thomas,sofia.thomas.6942@example.com,2022-06-22,United States,Seattle
CUST-006943,Fatima,Wilson,fatima.wilson.6943@example.com,2022-04-27,United Arab Emirates,Abu Dhabi
CUST-006944,Leo,Young,leo.young.6944@example.com,2022-02-04,India,Mumbai
CUST-006945,Fatima,Ahmed,fatima.ahmed.6945@example.com,2025-04-17,Singapore,Singapore
CUST-006946,Wei,Lee,wei.lee.6946@example.com,2022-09-20,Singapore,Singapore
CUST-006947,Quinn,Muller,quinn.muller.6947@example.com,2023-03-07,Canada,Toronto
CUST-006948,Vikram,Garcia,vikram.garcia.6948@example.com,2022-04-30,India,Mumbai
CUST-006949,Leo,Das,leo.das.6949@example.com,2024-07-27,United States,Chicago
CUST-006950,Hassan,Garcia,hassan.garcia.6950@example.com,2025-10-24,Canada,Toronto
CUST-006951,Fatima,Muller,fatima.muller.6951@example.com,2023-09-26,United Arab Emirates,Abu Dhabi
CUST-006952,Yara,Young,yara.young.6952@example.com,2021-11-12,United Arab Emirates,Abu Dhabi
CUST-006953,Riya,Garcia,riya.garcia.6953@example.com,2020-01-11,United Kingdom,London
CUST-006954,Vikram,Patel,vikram.patel.6954@example.com,2021-08-01,Germany,Berlin
CUST-006955,Noah,Muller,noah.muller.6955@example.com,2020-07-22,Germany,Berlin
CUST-006956,Fatima,Wright,fatima.wright.6956@example.com,2024-03-24,Germany,Berlin
CUST-006957,Grace,Khan,grace.khan.6957@example.com,2020-04-08,United Arab Emirates,Abu Dhabi
CUST-006958,Emma,Johnson,emma.johnson.6958@example.com,2021-08-09,Canada,Vancouver
CUST-006959,Zane,Nguyen,zane.nguyen.6959@example.com,2022-04-11,Singapore,Singapore
CUST-006960,Zane,Lopez,zane.lopez.6960@example.com,2022-03-22,Germany,Berlin
CUST-006961,Grace,Young,grace.young.6961@example.com,2022-06-08,Singapore,Singapore
CUST-006962,Priya,Das,priya.das.6962@example.com,2022-04-02,Canada,Toronto
CUST-006963,Amelia,Kapoor,amelia.kapoor.6963@example.com,2020-08-20,India,Mumbai
CUST-006964,Olivia,Patel,olivia.patel.6964@example.com,2026-08-08,United Arab Emirates,Dubai
CUST-006965,Amelia,Martin,amelia.martin.6965@example.com,2025-11-04,Singapore,Singapore
CUST-006966,Tara,Sharma,tara.sharma.6966@example.com,2023-06-22,Canada,Toronto
CUST-006967,Ben,Wilson,ben.wilson.6967@example.com,2022-08-02,Germany,Munich
CUST-006968,Samir,Lee,samir.lee.6968@example.com,2023-10-04,India,Chennai
CUST-006969,Zane,Nair,zane.nair.6969@example.com,2022-01-06,Canada,Toronto
CUST-006970,Priya,Mehta,priya.mehta.6970@example.com,2020-07-21,United States,Seattle
CUST-006971,Samir,Brown,samir.brown.6971@example.com,2024-12-21,Germany,Munich
CUST-006972,James,Khan,james.khan.6972@example.com,2024-09-06,United States,Chicago
CUST-006973,Ben,Martin,ben.martin.6973@example.com,2020-04-11,Germany,Berlin
CUST-006974,Aisha,Garcia,aisha.garcia.6974@example.com,2024-10-23,Germany,Berlin
CUST-006975,Hassan,Thomas,hassan.thomas.6975@example.com,2026-06-01,Canada,Vancouver
CUST-006976,Uma,Ali,uma.ali.6976@example.com,2022-11-16,Germany,Munich
CUST-006977,Yara,Sharma,yara.sharma.6977@example.com,2023-11-24,Canada,Toronto
CUST-006978,Amelia,Silva,amelia.silva.6978@example.com,2020-12-27,Canada,Toronto
CUST-006979,Hassan,Wright,hassan.wright.6979@example.com,2022-05-18,United Arab Emirates,Dubai
CUST-006980,Aarav,Thomas,aarav.thomas.6980@example.com,2024-11-07,United Arab Emirates,Abu Dhabi
CUST-006981,Sofia,Johnson,sofia.johnson.6981@example.com,2025-01-08,United Arab Emirates,Abu Dhabi
CUST-006982,Aisha,Nguyen,aisha.nguyen.6982@example.com,2026-07-22,United Arab Emirates,Dubai
CUST-006983,Tara,Kim,tara.kim.6983@example.com,2024-09-25,United States,Austin
CUST-006984,Leo,Costa,leo.costa.6984@example.com,2023-12-29,Germany,Berlin
CUST-006985,Uma,Mehta,uma.mehta.6985@example.com,2024-07-19,India,Hyderabad
CUST-006986,James,Chen,james.chen.6986@example.com,2021-02-06,Germany,Munich
CUST-006987,Leo,Muller,leo.muller.6987@example.com,2021-05-28,Canada,Toronto
CUST-006988,James,Kapoor,james.kapoor.6988@example.com,2024-11-06,United States,Seattle
CUST-006989,Aarav,Khan,aarav.khan.6989@example.com,2024-06-12,Germany,Berlin
CUST-006990,Kavya,Kapoor,kavya.kapoor.6990@example.com,2021-12-05,Singapore,Singapore
CUST-006991,Ben,Costa,ben.costa.6991@example.com,2024-11-16,Singapore,Singapore
CUST-006992,Maya,Silva,maya.silva.6992@example.com,2025-10-09,Germany,Berlin
CUST-006993,Olivia,Das,olivia.das.6993@example.com,2022-03-08,Germany,Munich
CUST-006994,Quinn,Muller,quinn.muller.6994@example.com,2024-06-06,India,Delhi
CUST-006995,Ben,Smith,ben.smith.6995@example.com,2026-01-11,United Arab Emirates,Dubai
CUST-006996,Kavya,Kim,kavya.kim.6996@example.com,2026-07-18,United Arab Emirates,Dubai
CUST-006997,Vikram,Singh,vikram.singh.6997@example.com,2026-01-02,United Arab Emirates,Dubai
CUST-006998,Aisha,Singh,aisha.singh.6998@example.com,2025-05-06,United Kingdom,Manchester
CUST-006999,Kavya,Garcia,kavya.garcia.6999@example.com,2023-08-14,Singapore,Singapore
CUST-007000,Isha,Kim,isha.kim.7000@example.com,2026-02-26,India,Bengaluru
CUST-007001,Sofia,Martin,sofia.martin.7001@example.com,2025-12-19,United Kingdom,London
CUST-007002,Grace,Sharma,grace.sharma.7002@example.com,2023-04-06,India,Mumbai
CUST-007003,Uma,Ali,uma.ali.7003@example.com,2024-05-06,India,Delhi
CUST-007004,Leo,Martin,leo.martin.7004@example.com,2022-02-10,United Arab Emirates,Dubai
CUST-007005,Wei,Garcia,wei.garcia.7005@example.com,2023-12-14,United Arab Emirates,Abu Dhabi
CUST-007006,Hassan,Park,hassan.park.7006@example.com,2025-12-28,India,Chennai
CUST-007007,Kavya,Khan,kavya.khan.7007@example.com,2021-04-12,Germany,Munich
CUST-007008,Maya,Costa,maya.costa.7008@example.com,2020-08-17,India,Delhi
CUST-007009,Uma,Patel,uma.patel.7009@example.com,2022-01-22,India,Delhi
CUST-007010,Emma,Nair,emma.nair.7010@example.com,2022-01-11,Germany,Munich
CUST-007011,Noah,Silva,noah.silva.7011@example.com,2023-12-02,Singapore,Singapore
CUST-007012,Aditi,Lopez,aditi.lopez.7012@example.com,2020-03-09,United States,Austin
CUST-007013,Olivia,Johnson,olivia.johnson.7013@example.com,2021-05-20,India,Mumbai
CUST-007014,Tara,Young,tara.young.7014@example.com,2023-10-24,United States,New York
CUST-007015,Amelia,Lopez,amelia.lopez.7015@example.com,2024-05-22,United Arab Emirates,Dubai
CUST-007016,Leo,Lee,leo.lee.7016@example.com,2026-05-30,United States,New York
CUST-007017,Isha,Wright,isha.wright.7017@example.com,2023-11-12,Germany,Berlin
CUST-007018,Ben,Smith,ben.smith.7018@example.com,2022-02-13,United States,Chicago
CUST-007019,Priya,Johnson,priya.johnson.7019@example.com,2021-05-02,Canada,Toronto
CUST-007020,Isha,Smith,isha.smith.7020@example.com,2020-02-25,India,Hyderabad
CUST-007021,Quinn,Johnson,quinn.johnson.7021@example.com,2021-07-11,India,Delhi
CUST-007022,Vikram,Smith,vikram.smith.7022@example.com,2024-09-30,Singapore,Singapore
CUST-007023,Emma,Das,emma.das.7023@example.com,2026-06-09,Canada,Vancouver
CUST-007024,Hassan,Brown,hassan.brown.7024@example.com,2023-03-26,Singapore,Singapore
CUST-007025,Samir,Park,samir.park.7025@example.com,2025-07-19,United Kingdom,Birmingham
CUST-007026,Amelia,Park,amelia.park.7026@example.com,2023-02-08,Germany,Munich
CUST-007027,Isha,Wright,isha.wright.7027@example.com,2024-02-14,United Arab Emirates,Abu Dhabi
CUST-007028,Riya,Roy,riya.roy.7028@example.com,2022-11-13,Singapore,Singapore
CUST-007029,Tara,Muller,tara.muller.7029@example.com,2025-07-12,United Arab Emirates,Dubai
CUST-007030,Hassan,Lopez,hassan.lopez.7030@example.com,2022-11-02,United Kingdom,Manchester
CUST-007031,Diego,Lee,diego.lee.7031@example.com,2020-09-25,United Kingdom,Manchester
CUST-007032,Isha,Lopez,isha.lopez.7032@example.com,2026-02-26,Singapore,Singapore
CUST-007033,Hassan,Kapoor,hassan.kapoor.7033@example.com,2025-10-06,Canada,Toronto
CUST-007034,Riya,Mehta,riya.mehta.7034@example.com,2023-01-01,Canada,Toronto
CUST-007035,Vikram,Kim,vikram.kim.7035@example.com,2022-07-25,United Arab Emirates,Abu Dhabi
CUST-007036,Quinn,Martin,quinn.martin.7036@example.com,2021-10-17,Singapore,Singapore
CUST-007037,Wei,Chen,wei.chen.7037@example.com,2024-11-13,United States,Chicago
CUST-007038,Wei,Kim,wei.kim.7038@example.com,2023-07-06,United Arab Emirates,Dubai
CUST-007039,Aisha,Sharma,aisha.sharma.7039@example.com,2025-03-02,Canada,Vancouver
CUST-007040,Hassan,Wilson,hassan.wilson.7040@example.com,2020-01-19,Singapore,Singapore
CUST-007041,Diego,Smith,diego.smith.7041@example.com,2024-07-31,Canada,Toronto
CUST-007042,Riya,Silva,riya.silva.7042@example.com,2022-10-28,Germany,Munich
CUST-007043,Diego,Thomas,diego.thomas.7043@example.com,2024-10-29,Germany,Munich
CUST-007044,Yara,Martin,yara.martin.7044@example.com,2023-12-29,India,Mumbai
CUST-007045,Uma,Mehta,uma.mehta.7045@example.com,2023-06-05,Canada,Vancouver
CUST-007046,Vikram,Patel,vikram.patel.7046@example.com,2020-05-10,United Kingdom,Birmingham
CUST-007047,Ben,Martin,ben.martin.7047@example.com,2024-06-30,United Kingdom,Manchester
CUST-007048,Ben,Mehta,ben.mehta.7048@example.com,2020-02-03,Canada,Toronto
CUST-007049,Kavya,Johnson,kavya.johnson.7049@example.com,2021-12-06,United Kingdom,Birmingham
CUST-007050,Uma,Johnson,uma.johnson.7050@example.com,2020-07-06,United Arab Emirates,Abu Dhabi
CUST-007051,Kavya,Brown,kavya.brown.7051@example.com,2025-06-30,Germany,Berlin
CUST-007052,Yara,Ahmed,yara.ahmed.7052@example.com,2023-01-09,United Kingdom,Birmingham
CUST-007053,Vikram,Kapoor,vikram.kapoor.7053@example.com,2020-01-20,United Kingdom,London
CUST-007054,Noah,Kapoor,noah.kapoor.7054@example.com,2020-09-16,India,Hyderabad
CUST-007055,Aisha,Singh,aisha.singh.7055@example.com,2023-12-09,United Arab Emirates,Dubai
CUST-007056,Hassan,Patel,hassan.patel.7056@example.com,2021-06-27,Germany,Berlin
CUST-007057,Fatima,Singh,fatima.singh.7057@example.com,2022-01-27,India,Chennai
CUST-007058,Arjun,Kim,arjun.kim.7058@example.com,2023-11-07,United States,Austin
CUST-007059,Zane,Khan,zane.khan.7059@example.com,2025-03-15,United States,Seattle
CUST-007060,Uma,Wright,uma.wright.7060@example.com,2022-08-10,Germany,Berlin
CUST-007061,Uma,Chen,uma.chen.7061@example.com,2023-09-16,United Arab Emirates,Dubai
CUST-007062,Amelia,Park,amelia.park.7062@example.com,2021-02-15,Germany,Berlin
CUST-007063,Aisha,Brown,aisha.brown.7063@example.com,2023-12-15,Germany,Berlin
CUST-007064,Emma,Thomas,emma.thomas.7064@example.com,2024-06-30,United States,Seattle
CUST-007065,Ben,Young,ben.young.7065@example.com,2022-12-18,Singapore,Singapore
CUST-007066,Noah,Costa,noah.costa.7066@example.com,2024-04-06,Canada,Toronto
CUST-007067,Vikram,Wright,vikram.wright.7067@example.com,2021-03-30,United Kingdom,Birmingham
CUST-007068,Aditi,Wilson,aditi.wilson.7068@example.com,2025-07-24,United Kingdom,London
CUST-007069,Maya,Johnson,maya.johnson.7069@example.com,2023-12-04,United Arab Emirates,Abu Dhabi
CUST-007070,Fatima,Singh,fatima.singh.7070@example.com,2022-11-29,India,Hyderabad
CUST-007071,Aditi,Park,aditi.park.7071@example.com,2020-11-27,United Arab Emirates,Dubai
CUST-007072,Grace,Nguyen,grace.nguyen.7072@example.com,2025-05-06,India,Delhi
CUST-007073,Hassan,Silva,hassan.silva.7073@example.com,2023-07-04,United Kingdom,Birmingham
CUST-007074,Diego,Das,diego.das.7074@example.com,2020-05-08,Singapore,Singapore
CUST-007075,Aisha,Chen,aisha.chen.7075@example.com,2026-02-05,United States,New York
CUST-007076,James,Ali,james.ali.7076@example.com,2022-10-10,United States,Chicago
CUST-007077,Emma,Muller,emma.muller.7077@example.com,2021-07-29,India,Mumbai
CUST-007078,Riya,Singh,riya.singh.7078@example.com,2025-05-02,Canada,Vancouver
CUST-007079,James,Mehta,james.mehta.7079@example.com,2021-11-14,Germany,Munich
CUST-007080,Emma,Young,emma.young.7080@example.com,2021-12-12,India,Hyderabad
CUST-007081,Aarav,Wilson,aarav.wilson.7081@example.com,2025-11-23,United Kingdom,London
CUST-007082,Maya,Park,maya.park.7082@example.com,2024-12-15,Germany,Munich
CUST-007083,Ben,Sharma,ben.sharma.7083@example.com,2020-08-30,United Arab Emirates,Abu Dhabi
CUST-007084,Olivia,Brown,olivia.brown.7084@example.com,2024-11-02,India,Bengaluru
CUST-007085,Aarav,Park,aarav.park.7085@example.com,2022-08-20,Canada,Vancouver
CUST-007086,Amelia,Costa,amelia.costa.7086@example.com,2025-07-16,Germany,Berlin
CUST-007087,Fatima,Singh,fatima.singh.7087@example.com,2023-09-13,India,Chennai
CUST-007088,Wei,Ahmed,wei.ahmed.7088@example.com,2021-08-08,United Arab Emirates,Dubai
CUST-007089,Sofia,Wright,sofia.wright.7089@example.com,2024-09-11,Germany,Munich
CUST-007090,Diego,Wright,diego.wright.7090@example.com,2021-02-13,Canada,Toronto
CUST-007091,Uma,Johnson,uma.johnson.7091@example.com,2022-07-27,United Kingdom,Birmingham
CUST-007092,Sofia,Martin,sofia.martin.7092@example.com,2020-06-06,United Arab Emirates,Abu Dhabi
CUST-007093,Maya,Iyer,maya.iyer.7093@example.com,2021-01-05,Canada,Vancouver
CUST-007094,Quinn,Garcia,quinn.garcia.7094@example.com,2021-08-17,India,Delhi
CUST-007095,Priya,Silva,priya.silva.7095@example.com,2024-06-29,United States,Seattle
CUST-007096,Hassan,Patel,hassan.patel.7096@example.com,2021-08-15,Canada,Toronto
CUST-007097,Vikram,Mehta,vikram.mehta.7097@example.com,2021-03-14,United States,Austin
CUST-007098,Emma,Garcia,emma.garcia.7098@example.com,2024-01-21,Singapore,Singapore
CUST-007099,Kavya,Muller,kavya.muller.7099@example.com,2022-01-26,Singapore,Singapore
CUST-007100,Arjun,Das,arjun.das.7100@example.com,2023-04-14,United Kingdom,Birmingham
CUST-007101,Aarav,Mehta,aarav.mehta.7101@example.com,2022-11-25,United Kingdom,London
CUST-007102,Zane,Khan,zane.khan.7102@example.com,2022-04-11,United Arab Emirates,Abu Dhabi
CUST-007103,Diego,Costa,diego.costa.7103@example.com,2024-03-05,United Arab Emirates,Dubai
CUST-007104,Sofia,Park,sofia.park.7104@example.com,2020-06-05,India,Bengaluru
CUST-007105,Riya,Ahmed,riya.ahmed.7105@example.com,2025-06-04,Singapore,Singapore
CUST-007106,Riya,Lopez,riya.lopez.7106@example.com,2023-08-06,India,Mumbai
CUST-007107,James,Garcia,james.garcia.7107@example.com,2026-07-22,Germany,Berlin
CUST-007108,Riya,Kapoor,riya.kapoor.7108@example.com,2021-06-02,Singapore,Singapore
CUST-007109,Zane,Park,zane.park.7109@example.com,2020-09-20,United Kingdom,Manchester
CUST-007110,Chen,Thomas,chen.thomas.7110@example.com,2025-09-16,United States,New York
CUST-007111,Wei,Costa,wei.costa.7111@example.com,2020-12-07,United States,New York
CUST-007112,Tara,Wilson,tara.wilson.7112@example.com,2022-07-25,Singapore,Singapore
CUST-007113,Ben,Nguyen,ben.nguyen.7113@example.com,2026-03-02,United Arab Emirates,Dubai
CUST-007114,Isha,Ahmed,isha.ahmed.7114@example.com,2023-08-12,India,Hyderabad
CUST-007115,Chen,Wright,chen.wright.7115@example.com,2024-11-17,Singapore,Singapore
CUST-007116,Arjun,Roy,arjun.roy.7116@example.com,2024-01-10,India,Bengaluru
CUST-007117,Olivia,Wilson,olivia.wilson.7117@example.com,2025-01-22,Germany,Munich
CUST-007118,Aarav,Ali,aarav.ali.7118@example.com,2023-04-11,Germany,Munich
CUST-007119,Yara,Nair,yara.nair.7119@example.com,2020-11-27,Germany,Munich
CUST-007120,Yara,Johnson,yara.johnson.7120@example.com,2022-11-07,India,Delhi
CUST-007121,Grace,Patel,grace.patel.7121@example.com,2021-12-28,India,Mumbai
CUST-007122,Aisha,Roy,aisha.roy.7122@example.com,2024-03-25,Germany,Berlin
CUST-007123,Noah,Chen,noah.chen.7123@example.com,2020-05-20,United Arab Emirates,Dubai
CUST-007124,Tara,Kim,tara.kim.7124@example.com,2023-11-19,Germany,Berlin
CUST-007125,Ben,Nair,ben.nair.7125@example.com,2025-08-22,United Kingdom,Manchester
CUST-007126,Kavya,Roy,kavya.roy.7126@example.com,2020-07-12,Singapore,Singapore
CUST-007127,Quinn,Roy,quinn.roy.7127@example.com,2023-01-19,India,Mumbai
CUST-007128,Priya,Roy,priya.roy.7128@example.com,2022-04-22,Germany,Munich
CUST-007129,James,Wright,james.wright.7129@example.com,2025-02-24,Germany,Munich
CUST-007130,Fatima,Lopez,fatima.lopez.7130@example.com,2026-01-06,India,Bengaluru
CUST-007131,Diego,Park,diego.park.7131@example.com,2026-01-27,Singapore,Singapore
CUST-007132,Aditi,Khan,aditi.khan.7132@example.com,2026-02-28,United States,Austin
CUST-007133,Kavya,Smith,kavya.smith.7133@example.com,2020-07-17,India,Delhi
CUST-007134,Arjun,Brown,arjun.brown.7134@example.com,2023-02-24,United States,Chicago
CUST-007135,Aditi,Nguyen,aditi.nguyen.7135@example.com,2023-06-25,United Arab Emirates,Dubai
CUST-007136,Aisha,Sharma,aisha.sharma.7136@example.com,2022-08-20,India,Chennai
CUST-007137,Riya,Martin,riya.martin.7137@example.com,2024-01-21,United States,Austin
CUST-007138,Ben,Patel,ben.patel.7138@example.com,2026-03-03,Canada,Toronto
CUST-007139,Riya,Mehta,riya.mehta.7139@example.com,2024-05-03,India,Chennai
CUST-007140,Arjun,Mehta,arjun.mehta.7140@example.com,2024-08-10,Canada,Toronto
CUST-007141,James,Silva,james.silva.7141@example.com,2022-08-31,India,Chennai
CUST-007142,Olivia,Wright,olivia.wright.7142@example.com,2020-12-18,Germany,Munich
CUST-007143,Diego,Mehta,diego.mehta.7143@example.com,2020-02-21,Singapore,Singapore
CUST-007144,Tara,Wilson,tara.wilson.7144@example.com,2023-06-08,United Arab Emirates,Abu Dhabi
CUST-007145,James,Chen,james.chen.7145@example.com,2020-07-08,United States,New York
CUST-007146,Aarav,Iyer,aarav.iyer.7146@example.com,2020-11-26,United States,Seattle
CUST-007147,Samir,Das,samir.das.7147@example.com,2020-07-25,India,Hyderabad
CUST-007148,Sofia,Sharma,sofia.sharma.7148@example.com,2021-04-12,Singapore,Singapore
CUST-007149,Diego,Lee,diego.lee.7149@example.com,2024-02-04,United Arab Emirates,Dubai
CUST-007150,Vikram,Lopez,vikram.lopez.7150@example.com,2025-12-23,Germany,Munich
CUST-007151,Arjun,Smith,arjun.smith.7151@example.com,2025-02-22,United States,New York
CUST-007152,Maya,Iyer,maya.iyer.7152@example.com,2021-03-27,India,Chennai
CUST-007153,Uma,Khan,uma.khan.7153@example.com,2022-12-20,United Arab Emirates,Abu Dhabi
CUST-007154,Hassan,Lee,hassan.lee.7154@example.com,2024-09-17,United Kingdom,Birmingham
CUST-007155,Leo,Garcia,leo.garcia.7155@example.com,2024-06-07,United Arab Emirates,Abu Dhabi
CUST-007156,Grace,Muller,grace.muller.7156@example.com,2021-04-15,Canada,Toronto
CUST-007157,Kavya,Costa,kavya.costa.7157@example.com,2020-11-16,Singapore,Singapore
CUST-007158,Kavya,Ali,kavya.ali.7158@example.com,2021-04-21,Germany,Munich
CUST-007159,Uma,Garcia,uma.garcia.7159@example.com,2024-10-09,Canada,Toronto
CUST-007160,Olivia,Iyer,olivia.iyer.7160@example.com,2021-03-12,Singapore,Singapore
CUST-007161,Tara,Muller,tara.muller.7161@example.com,2024-04-12,Canada,Vancouver
CUST-007162,Noah,Brown,noah.brown.7162@example.com,2024-03-04,India,Delhi
CUST-007163,Leo,Johnson,leo.johnson.7163@example.com,2021-02-07,Singapore,Singapore
CUST-007164,Noah,Thomas,noah.thomas.7164@example.com,2025-11-19,Canada,Vancouver
CUST-007165,Tara,Kim,tara.kim.7165@example.com,2020-07-09,Canada,Toronto
CUST-007166,Tara,Garcia,tara.garcia.7166@example.com,2023-03-28,United States,Chicago
CUST-007167,Amelia,Kim,amelia.kim.7167@example.com,2024-05-20,United Kingdom,Manchester
CUST-007168,Ben,Chen,ben.chen.7168@example.com,2022-04-18,Singapore,Singapore
CUST-007169,Aarav,Kim,aarav.kim.7169@example.com,2021-03-28,Germany,Berlin
CUST-007170,Vikram,Ali,vikram.ali.7170@example.com,2021-01-31,Singapore,Singapore
CUST-007171,Ben,Lopez,ben.lopez.7171@example.com,2021-02-22,Germany,Munich
CUST-007172,Ben,Kim,ben.kim.7172@example.com,2022-07-17,United Arab Emirates,Dubai
CUST-007173,Priya,Muller,priya.muller.7173@example.com,2024-09-22,United Arab Emirates,Dubai
CUST-007174,Zane,Kapoor,zane.kapoor.7174@example.com,2022-12-08,Singapore,Singapore
CUST-007175,Aarav,Silva,aarav.silva.7175@example.com,2024-05-09,United Kingdom,Manchester
CUST-007176,Isha,Martin,isha.martin.7176@example.com,2024-05-06,United Arab Emirates,Abu Dhabi
CUST-007177,Sofia,Sharma,sofia.sharma.7177@example.com,2024-03-25,United States,Austin
CUST-007178,Aarav,Sharma,aarav.sharma.7178@example.com,2026-01-26,United Kingdom,London
CUST-007179,Leo,Wright,leo.wright.7179@example.com,2022-07-22,United Arab Emirates,Abu Dhabi
CUST-007180,Tara,Brown,tara.brown.7180@example.com,2020-11-18,Germany,Munich
CUST-007181,Olivia,Smith,olivia.smith.7181@example.com,2021-08-16,Germany,Berlin
CUST-007182,Riya,Lopez,riya.lopez.7182@example.com,2025-05-30,United States,New York
CUST-007183,Isha,Singh,isha.singh.7183@example.com,2022-07-02,United Arab Emirates,Abu Dhabi
CUST-007184,Amelia,Patel,amelia.patel.7184@example.com,2020-07-23,United Kingdom,Manchester
CUST-007185,Tara,Kapoor,tara.kapoor.7185@example.com,2021-08-17,Germany,Berlin
CUST-007186,Amelia,Martin,amelia.martin.7186@example.com,2021-11-28,Singapore,Singapore
CUST-007187,Maya,Smith,maya.smith.7187@example.com,2025-05-19,United Kingdom,London
CUST-007188,Maya,Johnson,maya.johnson.7188@example.com,2020-12-24,India,Chennai
CUST-007189,Arjun,Ali,arjun.ali.7189@example.com,2026-07-17,Germany,Munich
CUST-007190,Quinn,Patel,quinn.patel.7190@example.com,2025-05-21,Canada,Vancouver
CUST-007191,Riya,Ali,riya.ali.7191@example.com,2025-11-02,United Arab Emirates,Abu Dhabi
CUST-007192,Wei,Ahmed,wei.ahmed.7192@example.com,2023-03-12,Singapore,Singapore
CUST-007193,Priya,Nair,priya.nair.7193@example.com,2023-07-17,India,Bengaluru
CUST-007194,Sofia,Thomas,sofia.thomas.7194@example.com,2021-03-12,United States,Chicago
CUST-007195,Arjun,Nguyen,arjun.nguyen.7195@example.com,2026-02-15,United Kingdom,Manchester
CUST-007196,Vikram,Singh,vikram.singh.7196@example.com,2023-12-28,Singapore,Singapore
CUST-007197,Noah,Nair,noah.nair.7197@example.com,2021-02-21,United Arab Emirates,Dubai
CUST-007198,James,Khan,james.khan.7198@example.com,2022-05-15,Singapore,Singapore
CUST-007199,James,Thomas,james.thomas.7199@example.com,2021-01-22,United States,Chicago
CUST-007200,Chen,Silva,chen.silva.7200@example.com,2021-11-19,India,Chennai
CUST-007201,Kavya,Iyer,kavya.iyer.7201@example.com,2023-12-14,Canada,Vancouver
CUST-007202,Wei,Smith,wei.smith.7202@example.com,2024-08-24,Germany,Berlin
CUST-007203,James,Nair,james.nair.7203@example.com,2024-08-08,United Kingdom,London
CUST-007204,Leo,Kapoor,leo.kapoor.7204@example.com,2025-09-08,United Arab Emirates,Dubai
CUST-007205,Amelia,Ahmed,amelia.ahmed.7205@example.com,2022-05-15,Canada,Toronto
CUST-007206,Isha,Wilson,isha.wilson.7206@example.com,2020-07-12,United States,New York
CUST-007207,Uma,Johnson,uma.johnson.7207@example.com,2020-02-23,Germany,Munich
CUST-007208,Amelia,Costa,amelia.costa.7208@example.com,2023-11-26,Singapore,Singapore
CUST-007209,Vikram,Wright,vikram.wright.7209@example.com,2021-12-04,Germany,Berlin
CUST-007210,Isha,Brown,isha.brown.7210@example.com,2022-03-07,Canada,Vancouver
CUST-007211,Sofia,Nguyen,sofia.nguyen.7211@example.com,2022-09-18,Canada,Toronto
CUST-007212,Leo,Nair,leo.nair.7212@example.com,2025-11-28,Canada,Vancouver
CUST-007213,Emma,Ahmed,emma.ahmed.7213@example.com,2020-07-04,India,Delhi
CUST-007214,Samir,Nair,samir.nair.7214@example.com,2020-08-18,Canada,Toronto
CUST-007215,Leo,Wright,leo.wright.7215@example.com,2024-01-03,United States,Seattle
CUST-007216,Hassan,Wilson,hassan.wilson.7216@example.com,2023-09-25,Canada,Toronto
CUST-007217,Grace,Das,grace.das.7217@example.com,2022-08-18,Singapore,Singapore
CUST-007218,Aisha,Chen,aisha.chen.7218@example.com,2023-02-14,Canada,Toronto
CUST-007219,Priya,Lopez,priya.lopez.7219@example.com,2021-08-18,United States,Seattle
CUST-007220,Uma,Young,uma.young.7220@example.com,2021-03-09,United Kingdom,Manchester
CUST-007221,Vikram,Lee,vikram.lee.7221@example.com,2022-01-24,India,Delhi
CUST-007222,Noah,Young,noah.young.7222@example.com,2022-11-06,India,Hyderabad
CUST-007223,Yara,Costa,yara.costa.7223@example.com,2021-03-11,United States,Austin
CUST-007224,Samir,Johnson,samir.johnson.7224@example.com,2020-06-01,Singapore,Singapore
CUST-007225,Samir,Martin,samir.martin.7225@example.com,2022-08-13,Singapore,Singapore
CUST-007226,Hassan,Lee,hassan.lee.7226@example.com,2022-05-01,India,Chennai
CUST-007227,Emma,Singh,emma.singh.7227@example.com,2021-01-19,United States,Seattle
CUST-007228,Isha,Johnson,isha.johnson.7228@example.com,2020-08-03,Canada,Toronto
CUST-007229,Aarav,Young,aarav.young.7229@example.com,2025-04-10,Canada,Vancouver
CUST-007230,Maya,Wright,maya.wright.7230@example.com,2023-10-15,Germany,Berlin
CUST-007231,Quinn,Ahmed,quinn.ahmed.7231@example.com,2023-06-06,Singapore,Singapore
CUST-007232,Zane,Park,zane.park.7232@example.com,2026-01-14,United Arab Emirates,Abu Dhabi
CUST-007233,Aisha,Lopez,aisha.lopez.7233@example.com,2020-05-11,United Kingdom,Birmingham
CUST-007234,Tara,Nair,tara.nair.7234@example.com,2021-12-21,United Arab Emirates,Dubai
CUST-007235,Kavya,Chen,kavya.chen.7235@example.com,2022-02-09,Germany,Munich
CUST-007236,Quinn,Roy,quinn.roy.7236@example.com,2024-09-10,India,Hyderabad
CUST-007237,Maya,Khan,maya.khan.7237@example.com,2022-04-24,India,Bengaluru
CUST-007238,Priya,Chen,priya.chen.7238@example.com,2024-10-22,United States,Chicago
CUST-007239,Aarav,Chen,aarav.chen.7239@example.com,2021-07-11,Germany,Berlin
CUST-007240,Leo,Wright,leo.wright.7240@example.com,2023-04-18,United States,New York
CUST-007241,Samir,Kapoor,samir.kapoor.7241@example.com,2023-06-05,United States,Austin
CUST-007242,Quinn,Smith,quinn.smith.7242@example.com,2021-11-30,Germany,Munich
CUST-007243,Arjun,Das,arjun.das.7243@example.com,2025-11-21,United Arab Emirates,Dubai
CUST-007244,Vikram,Park,vikram.park.7244@example.com,2024-08-13,India,Bengaluru
CUST-007245,Ben,Mehta,ben.mehta.7245@example.com,2024-11-12,United States,Seattle
CUST-007246,Fatima,Young,fatima.young.7246@example.com,2021-01-20,India,Chennai
CUST-007247,Arjun,Lopez,arjun.lopez.7247@example.com,2023-06-23,Canada,Vancouver
CUST-007248,Emma,Smith,emma.smith.7248@example.com,2026-03-14,United Kingdom,Manchester
CUST-007249,Aisha,Wright,aisha.wright.7249@example.com,2020-05-06,Germany,Berlin
CUST-007250,Samir,Lee,samir.lee.7250@example.com,2024-02-15,United States,New York
CUST-007251,Samir,Nair,samir.nair.7251@example.com,2024-12-04,United Kingdom,Manchester
CUST-007252,Hassan,Das,hassan.das.7252@example.com,2021-04-28,India,Chennai
CUST-007253,James,Wright,james.wright.7253@example.com,2023-10-09,India,Hyderabad
CUST-007254,Emma,Sharma,emma.sharma.7254@example.com,2026-06-17,United Arab Emirates,Abu Dhabi
CUST-007255,Arjun,Kim,arjun.kim.7255@example.com,2023-12-10,Singapore,Singapore
CUST-007256,Priya,Martin,priya.martin.7256@example.com,2020-09-23,United Arab Emirates,Dubai
CUST-007257,Kavya,Patel,kavya.patel.7257@example.com,2023-06-28,United Kingdom,Birmingham
CUST-007258,Aisha,Kim,aisha.kim.7258@example.com,2023-08-23,Canada,Toronto
CUST-007259,Riya,Lopez,riya.lopez.7259@example.com,2020-08-16,United Arab Emirates,Dubai
CUST-007260,Isha,Thomas,isha.thomas.7260@example.com,2020-10-16,India,Mumbai
CUST-007261,Quinn,Johnson,quinn.johnson.7261@example.com,2024-04-19,United Kingdom,Manchester
CUST-007262,Priya,Lee,priya.lee.7262@example.com,2026-06-25,United States,Austin
CUST-007263,Aditi,Lopez,aditi.lopez.7263@example.com,2022-09-17,United States,Chicago
CUST-007264,Isha,Das,isha.das.7264@example.com,2024-11-07,Singapore,Singapore
CUST-007265,Priya,Smith,priya.smith.7265@example.com,2021-11-18,Canada,Vancouver
CUST-007266,Diego,Brown,diego.brown.7266@example.com,2024-04-20,United Arab Emirates,Dubai
CUST-007267,Olivia,Lee,olivia.lee.7267@example.com,2020-09-24,India,Chennai
CUST-007268,Vikram,Roy,vikram.roy.7268@example.com,2020-03-07,United States,Austin
CUST-007269,Vikram,Park,vikram.park.7269@example.com,2021-06-03,United Kingdom,Manchester
CUST-007270,Quinn,Lopez,quinn.lopez.7270@example.com,2021-09-01,Canada,Vancouver
CUST-007271,Aarav,Muller,aarav.muller.7271@example.com,2021-12-28,Singapore,Singapore
CUST-007272,Emma,Costa,emma.costa.7272@example.com,2022-04-05,United States,Seattle
CUST-007273,Riya,Wilson,riya.wilson.7273@example.com,2022-07-31,United Arab Emirates,Dubai
CUST-007274,Emma,Johnson,emma.johnson.7274@example.com,2024-02-28,Singapore,Singapore
CUST-007275,Tara,Wilson,tara.wilson.7275@example.com,2024-11-21,Singapore,Singapore
CUST-007276,Tara,Patel,tara.patel.7276@example.com,2024-11-15,United Arab Emirates,Abu Dhabi
CUST-007277,Vikram,Kim,vikram.kim.7277@example.com,2023-03-10,United States,Austin
CUST-007278,Tara,Martin,tara.martin.7278@example.com,2024-04-20,United States,Austin
CUST-007279,Noah,Singh,noah.singh.7279@example.com,2020-03-26,United Kingdom,Manchester
CUST-007280,Emma,Johnson,emma.johnson.7280@example.com,2020-03-29,United Kingdom,Birmingham
CUST-007281,Yara,Iyer,yara.iyer.7281@example.com,2026-04-10,United States,Seattle
CUST-007282,Priya,Lee,priya.lee.7282@example.com,2020-02-03,Singapore,Singapore
CUST-007283,Olivia,Costa,olivia.costa.7283@example.com,2024-09-24,Canada,Vancouver
CUST-007284,Grace,Johnson,grace.johnson.7284@example.com,2021-01-28,United Kingdom,Manchester
CUST-007285,Isha,Singh,isha.singh.7285@example.com,2022-11-25,India,Hyderabad
CUST-007286,Arjun,Park,arjun.park.7286@example.com,2025-11-12,United Arab Emirates,Dubai
CUST-007287,Aarav,Patel,aarav.patel.7287@example.com,2026-08-08,Canada,Vancouver
CUST-007288,Emma,Garcia,emma.garcia.7288@example.com,2025-09-14,United Arab Emirates,Abu Dhabi
CUST-007289,Chen,Kapoor,chen.kapoor.7289@example.com,2023-03-12,United Kingdom,Birmingham
CUST-007290,Tara,Nair,tara.nair.7290@example.com,2024-07-04,Germany,Munich
CUST-007291,Maya,Costa,maya.costa.7291@example.com,2025-01-17,Singapore,Singapore
CUST-007292,Kavya,Sharma,kavya.sharma.7292@example.com,2021-03-12,Singapore,Singapore
CUST-007293,Samir,Thomas,samir.thomas.7293@example.com,2020-04-01,Canada,Vancouver
CUST-007294,Olivia,Patel,olivia.patel.7294@example.com,2022-12-04,India,Chennai
CUST-007295,Kavya,Kapoor,kavya.kapoor.7295@example.com,2020-11-26,India,Mumbai
CUST-007296,Uma,Johnson,uma.johnson.7296@example.com,2025-11-14,Canada,Vancouver
CUST-007297,Vikram,Das,vikram.das.7297@example.com,2021-02-24,Singapore,Singapore
CUST-007298,Isha,Chen,isha.chen.7298@example.com,2024-01-08,Canada,Vancouver
CUST-007299,James,Mehta,james.mehta.7299@example.com,2020-01-01,United Kingdom,Birmingham
CUST-007300,Grace,Khan,grace.khan.7300@example.com,2025-08-31,United Arab Emirates,Abu Dhabi
CUST-007301,Aarav,Wright,aarav.wright.7301@example.com,2024-04-23,India,Hyderabad
CUST-007302,Riya,Kim,riya.kim.7302@example.com,2026-04-24,United Kingdom,Birmingham
CUST-007303,Riya,Smith,riya.smith.7303@example.com,2023-03-09,United States,Austin
CUST-007304,Hassan,Nair,hassan.nair.7304@example.com,2024-11-16,Germany,Munich
CUST-007305,Aarav,Young,aarav.young.7305@example.com,2023-08-20,United Kingdom,London
CUST-007306,Quinn,Singh,quinn.singh.7306@example.com,2024-08-02,Canada,Vancouver
CUST-007307,Yara,Das,yara.das.7307@example.com,2022-07-28,United Arab Emirates,Abu Dhabi
CUST-007308,Grace,Kim,grace.kim.7308@example.com,2021-07-09,India,Delhi
CUST-007309,Zane,Smith,zane.smith.7309@example.com,2026-04-16,Canada,Vancouver
CUST-007310,Amelia,Chen,amelia.chen.7310@example.com,2026-01-08,Canada,Toronto
CUST-007311,Zane,Singh,zane.singh.7311@example.com,2024-12-30,Canada,Toronto
CUST-007312,Fatima,Patel,fatima.patel.7312@example.com,2021-06-16,Canada,Vancouver
CUST-007313,Aditi,Thomas,aditi.thomas.7313@example.com,2022-09-12,Germany,Munich
CUST-007314,Yara,Das,yara.das.7314@example.com,2024-10-18,Singapore,Singapore
CUST-007315,Uma,Muller,uma.muller.7315@example.com,2023-05-17,Canada,Toronto
CUST-007316,Quinn,Costa,quinn.costa.7316@example.com,2022-10-18,Canada,Vancouver
CUST-007317,Olivia,Brown,olivia.brown.7317@example.com,2024-07-25,Canada,Toronto
CUST-007318,Riya,Muller,riya.muller.7318@example.com,2023-08-16,United States,Seattle
CUST-007319,Diego,Sharma,diego.sharma.7319@example.com,2020-12-12,Germany,Berlin
CUST-007320,Uma,Khan,uma.khan.7320@example.com,2021-08-01,Canada,Vancouver
CUST-007321,Noah,Ahmed,noah.ahmed.7321@example.com,2023-09-27,Singapore,Singapore
CUST-007322,Vikram,Nair,vikram.nair.7322@example.com,2022-05-03,Germany,Berlin
CUST-007323,Uma,Kim,uma.kim.7323@example.com,2025-08-25,Germany,Munich
CUST-007324,Aisha,Kapoor,aisha.kapoor.7324@example.com,2025-06-28,Canada,Vancouver
CUST-007325,Hassan,Wilson,hassan.wilson.7325@example.com,2025-04-28,Singapore,Singapore
CUST-007326,Zane,Johnson,zane.johnson.7326@example.com,2023-09-03,Singapore,Singapore
CUST-007327,Aisha,Patel,aisha.patel.7327@example.com,2024-09-26,United States,Austin
CUST-007328,Emma,Kim,emma.kim.7328@example.com,2023-02-26,Germany,Berlin
CUST-007329,Quinn,Nair,quinn.nair.7329@example.com,2024-07-08,United Kingdom,Birmingham
CUST-007330,Uma,Nair,uma.nair.7330@example.com,2022-09-28,Singapore,Singapore
CUST-007331,Arjun,Martin,arjun.martin.7331@example.com,2021-09-08,India,Bengaluru
CUST-007332,Diego,Iyer,diego.iyer.7332@example.com,2024-09-23,Singapore,Singapore
CUST-007333,Leo,Das,leo.das.7333@example.com,2020-07-14,Canada,Vancouver
CUST-007334,Zane,Brown,zane.brown.7334@example.com,2021-05-23,Canada,Vancouver
CUST-007335,Fatima,Lee,fatima.lee.7335@example.com,2024-01-03,Canada,Vancouver
CUST-007336,Kavya,Young,kavya.young.7336@example.com,2021-12-09,Singapore,Singapore
CUST-007337,Zane,Garcia,zane.garcia.7337@example.com,2022-09-30,Singapore,Singapore
CUST-007338,Kavya,Martin,kavya.martin.7338@example.com,2020-06-17,United Kingdom,Birmingham
CUST-007339,Priya,Young,priya.young.7339@example.com,2025-06-23,United Arab Emirates,Abu Dhabi
CUST-007340,Emma,Park,emma.park.7340@example.com,2024-03-13,Singapore,Singapore
CUST-007341,Riya,Kim,riya.kim.7341@example.com,2022-09-07,Germany,Munich
CUST-007342,Wei,Wilson,wei.wilson.7342@example.com,2023-10-01,Germany,Berlin
CUST-007343,Olivia,Iyer,olivia.iyer.7343@example.com,2022-02-18,Canada,Vancouver
CUST-007344,Tara,Ali,tara.ali.7344@example.com,2022-11-05,Canada,Toronto
CUST-007345,Uma,Park,uma.park.7345@example.com,2025-05-04,United States,Chicago
CUST-007346,Kavya,Costa,kavya.costa.7346@example.com,2025-04-30,United Arab Emirates,Abu Dhabi
CUST-007347,Aarav,Lee,aarav.lee.7347@example.com,2021-09-07,Canada,Toronto
CUST-007348,Yara,Chen,yara.chen.7348@example.com,2025-03-28,Singapore,Singapore
CUST-007349,Amelia,Kim,amelia.kim.7349@example.com,2024-12-28,United Arab Emirates,Abu Dhabi
CUST-007350,Chen,Kim,chen.kim.7350@example.com,2020-11-07,India,Delhi
CUST-007351,Uma,Chen,uma.chen.7351@example.com,2022-04-30,Canada,Toronto
CUST-007352,Aditi,Nair,aditi.nair.7352@example.com,2020-08-26,United Arab Emirates,Dubai
CUST-007353,Quinn,Das,quinn.das.7353@example.com,2026-05-27,India,Delhi
CUST-007354,Tara,Patel,tara.patel.7354@example.com,2024-08-02,Canada,Vancouver
CUST-007355,Isha,Iyer,isha.iyer.7355@example.com,2025-09-04,Germany,Berlin
CUST-007356,Diego,Mehta,diego.mehta.7356@example.com,2022-12-14,United Kingdom,Manchester
CUST-007357,Diego,Wilson,diego.wilson.7357@example.com,2023-09-28,Canada,Vancouver
CUST-007358,Hassan,Brown,hassan.brown.7358@example.com,2022-01-08,United Kingdom,London
CUST-007359,Yara,Wright,yara.wright.7359@example.com,2024-08-12,United States,Chicago
CUST-007360,Aditi,Lopez,aditi.lopez.7360@example.com,2020-02-25,Germany,Berlin
CUST-007361,Emma,Ali,emma.ali.7361@example.com,2026-05-26,India,Mumbai
CUST-007362,Amelia,Patel,amelia.patel.7362@example.com,2022-10-02,Germany,Munich
CUST-007363,Olivia,Roy,olivia.roy.7363@example.com,2024-01-21,Germany,Munich
CUST-007364,Amelia,Khan,amelia.khan.7364@example.com,2025-08-17,United Arab Emirates,Abu Dhabi
CUST-007365,Wei,Singh,wei.singh.7365@example.com,2020-12-21,India,Chennai
CUST-007366,Arjun,Wright,arjun.wright.7366@example.com,2025-08-19,United Kingdom,London
CUST-007367,Tara,Ali,tara.ali.7367@example.com,2023-02-07,Canada,Vancouver
CUST-007368,James,Khan,james.khan.7368@example.com,2023-06-09,United Kingdom,Manchester
CUST-007369,Kavya,Costa,kavya.costa.7369@example.com,2025-09-22,India,Hyderabad
CUST-007370,Maya,Chen,maya.chen.7370@example.com,2020-01-01,Germany,Munich
CUST-007371,Tara,Ali,tara.ali.7371@example.com,2026-07-18,Germany,Munich
CUST-007372,Isha,Wright,isha.wright.7372@example.com,2024-04-19,Germany,Berlin
CUST-007373,Samir,Nair,samir.nair.7373@example.com,2024-03-07,India,Bengaluru
CUST-007374,Hassan,Muller,hassan.muller.7374@example.com,2026-07-28,United Kingdom,Manchester
CUST-007375,Aarav,Wilson,aarav.wilson.7375@example.com,2020-10-04,Germany,Munich
CUST-007376,Samir,Smith,samir.smith.7376@example.com,2022-08-11,Germany,Berlin
CUST-007377,Aarav,Mehta,aarav.mehta.7377@example.com,2026-06-10,United States,Austin
CUST-007378,Leo,Costa,leo.costa.7378@example.com,2020-03-12,United Kingdom,Manchester
CUST-007379,Emma,Silva,emma.silva.7379@example.com,2022-09-18,Singapore,Singapore
CUST-007380,Ben,Kapoor,ben.kapoor.7380@example.com,2020-10-01,United States,Seattle
CUST-007381,Aditi,Iyer,aditi.iyer.7381@example.com,2022-06-04,India,Mumbai
CUST-007382,Noah,Muller,noah.muller.7382@example.com,2020-05-12,Singapore,Singapore
CUST-007383,Leo,Kim,leo.kim.7383@example.com,2022-09-24,Singapore,Singapore
CUST-007384,Noah,Ahmed,noah.ahmed.7384@example.com,2021-01-04,Canada,Vancouver
CUST-007385,Kavya,Mehta,kavya.mehta.7385@example.com,2025-08-11,Germany,Munich
CUST-007386,Ben,Lee,ben.lee.7386@example.com,2023-05-10,Singapore,Singapore
CUST-007387,Wei,Garcia,wei.garcia.7387@example.com,2022-02-08,India,Delhi
CUST-007388,Priya,Lee,priya.lee.7388@example.com,2021-02-26,United Kingdom,London
CUST-007389,Sofia,Young,sofia.young.7389@example.com,2021-11-12,Germany,Berlin
CUST-007390,Vikram,Wilson,vikram.wilson.7390@example.com,2022-07-13,Singapore,Singapore
CUST-007391,Amelia,Martin,amelia.martin.7391@example.com,2024-07-22,Germany,Munich
CUST-007392,Fatima,Kapoor,fatima.kapoor.7392@example.com,2025-07-28,Canada,Vancouver
CUST-007393,Fatima,Nguyen,fatima.nguyen.7393@example.com,2021-01-04,United States,Austin
CUST-007394,Sofia,Iyer,sofia.iyer.7394@example.com,2025-09-01,India,Bengaluru
CUST-007395,Aarav,Garcia,aarav.garcia.7395@example.com,2025-10-06,United Kingdom,Manchester
CUST-007396,Chen,Lee,chen.lee.7396@example.com,2023-07-27,Singapore,Singapore
CUST-007397,Hassan,Johnson,hassan.johnson.7397@example.com,2025-11-29,United Arab Emirates,Abu Dhabi
CUST-007398,Quinn,Smith,quinn.smith.7398@example.com,2021-05-02,Germany,Munich
CUST-007399,Noah,Nair,noah.nair.7399@example.com,2023-11-08,United Kingdom,Birmingham
CUST-007400,Vikram,Nair,vikram.nair.7400@example.com,2026-06-22,India,Chennai
CUST-007401,Fatima,Das,fatima.das.7401@example.com,2020-11-07,Germany,Berlin
CUST-007402,Noah,Muller,noah.muller.7402@example.com,2024-01-18,United Kingdom,Birmingham
CUST-007403,Wei,Young,wei.young.7403@example.com,2021-03-29,Canada,Vancouver
CUST-007404,Kavya,Iyer,kavya.iyer.7404@example.com,2021-12-29,Canada,Toronto
CUST-007405,Noah,Johnson,noah.johnson.7405@example.com,2021-02-01,Canada,Toronto
CUST-007406,Fatima,Martin,fatima.martin.7406@example.com,2026-05-31,Canada,Toronto
CUST-007407,Noah,Young,noah.young.7407@example.com,2020-06-17,Germany,Berlin
CUST-007408,Chen,Martin,chen.martin.7408@example.com,2022-11-23,India,Hyderabad
CUST-007409,Chen,Lee,chen.lee.7409@example.com,2021-12-09,United States,Seattle
CUST-007410,Sofia,Smith,sofia.smith.7410@example.com,2024-02-24,India,Chennai
CUST-007411,Kavya,Mehta,kavya.mehta.7411@example.com,2022-09-18,Canada,Toronto
CUST-007412,Wei,Ahmed,wei.ahmed.7412@example.com,2021-02-20,Germany,Berlin
CUST-007413,Amelia,Wilson,amelia.wilson.7413@example.com,2021-09-25,United Kingdom,Manchester
CUST-007414,Zane,Johnson,zane.johnson.7414@example.com,2021-01-06,United Kingdom,London
CUST-007415,Fatima,Mehta,fatima.mehta.7415@example.com,2020-12-26,Singapore,Singapore
CUST-007416,Diego,Khan,diego.khan.7416@example.com,2023-12-30,United Kingdom,Manchester
CUST-007417,Chen,Thomas,chen.thomas.7417@example.com,2020-09-14,India,Delhi
CUST-007418,Diego,Patel,diego.patel.7418@example.com,2020-08-29,United States,Seattle
CUST-007419,Fatima,Sharma,fatima.sharma.7419@example.com,2024-12-11,Singapore,Singapore
CUST-007420,Riya,Das,riya.das.7420@example.com,2020-07-13,India,Chennai
CUST-007421,Zane,Mehta,zane.mehta.7421@example.com,2024-01-16,Singapore,Singapore
CUST-007422,Riya,Roy,riya.roy.7422@example.com,2023-08-02,United Kingdom,Manchester
CUST-007423,James,Mehta,james.mehta.7423@example.com,2024-11-05,Canada,Toronto
CUST-007424,Tara,Park,tara.park.7424@example.com,2023-08-26,United Kingdom,Manchester
CUST-007425,Arjun,Park,arjun.park.7425@example.com,2022-01-22,United Arab Emirates,Dubai
CUST-007426,Aisha,Costa,aisha.costa.7426@example.com,2022-12-29,United Arab Emirates,Abu Dhabi
CUST-007427,Aisha,Patel,aisha.patel.7427@example.com,2023-06-10,Singapore,Singapore
CUST-007428,Sofia,Nair,sofia.nair.7428@example.com,2021-02-25,Germany,Berlin
CUST-007429,James,Nguyen,james.nguyen.7429@example.com,2024-04-15,Germany,Munich
CUST-007430,Samir,Nair,samir.nair.7430@example.com,2020-03-11,India,Mumbai
CUST-007431,Zane,Roy,zane.roy.7431@example.com,2025-11-26,Canada,Toronto
CUST-007432,Ben,Wright,ben.wright.7432@example.com,2021-07-02,United Kingdom,Birmingham
CUST-007433,Arjun,Muller,arjun.muller.7433@example.com,2021-08-02,United Arab Emirates,Abu Dhabi
CUST-007434,Wei,Wilson,wei.wilson.7434@example.com,2021-09-14,United States,New York
CUST-007435,Quinn,Park,quinn.park.7435@example.com,2023-12-28,Singapore,Singapore
CUST-007436,Ben,Lopez,ben.lopez.7436@example.com,2024-04-09,Canada,Vancouver
CUST-007437,Aisha,Sharma,aisha.sharma.7437@example.com,2022-03-03,United Arab Emirates,Abu Dhabi
CUST-007438,Leo,Ahmed,leo.ahmed.7438@example.com,2020-12-19,Canada,Toronto
CUST-007439,Aarav,Iyer,aarav.iyer.7439@example.com,2022-08-01,United Arab Emirates,Dubai
CUST-007440,Riya,Park,riya.park.7440@example.com,2023-12-11,Germany,Munich
CUST-007441,Aisha,Roy,aisha.roy.7441@example.com,2026-03-07,United States,Chicago
CUST-007442,Aditi,Das,aditi.das.7442@example.com,2021-10-08,United States,Austin
CUST-007443,Aarav,Patel,aarav.patel.7443@example.com,2025-03-12,Germany,Munich
CUST-007444,Noah,Singh,noah.singh.7444@example.com,2025-07-13,United Arab Emirates,Dubai
CUST-007445,Emma,Park,emma.park.7445@example.com,2026-03-29,United States,Chicago
CUST-007446,Arjun,Garcia,arjun.garcia.7446@example.com,2023-12-03,United Arab Emirates,Dubai
CUST-007447,Fatima,Singh,fatima.singh.7447@example.com,2020-07-02,United States,Seattle
CUST-007448,Riya,Wilson,riya.wilson.7448@example.com,2020-04-04,Canada,Toronto
CUST-007449,Sofia,Lopez,sofia.lopez.7449@example.com,2024-06-24,United Arab Emirates,Dubai
CUST-007450,Vikram,Muller,vikram.muller.7450@example.com,2023-03-25,India,Chennai
CUST-007451,Aarav,Smith,aarav.smith.7451@example.com,2022-01-15,Canada,Vancouver
CUST-007452,Aarav,Costa,aarav.costa.7452@example.com,2024-01-08,Canada,Vancouver
CUST-007453,Zane,Chen,zane.chen.7453@example.com,2025-01-21,United Kingdom,Manchester
CUST-007454,Samir,Nair,samir.nair.7454@example.com,2020-06-19,United Kingdom,Birmingham
CUST-007455,Olivia,Sharma,olivia.sharma.7455@example.com,2020-12-07,United Kingdom,Birmingham
CUST-007456,Maya,Mehta,maya.mehta.7456@example.com,2025-08-30,United Arab Emirates,Abu Dhabi
CUST-007457,James,Muller,james.muller.7457@example.com,2022-11-29,Germany,Berlin
CUST-007458,Aditi,Nguyen,aditi.nguyen.7458@example.com,2023-09-10,Singapore,Singapore
CUST-007459,James,Park,james.park.7459@example.com,2022-06-22,United States,Chicago
CUST-007460,Maya,Wilson,maya.wilson.7460@example.com,2024-12-18,United Arab Emirates,Abu Dhabi
CUST-007461,Hassan,Costa,hassan.costa.7461@example.com,2022-08-31,Germany,Berlin
CUST-007462,Chen,Muller,chen.muller.7462@example.com,2020-08-02,Germany,Munich
CUST-007463,Quinn,Garcia,quinn.garcia.7463@example.com,2020-04-04,United States,New York
CUST-007464,Arjun,Park,arjun.park.7464@example.com,2022-03-03,Germany,Munich
CUST-007465,Aarav,Kapoor,aarav.kapoor.7465@example.com,2025-05-28,United Kingdom,Birmingham
CUST-007466,Emma,Wright,emma.wright.7466@example.com,2025-01-05,Canada,Toronto
CUST-007467,Uma,Ahmed,uma.ahmed.7467@example.com,2020-03-04,United Arab Emirates,Dubai
CUST-007468,Maya,Sharma,maya.sharma.7468@example.com,2023-09-10,United States,New York
CUST-007469,Uma,Mehta,uma.mehta.7469@example.com,2022-11-16,Germany,Munich
CUST-007470,Tara,Brown,tara.brown.7470@example.com,2021-11-21,United Arab Emirates,Abu Dhabi
CUST-007471,Fatima,Khan,fatima.khan.7471@example.com,2021-05-14,United Arab Emirates,Abu Dhabi
CUST-007472,Kavya,Park,kavya.park.7472@example.com,2020-07-14,United Arab Emirates,Abu Dhabi
CUST-007473,Diego,Kim,diego.kim.7473@example.com,2021-06-08,Singapore,Singapore
CUST-007474,Olivia,Iyer,olivia.iyer.7474@example.com,2024-08-01,India,Hyderabad
CUST-007475,Chen,Lopez,chen.lopez.7475@example.com,2026-04-30,India,Delhi
CUST-007476,Tara,Brown,tara.brown.7476@example.com,2024-06-01,United States,Chicago
CUST-007477,Aarav,Park,aarav.park.7477@example.com,2022-11-13,United Arab Emirates,Abu Dhabi
CUST-007478,Wei,Lopez,wei.lopez.7478@example.com,2024-08-22,United Arab Emirates,Abu Dhabi
CUST-007479,Isha,Das,isha.das.7479@example.com,2021-09-03,Germany,Berlin
CUST-007480,Hassan,Roy,hassan.roy.7480@example.com,2025-12-30,Germany,Berlin
CUST-007481,Yara,Young,yara.young.7481@example.com,2025-11-22,United States,Austin
CUST-007482,Samir,Martin,samir.martin.7482@example.com,2021-03-29,India,Chennai
CUST-007483,Chen,Garcia,chen.garcia.7483@example.com,2024-03-09,United States,Austin
CUST-007484,Aditi,Costa,aditi.costa.7484@example.com,2025-10-07,United Arab Emirates,Abu Dhabi
CUST-007485,James,Martin,james.martin.7485@example.com,2023-05-05,Germany,Munich
CUST-007486,Leo,Kapoor,leo.kapoor.7486@example.com,2025-07-21,Singapore,Singapore
CUST-007487,Priya,Muller,priya.muller.7487@example.com,2023-08-19,United Kingdom,Birmingham
CUST-007488,Diego,Chen,diego.chen.7488@example.com,2023-02-23,United Kingdom,Birmingham
CUST-007489,Grace,Silva,grace.silva.7489@example.com,2025-04-29,United Arab Emirates,Abu Dhabi
CUST-007490,Aisha,Khan,aisha.khan.7490@example.com,2024-01-03,United States,Austin
CUST-007491,Amelia,Chen,amelia.chen.7491@example.com,2023-11-12,United Kingdom,Birmingham
CUST-007492,Vikram,Das,vikram.das.7492@example.com,2021-10-11,United Kingdom,Birmingham
CUST-007493,Samir,Nair,samir.nair.7493@example.com,2023-01-29,Singapore,Singapore
CUST-007494,Emma,Khan,emma.khan.7494@example.com,2020-09-20,Germany,Munich
CUST-007495,Maya,Muller,maya.muller.7495@example.com,2021-10-02,Germany,Munich
CUST-007496,Kavya,Singh,kavya.singh.7496@example.com,2021-05-07,Canada,Toronto
CUST-007497,Vikram,Nair,vikram.nair.7497@example.com,2025-07-12,United Arab Emirates,Abu Dhabi
CUST-007498,Emma,Singh,emma.singh.7498@example.com,2023-01-03,United States,Chicago
CUST-007499,Hassan,Park,hassan.park.7499@example.com,2020-10-21,United Kingdom,Manchester
CUST-007500,Uma,Lopez,uma.lopez.7500@example.com,2023-06-26,Singapore,Singapore
CUST-007501,Priya,Muller,priya.muller.7501@example.com,2025-12-08,Singapore,Singapore
CUST-007502,Diego,Kapoor,diego.kapoor.7502@example.com,2020-02-02,Germany,Berlin
CUST-007503,Olivia,Johnson,olivia.johnson.7503@example.com,2025-08-27,United Kingdom,London
CUST-007504,Aditi,Silva,aditi.silva.7504@example.com,2024-06-10,India,Bengaluru
CUST-007505,Wei,Patel,wei.patel.7505@example.com,2023-09-02,India,Chennai
CUST-007506,Leo,Lopez,leo.lopez.7506@example.com,2021-09-27,Germany,Berlin
CUST-007507,Sofia,Lee,sofia.lee.7507@example.com,2021-06-01,United States,Seattle
CUST-007508,Uma,Martin,uma.martin.7508@example.com,2022-05-30,Canada,Vancouver
CUST-007509,Uma,Wright,uma.wright.7509@example.com,2021-11-16,United Arab Emirates,Abu Dhabi
CUST-007510,Isha,Costa,isha.costa.7510@example.com,2020-07-18,United Arab Emirates,Abu Dhabi
CUST-007511,James,Lopez,james.lopez.7511@example.com,2020-07-20,Germany,Berlin
CUST-007512,Vikram,Lopez,vikram.lopez.7512@example.com,2025-09-04,Canada,Toronto
CUST-007513,Emma,Sharma,emma.sharma.7513@example.com,2022-04-15,Canada,Toronto
CUST-007514,Sofia,Kim,sofia.kim.7514@example.com,2020-01-21,United Arab Emirates,Dubai
CUST-007515,Wei,Thomas,wei.thomas.7515@example.com,2022-06-16,United Kingdom,Manchester
CUST-007516,Tara,Brown,tara.brown.7516@example.com,2025-11-28,United Kingdom,Manchester
CUST-007517,Isha,Mehta,isha.mehta.7517@example.com,2021-03-03,Singapore,Singapore
CUST-007518,Grace,Lee,grace.lee.7518@example.com,2024-09-03,United Kingdom,London
CUST-007519,Hassan,Brown,hassan.brown.7519@example.com,2021-09-23,United Arab Emirates,Abu Dhabi
CUST-007520,Aditi,Nair,aditi.nair.7520@example.com,2025-06-07,Singapore,Singapore
CUST-007521,Sofia,Mehta,sofia.mehta.7521@example.com,2024-07-08,Canada,Toronto
CUST-007522,Leo,Garcia,leo.garcia.7522@example.com,2023-09-24,India,Bengaluru
CUST-007523,Isha,Kapoor,isha.kapoor.7523@example.com,2023-05-09,Germany,Berlin
CUST-007524,Arjun,Nair,arjun.nair.7524@example.com,2021-09-19,Germany,Munich
CUST-007525,James,Ali,james.ali.7525@example.com,2021-09-20,Germany,Munich
CUST-007526,Tara,Patel,tara.patel.7526@example.com,2020-12-16,United States,Seattle
CUST-007527,Grace,Mehta,grace.mehta.7527@example.com,2022-06-09,Canada,Toronto
CUST-007528,Yara,Sharma,yara.sharma.7528@example.com,2025-07-29,Germany,Munich
CUST-007529,Grace,Thomas,grace.thomas.7529@example.com,2026-02-26,United Kingdom,London
CUST-007530,Amelia,Kapoor,amelia.kapoor.7530@example.com,2024-05-01,United States,Austin
CUST-007531,James,Lee,james.lee.7531@example.com,2024-02-27,United States,Chicago
CUST-007532,Leo,Lopez,leo.lopez.7532@example.com,2022-12-29,United Arab Emirates,Abu Dhabi
CUST-007533,Tara,Muller,tara.muller.7533@example.com,2024-12-31,India,Chennai
CUST-007534,Priya,Roy,priya.roy.7534@example.com,2020-04-01,Canada,Vancouver
CUST-007535,Wei,Singh,wei.singh.7535@example.com,2026-04-23,India,Chennai
CUST-007536,Arjun,Nair,arjun.nair.7536@example.com,2020-09-21,United Arab Emirates,Abu Dhabi
CUST-007537,Leo,Iyer,leo.iyer.7537@example.com,2020-10-07,United Kingdom,London
CUST-007538,Olivia,Wright,olivia.wright.7538@example.com,2023-02-09,Germany,Munich
CUST-007539,Arjun,Park,arjun.park.7539@example.com,2021-11-07,United Kingdom,Manchester
CUST-007540,Chen,Wright,chen.wright.7540@example.com,2024-10-25,India,Delhi
CUST-007541,Priya,Martin,priya.martin.7541@example.com,2025-10-30,United States,Austin
CUST-007542,Maya,Roy,maya.roy.7542@example.com,2023-10-09,Germany,Munich
CUST-007543,Emma,Ali,emma.ali.7543@example.com,2024-11-14,Singapore,Singapore
CUST-007544,Isha,Roy,isha.roy.7544@example.com,2026-07-13,United Kingdom,London
CUST-007545,Leo,Sharma,leo.sharma.7545@example.com,2023-08-28,United Kingdom,Manchester
CUST-007546,Tara,Nair,tara.nair.7546@example.com,2022-05-11,United Kingdom,Birmingham
CUST-007547,Wei,Kim,wei.kim.7547@example.com,2024-11-04,United States,Chicago
CUST-007548,Riya,Chen,riya.chen.7548@example.com,2023-10-09,India,Hyderabad
CUST-007549,Vikram,Ahmed,vikram.ahmed.7549@example.com,2021-07-30,United States,New York
CUST-007550,Wei,Ahmed,wei.ahmed.7550@example.com,2020-08-08,United Kingdom,Manchester
CUST-007551,Isha,Das,isha.das.7551@example.com,2023-05-07,United States,New York
CUST-007552,Hassan,Johnson,hassan.johnson.7552@example.com,2025-03-14,United Kingdom,Manchester
CUST-007553,Arjun,Patel,arjun.patel.7553@example.com,2020-07-14,Germany,Berlin
CUST-007554,Arjun,Singh,arjun.singh.7554@example.com,2022-10-30,Germany,Munich
CUST-007555,Kavya,Thomas,kavya.thomas.7555@example.com,2023-03-24,United States,Seattle
CUST-007556,Diego,Wright,diego.wright.7556@example.com,2022-12-10,India,Chennai
CUST-007557,Leo,Garcia,leo.garcia.7557@example.com,2023-12-14,United States,Seattle
CUST-007558,Kavya,Wilson,kavya.wilson.7558@example.com,2024-07-01,United Kingdom,Manchester
CUST-007559,Arjun,Brown,arjun.brown.7559@example.com,2023-01-12,United Kingdom,Birmingham
CUST-007560,Tara,Lopez,tara.lopez.7560@example.com,2023-06-19,Singapore,Singapore
CUST-007561,Isha,Martin,isha.martin.7561@example.com,2024-03-12,United Kingdom,Manchester
CUST-007562,Chen,Nair,chen.nair.7562@example.com,2023-07-10,Germany,Berlin
CUST-007563,Diego,Thomas,diego.thomas.7563@example.com,2026-01-06,United States,Seattle
CUST-007564,Hassan,Iyer,hassan.iyer.7564@example.com,2020-03-13,United Arab Emirates,Abu Dhabi
CUST-007565,Leo,Mehta,leo.mehta.7565@example.com,2023-05-19,United Arab Emirates,Abu Dhabi
CUST-007566,Hassan,Kapoor,hassan.kapoor.7566@example.com,2021-02-04,United Arab Emirates,Abu Dhabi
CUST-007567,Isha,Patel,isha.patel.7567@example.com,2025-12-14,United States,Seattle
CUST-007568,Quinn,Lopez,quinn.lopez.7568@example.com,2022-03-03,India,Hyderabad
CUST-007569,Ben,Brown,ben.brown.7569@example.com,2023-05-21,United States,Chicago
CUST-007570,Aarav,Kim,aarav.kim.7570@example.com,2025-03-19,India,Mumbai
CUST-007571,Emma,Muller,emma.muller.7571@example.com,2024-12-26,Canada,Toronto
CUST-007572,Emma,Mehta,emma.mehta.7572@example.com,2026-08-13,Singapore,Singapore
CUST-007573,Tara,Park,tara.park.7573@example.com,2022-10-02,Canada,Vancouver
CUST-007574,Arjun,Martin,arjun.martin.7574@example.com,2023-08-01,United Kingdom,Birmingham
CUST-007575,Grace,Patel,grace.patel.7575@example.com,2022-06-06,United Arab Emirates,Abu Dhabi
CUST-007576,Fatima,Iyer,fatima.iyer.7576@example.com,2024-07-06,Germany,Berlin
CUST-007577,Arjun,Ali,arjun.ali.7577@example.com,2022-02-21,India,Chennai
CUST-007578,Wei,Muller,wei.muller.7578@example.com,2020-03-20,India,Mumbai
CUST-007579,Kavya,Iyer,kavya.iyer.7579@example.com,2020-05-07,United Arab Emirates,Dubai
CUST-007580,Uma,Nguyen,uma.nguyen.7580@example.com,2020-05-24,Singapore,Singapore
CUST-007581,Kavya,Ahmed,kavya.ahmed.7581@example.com,2023-01-09,Canada,Toronto
CUST-007582,Leo,Martin,leo.martin.7582@example.com,2021-12-30,Singapore,Singapore
CUST-007583,Grace,Wright,grace.wright.7583@example.com,2024-06-17,India,Bengaluru
CUST-007584,Arjun,Mehta,arjun.mehta.7584@example.com,2024-02-04,Canada,Toronto
CUST-007585,Riya,Martin,riya.martin.7585@example.com,2026-07-25,Canada,Vancouver
CUST-007586,Kavya,Muller,kavya.muller.7586@example.com,2022-10-20,Germany,Munich
CUST-007587,Chen,Park,chen.park.7587@example.com,2025-06-16,Singapore,Singapore
CUST-007588,Hassan,Young,hassan.young.7588@example.com,2023-12-29,Germany,Munich
CUST-007589,Aditi,Chen,aditi.chen.7589@example.com,2025-02-04,India,Bengaluru
CUST-007590,Aisha,Martin,aisha.martin.7590@example.com,2022-05-28,United Arab Emirates,Abu Dhabi
CUST-007591,Uma,Khan,uma.khan.7591@example.com,2022-08-02,United States,Seattle
CUST-007592,Wei,Nguyen,wei.nguyen.7592@example.com,2022-03-05,Canada,Toronto
CUST-007593,Amelia,Lee,amelia.lee.7593@example.com,2020-07-12,United States,Chicago
CUST-007594,Sofia,Thomas,sofia.thomas.7594@example.com,2021-11-06,United Kingdom,Manchester
CUST-007595,Quinn,Kim,quinn.kim.7595@example.com,2022-07-17,United Arab Emirates,Abu Dhabi
CUST-007596,Isha,Thomas,isha.thomas.7596@example.com,2022-07-10,Germany,Munich
CUST-007597,Leo,Das,leo.das.7597@example.com,2026-05-14,Canada,Vancouver
CUST-007598,Kavya,Roy,kavya.roy.7598@example.com,2020-09-13,Canada,Vancouver
CUST-007599,Maya,Sharma,maya.sharma.7599@example.com,2020-02-15,United States,New York
CUST-007600,Sofia,Ali,sofia.ali.7600@example.com,2022-07-24,Germany,Munich
CUST-007601,Uma,Lopez,uma.lopez.7601@example.com,2024-02-03,Singapore,Singapore
CUST-007602,Isha,Silva,isha.silva.7602@example.com,2025-10-04,India,Bengaluru
CUST-007603,Yara,Singh,yara.singh.7603@example.com,2024-08-27,United States,Austin
CUST-007604,Zane,Mehta,zane.mehta.7604@example.com,2022-12-19,Singapore,Singapore
CUST-007605,Aisha,Young,aisha.young.7605@example.com,2025-11-12,United Arab Emirates,Abu Dhabi
CUST-007606,James,Ahmed,james.ahmed.7606@example.com,2020-12-28,India,Bengaluru
CUST-007607,Riya,Garcia,riya.garcia.7607@example.com,2021-11-11,United States,New York
CUST-007608,Emma,Lopez,emma.lopez.7608@example.com,2021-11-12,Germany,Munich
CUST-007609,Yara,Smith,yara.smith.7609@example.com,2024-03-26,Canada,Toronto
CUST-007610,Sofia,Nguyen,sofia.nguyen.7610@example.com,2025-06-26,United Arab Emirates,Dubai
CUST-007611,Wei,Singh,wei.singh.7611@example.com,2023-06-07,Canada,Vancouver
CUST-007612,Uma,Roy,uma.roy.7612@example.com,2025-01-23,United Kingdom,Manchester
CUST-007613,Quinn,Lopez,quinn.lopez.7613@example.com,2024-03-26,United Kingdom,Manchester
CUST-007614,Samir,Johnson,samir.johnson.7614@example.com,2024-03-15,United States,Seattle
CUST-007615,Emma,Kim,emma.kim.7615@example.com,2021-03-24,India,Chennai
CUST-007616,Arjun,Park,arjun.park.7616@example.com,2025-12-20,Canada,Vancouver
CUST-007617,Amelia,Johnson,amelia.johnson.7617@example.com,2025-01-17,Singapore,Singapore
CUST-007618,Maya,Sharma,maya.sharma.7618@example.com,2023-10-16,Germany,Berlin
CUST-007619,Aditi,Johnson,aditi.johnson.7619@example.com,2026-01-20,United Arab Emirates,Dubai
CUST-007620,Samir,Ahmed,samir.ahmed.7620@example.com,2024-12-25,United States,Chicago
CUST-007621,Maya,Kim,maya.kim.7621@example.com,2021-02-12,Canada,Vancouver
CUST-007622,Yara,Chen,yara.chen.7622@example.com,2022-12-01,India,Hyderabad
CUST-007623,Riya,Garcia,riya.garcia.7623@example.com,2020-04-24,United States,New York
CUST-007624,Emma,Wright,emma.wright.7624@example.com,2022-09-25,United Arab Emirates,Dubai
CUST-007625,Diego,Singh,diego.singh.7625@example.com,2020-09-01,United Kingdom,London
CUST-007626,Arjun,Smith,arjun.smith.7626@example.com,2021-11-23,Singapore,Singapore
CUST-007627,Sofia,Muller,sofia.muller.7627@example.com,2022-03-12,India,Mumbai
CUST-007628,Maya,Chen,maya.chen.7628@example.com,2024-06-05,Canada,Vancouver
CUST-007629,Kavya,Kapoor,kavya.kapoor.7629@example.com,2020-07-08,Singapore,Singapore
CUST-007630,James,Wright,james.wright.7630@example.com,2025-06-02,Germany,Munich
CUST-007631,Arjun,Martin,arjun.martin.7631@example.com,2025-03-19,United States,Chicago
CUST-007632,Aisha,Mehta,aisha.mehta.7632@example.com,2024-03-08,United Arab Emirates,Dubai
CUST-007633,Leo,Costa,leo.costa.7633@example.com,2025-05-31,Germany,Berlin
CUST-007634,Quinn,Costa,quinn.costa.7634@example.com,2021-01-19,United States,Chicago
CUST-007635,Aisha,Patel,aisha.patel.7635@example.com,2026-02-12,United Kingdom,Birmingham
CUST-007636,Yara,Wilson,yara.wilson.7636@example.com,2026-04-16,Singapore,Singapore
CUST-007637,Riya,Kim,riya.kim.7637@example.com,2025-08-14,India,Hyderabad
CUST-007638,Wei,Ahmed,wei.ahmed.7638@example.com,2020-07-02,United States,Austin
CUST-007639,Zane,Silva,zane.silva.7639@example.com,2021-10-24,Germany,Munich
CUST-007640,Yara,Kim,yara.kim.7640@example.com,2023-09-07,Germany,Munich
CUST-007641,Emma,Nair,emma.nair.7641@example.com,2025-03-28,Singapore,Singapore
CUST-007642,Arjun,Ahmed,arjun.ahmed.7642@example.com,2020-12-07,United Arab Emirates,Abu Dhabi
CUST-007643,Aditi,Singh,aditi.singh.7643@example.com,2022-08-02,Germany,Berlin
CUST-007644,Isha,Park,isha.park.7644@example.com,2026-05-20,United Kingdom,London
CUST-007645,Olivia,Mehta,olivia.mehta.7645@example.com,2025-06-15,Germany,Berlin
CUST-007646,Diego,Kim,diego.kim.7646@example.com,2023-10-09,United States,New York
CUST-007647,Samir,Nair,samir.nair.7647@example.com,2020-08-05,Singapore,Singapore
CUST-007648,Noah,Khan,noah.khan.7648@example.com,2024-03-10,Germany,Berlin
CUST-007649,Chen,Muller,chen.muller.7649@example.com,2021-08-05,United Arab Emirates,Abu Dhabi
CUST-007650,Kavya,Sharma,kavya.sharma.7650@example.com,2023-02-09,Singapore,Singapore
CUST-007651,Arjun,Singh,arjun.singh.7651@example.com,2020-10-01,United States,Austin
CUST-007652,Quinn,Young,quinn.young.7652@example.com,2021-07-21,Singapore,Singapore
CUST-007653,Ben,Muller,ben.muller.7653@example.com,2020-01-15,Canada,Toronto
CUST-007654,Ben,Nguyen,ben.nguyen.7654@example.com,2026-05-29,Singapore,Singapore
CUST-007655,Noah,Das,noah.das.7655@example.com,2025-02-08,United Arab Emirates,Abu Dhabi
CUST-007656,Vikram,Lee,vikram.lee.7656@example.com,2020-02-12,United Arab Emirates,Dubai
CUST-007657,Yara,Silva,yara.silva.7657@example.com,2022-08-07,United Arab Emirates,Dubai
CUST-007658,Uma,Iyer,uma.iyer.7658@example.com,2022-08-03,United Arab Emirates,Abu Dhabi
CUST-007659,Chen,Wright,chen.wright.7659@example.com,2020-12-04,Canada,Toronto
CUST-007660,James,Iyer,james.iyer.7660@example.com,2022-09-07,Singapore,Singapore
CUST-007661,Yara,Khan,yara.khan.7661@example.com,2023-06-29,Singapore,Singapore
CUST-007662,Sofia,Lee,sofia.lee.7662@example.com,2026-06-08,Singapore,Singapore
CUST-007663,Uma,Das,uma.das.7663@example.com,2023-11-14,Germany,Berlin
CUST-007664,Aarav,Young,aarav.young.7664@example.com,2020-11-29,United States,Seattle
CUST-007665,Aditi,Kapoor,aditi.kapoor.7665@example.com,2020-12-28,Canada,Toronto
CUST-007666,Sofia,Martin,sofia.martin.7666@example.com,2022-02-14,United States,New York
CUST-007667,Olivia,Singh,olivia.singh.7667@example.com,2025-10-03,United Kingdom,Birmingham
CUST-007668,Olivia,Das,olivia.das.7668@example.com,2026-05-08,Singapore,Singapore
CUST-007669,Sofia,Brown,sofia.brown.7669@example.com,2025-02-01,United Kingdom,London
CUST-007670,Leo,Kapoor,leo.kapoor.7670@example.com,2020-11-29,Singapore,Singapore
CUST-007671,Samir,Sharma,samir.sharma.7671@example.com,2020-05-13,United States,Seattle
CUST-007672,James,Wilson,james.wilson.7672@example.com,2020-08-21,Singapore,Singapore
CUST-007673,Amelia,Garcia,amelia.garcia.7673@example.com,2024-04-13,United Kingdom,London
CUST-007674,Grace,Khan,grace.khan.7674@example.com,2022-11-03,Singapore,Singapore
CUST-007675,Uma,Lopez,uma.lopez.7675@example.com,2026-03-24,Germany,Munich
CUST-007676,Chen,Brown,chen.brown.7676@example.com,2024-04-26,Singapore,Singapore
CUST-007677,Arjun,Roy,arjun.roy.7677@example.com,2025-01-31,United Arab Emirates,Abu Dhabi
CUST-007678,Kavya,Ali,kavya.ali.7678@example.com,2024-11-19,Canada,Toronto
CUST-007679,Aarav,Muller,aarav.muller.7679@example.com,2022-07-08,United Kingdom,Manchester
CUST-007680,Grace,Lopez,grace.lopez.7680@example.com,2026-08-01,Canada,Vancouver
CUST-007681,Riya,Lopez,riya.lopez.7681@example.com,2022-08-13,Germany,Berlin
CUST-007682,Quinn,Roy,quinn.roy.7682@example.com,2022-08-26,Singapore,Singapore
CUST-007683,Diego,Brown,diego.brown.7683@example.com,2022-12-18,United States,Chicago
CUST-007684,Tara,Silva,tara.silva.7684@example.com,2025-01-22,Germany,Munich
CUST-007685,Sofia,Roy,sofia.roy.7685@example.com,2022-12-17,Singapore,Singapore
CUST-007686,Arjun,Roy,arjun.roy.7686@example.com,2023-05-22,India,Chennai
CUST-007687,Emma,Young,emma.young.7687@example.com,2020-06-25,United Arab Emirates,Abu Dhabi
CUST-007688,Samir,Thomas,samir.thomas.7688@example.com,2022-06-08,Singapore,Singapore
CUST-007689,Noah,Khan,noah.khan.7689@example.com,2024-05-04,United Kingdom,London
CUST-007690,Yara,Singh,yara.singh.7690@example.com,2023-03-31,Canada,Toronto
CUST-007691,Leo,Patel,leo.patel.7691@example.com,2026-07-18,Singapore,Singapore
CUST-007692,Wei,Ahmed,wei.ahmed.7692@example.com,2023-05-09,Germany,Munich
CUST-007693,James,Silva,james.silva.7693@example.com,2021-03-06,India,Mumbai
CUST-007694,Aditi,Chen,aditi.chen.7694@example.com,2025-04-20,United Arab Emirates,Abu Dhabi
CUST-007695,Fatima,Young,fatima.young.7695@example.com,2024-01-22,Singapore,Singapore
CUST-007696,Riya,Mehta,riya.mehta.7696@example.com,2024-09-09,United Kingdom,Manchester
CUST-007697,Kavya,Garcia,kavya.garcia.7697@example.com,2026-05-04,United Arab Emirates,Abu Dhabi
CUST-007698,Aisha,Smith,aisha.smith.7698@example.com,2026-06-19,Singapore,Singapore
CUST-007699,Fatima,Wilson,fatima.wilson.7699@example.com,2023-01-04,United Kingdom,Birmingham
CUST-007700,Aarav,Roy,aarav.roy.7700@example.com,2026-07-03,United States,New York
CUST-007701,Priya,Wilson,priya.wilson.7701@example.com,2024-04-06,United Kingdom,Birmingham
CUST-007702,Yara,Iyer,yara.iyer.7702@example.com,2024-09-03,Germany,Berlin
CUST-007703,Wei,Costa,wei.costa.7703@example.com,2026-08-14,Singapore,Singapore
CUST-007704,Sofia,Thomas,sofia.thomas.7704@example.com,2024-07-28,Germany,Berlin
CUST-007705,Chen,Wilson,chen.wilson.7705@example.com,2024-08-05,United States,Chicago
CUST-007706,Aditi,Nair,aditi.nair.7706@example.com,2024-12-18,Canada,Vancouver
CUST-007707,Zane,Ali,zane.ali.7707@example.com,2024-03-14,Singapore,Singapore
CUST-007708,Aditi,Roy,aditi.roy.7708@example.com,2022-04-20,Germany,Munich
CUST-007709,Aisha,Muller,aisha.muller.7709@example.com,2025-07-28,United States,Chicago
CUST-007710,Olivia,Smith,olivia.smith.7710@example.com,2024-12-23,Germany,Berlin
CUST-007711,Riya,Park,riya.park.7711@example.com,2020-08-13,India,Hyderabad
CUST-007712,Uma,Brown,uma.brown.7712@example.com,2021-05-19,United Kingdom,London
CUST-007713,Noah,Nair,noah.nair.7713@example.com,2021-12-07,Singapore,Singapore
CUST-007714,Riya,Park,riya.park.7714@example.com,2024-07-24,India,Chennai
CUST-007715,Zane,Lopez,zane.lopez.7715@example.com,2023-03-23,United States,Austin
CUST-007716,Ben,Brown,ben.brown.7716@example.com,2022-09-17,United States,New York
CUST-007717,Vikram,Garcia,vikram.garcia.7717@example.com,2026-08-11,United States,Austin
CUST-007718,Emma,Lee,emma.lee.7718@example.com,2020-04-02,Singapore,Singapore
CUST-007719,Wei,Das,wei.das.7719@example.com,2024-03-27,India,Chennai
CUST-007720,Emma,Das,emma.das.7720@example.com,2020-01-10,United States,Chicago
CUST-007721,Priya,Iyer,priya.iyer.7721@example.com,2021-06-18,Germany,Berlin
CUST-007722,Grace,Ali,grace.ali.7722@example.com,2024-05-23,United Arab Emirates,Abu Dhabi
CUST-007723,Uma,Garcia,uma.garcia.7723@example.com,2023-06-05,United Arab Emirates,Dubai
CUST-007724,Aisha,Wilson,aisha.wilson.7724@example.com,2022-09-20,United Kingdom,Manchester
CUST-007725,Samir,Silva,samir.silva.7725@example.com,2020-05-15,India,Hyderabad
CUST-007726,Yara,Lee,yara.lee.7726@example.com,2025-12-15,United Kingdom,Birmingham
CUST-007727,Grace,Kim,grace.kim.7727@example.com,2025-05-15,United Arab Emirates,Abu Dhabi
CUST-007728,Diego,Nguyen,diego.nguyen.7728@example.com,2026-06-28,India,Chennai
CUST-007729,Vikram,Sharma,vikram.sharma.7729@example.com,2021-11-13,United Kingdom,Manchester
CUST-007730,Hassan,Kim,hassan.kim.7730@example.com,2025-12-08,United States,New York
CUST-007731,Grace,Brown,grace.brown.7731@example.com,2024-08-07,Singapore,Singapore
CUST-007732,Aisha,Iyer,aisha.iyer.7732@example.com,2020-05-02,United Kingdom,Manchester
CUST-007733,Noah,Thomas,noah.thomas.7733@example.com,2026-03-05,Singapore,Singapore
CUST-007734,Noah,Muller,noah.muller.7734@example.com,2022-01-09,India,Mumbai
CUST-007735,Diego,Mehta,diego.mehta.7735@example.com,2021-06-16,United Arab Emirates,Dubai
CUST-007736,Arjun,Brown,arjun.brown.7736@example.com,2025-05-22,India,Mumbai
CUST-007737,Zane,Young,zane.young.7737@example.com,2023-08-28,India,Chennai
CUST-007738,Isha,Costa,isha.costa.7738@example.com,2026-06-20,United States,Austin
CUST-007739,Noah,Park,noah.park.7739@example.com,2026-05-06,Singapore,Singapore
CUST-007740,Ben,Kapoor,ben.kapoor.7740@example.com,2025-07-28,United Arab Emirates,Dubai
CUST-007741,Wei,Park,wei.park.7741@example.com,2020-11-08,Germany,Munich
CUST-007742,Vikram,Smith,vikram.smith.7742@example.com,2023-06-22,Canada,Vancouver
CUST-007743,Vikram,Costa,vikram.costa.7743@example.com,2026-06-18,United States,New York
CUST-007744,Leo,Kapoor,leo.kapoor.7744@example.com,2026-06-23,Germany,Munich
CUST-007745,Fatima,Kim,fatima.kim.7745@example.com,2024-10-15,India,Mumbai
CUST-007746,Diego,Johnson,diego.johnson.7746@example.com,2022-01-18,Canada,Toronto
CUST-007747,Leo,Sharma,leo.sharma.7747@example.com,2023-08-20,India,Mumbai
CUST-007748,Samir,Patel,samir.patel.7748@example.com,2025-11-28,United States,Chicago
CUST-007749,Fatima,Singh,fatima.singh.7749@example.com,2020-11-20,Germany,Berlin
CUST-007750,Aarav,Garcia,aarav.garcia.7750@example.com,2021-10-14,Germany,Berlin
CUST-007751,Amelia,Mehta,amelia.mehta.7751@example.com,2024-01-18,Singapore,Singapore
CUST-007752,Hassan,Lee,hassan.lee.7752@example.com,2024-06-19,India,Delhi
CUST-007753,Maya,Chen,maya.chen.7753@example.com,2021-07-17,United Arab Emirates,Dubai
CUST-007754,Aditi,Thomas,aditi.thomas.7754@example.com,2024-07-20,United Kingdom,Manchester
CUST-007755,Aisha,Thomas,aisha.thomas.7755@example.com,2023-08-01,Singapore,Singapore
CUST-007756,Uma,Nguyen,uma.nguyen.7756@example.com,2021-12-01,United Kingdom,Manchester
CUST-007757,Riya,Wright,riya.wright.7757@example.com,2025-01-06,United Arab Emirates,Abu Dhabi
CUST-007758,Emma,Smith,emma.smith.7758@example.com,2020-07-27,Canada,Toronto
CUST-007759,Yara,Mehta,yara.mehta.7759@example.com,2020-08-14,Singapore,Singapore
CUST-007760,Noah,Kapoor,noah.kapoor.7760@example.com,2023-10-31,Canada,Vancouver
CUST-007761,Tara,Martin,tara.martin.7761@example.com,2022-02-11,Canada,Toronto
CUST-007762,Aarav,Ahmed,aarav.ahmed.7762@example.com,2025-09-10,United Kingdom,Manchester
CUST-007763,Aisha,Young,aisha.young.7763@example.com,2026-03-24,United States,Austin
CUST-007764,Isha,Martin,isha.martin.7764@example.com,2020-02-12,Germany,Munich
CUST-007765,Aditi,Park,aditi.park.7765@example.com,2022-11-29,India,Delhi
CUST-007766,Kavya,Nair,kavya.nair.7766@example.com,2022-07-27,United States,Austin
CUST-007767,Isha,Chen,isha.chen.7767@example.com,2023-01-02,India,Chennai
CUST-007768,Grace,Wilson,grace.wilson.7768@example.com,2021-02-12,Germany,Munich
CUST-007769,Aarav,Nguyen,aarav.nguyen.7769@example.com,2020-06-30,United Kingdom,Birmingham
CUST-007770,Arjun,Ahmed,arjun.ahmed.7770@example.com,2025-07-26,Singapore,Singapore
CUST-007771,Riya,Garcia,riya.garcia.7771@example.com,2021-06-12,India,Delhi
CUST-007772,Amelia,Ahmed,amelia.ahmed.7772@example.com,2020-07-08,United States,New York
CUST-007773,Yara,Martin,yara.martin.7773@example.com,2026-03-01,United States,Seattle
CUST-007774,Aisha,Brown,aisha.brown.7774@example.com,2021-09-03,United States,Chicago
CUST-007775,Wei,Sharma,wei.sharma.7775@example.com,2023-01-05,Canada,Toronto
CUST-007776,Uma,Chen,uma.chen.7776@example.com,2023-10-26,United Arab Emirates,Dubai
CUST-007777,Olivia,Kapoor,olivia.kapoor.7777@example.com,2023-11-08,India,Chennai
CUST-007778,Quinn,Kapoor,quinn.kapoor.7778@example.com,2023-08-14,United Kingdom,London
CUST-007779,Amelia,Costa,amelia.costa.7779@example.com,2022-05-14,Canada,Vancouver
CUST-007780,Amelia,Kim,amelia.kim.7780@example.com,2021-11-06,United Arab Emirates,Dubai
CUST-007781,Zane,Park,zane.park.7781@example.com,2023-10-01,Singapore,Singapore
CUST-007782,Fatima,Das,fatima.das.7782@example.com,2021-03-29,Canada,Vancouver
CUST-007783,Sofia,Smith,sofia.smith.7783@example.com,2026-04-18,United Kingdom,Manchester
CUST-007784,Wei,Brown,wei.brown.7784@example.com,2024-08-14,United Arab Emirates,Dubai
CUST-007785,Isha,Garcia,isha.garcia.7785@example.com,2020-11-22,United Kingdom,Birmingham
CUST-007786,Sofia,Martin,sofia.martin.7786@example.com,2020-10-14,United States,Austin
CUST-007787,Fatima,Lopez,fatima.lopez.7787@example.com,2025-04-08,United Arab Emirates,Abu Dhabi
CUST-007788,Diego,Roy,diego.roy.7788@example.com,2024-11-13,Germany,Munich
CUST-007789,Leo,Smith,leo.smith.7789@example.com,2022-11-22,Canada,Vancouver
CUST-007790,Chen,Lopez,chen.lopez.7790@example.com,2022-03-20,United Kingdom,Birmingham
CUST-007791,Zane,Singh,zane.singh.7791@example.com,2023-05-31,Canada,Vancouver
CUST-007792,Maya,Chen,maya.chen.7792@example.com,2024-03-21,United States,Seattle
CUST-007793,Leo,Nguyen,leo.nguyen.7793@example.com,2024-07-21,United Kingdom,Birmingham
CUST-007794,Yara,Kim,yara.kim.7794@example.com,2025-10-24,United States,New York
CUST-007795,Wei,Smith,wei.smith.7795@example.com,2026-05-29,United Arab Emirates,Dubai
CUST-007796,Uma,Park,uma.park.7796@example.com,2023-01-11,United States,New York
CUST-007797,Quinn,Kim,quinn.kim.7797@example.com,2023-04-15,United States,Chicago
CUST-007798,Olivia,Thomas,olivia.thomas.7798@example.com,2020-07-26,Singapore,Singapore
CUST-007799,Tara,Patel,tara.patel.7799@example.com,2023-03-21,United Arab Emirates,Dubai
CUST-007800,Priya,Khan,priya.khan.7800@example.com,2023-12-22,Singapore,Singapore
CUST-007801,Diego,Chen,diego.chen.7801@example.com,2021-06-06,Singapore,Singapore
CUST-007802,Zane,Smith,zane.smith.7802@example.com,2024-04-13,Singapore,Singapore
CUST-007803,Aisha,Iyer,aisha.iyer.7803@example.com,2021-09-21,United Kingdom,London
CUST-007804,Diego,Costa,diego.costa.7804@example.com,2022-08-03,Canada,Toronto
CUST-007805,Priya,Roy,priya.roy.7805@example.com,2023-01-04,India,Mumbai
CUST-007806,Sofia,Nguyen,sofia.nguyen.7806@example.com,2023-09-22,Germany,Berlin
CUST-007807,Kavya,Brown,kavya.brown.7807@example.com,2021-04-10,India,Hyderabad
CUST-007808,Ben,Silva,ben.silva.7808@example.com,2024-06-10,United States,Seattle
CUST-007809,Sofia,Khan,sofia.khan.7809@example.com,2025-07-05,United Kingdom,Manchester
CUST-007810,James,Ahmed,james.ahmed.7810@example.com,2020-02-22,Canada,Toronto
CUST-007811,Quinn,Khan,quinn.khan.7811@example.com,2022-12-25,United Arab Emirates,Dubai
CUST-007812,Sofia,Nair,sofia.nair.7812@example.com,2022-07-01,Canada,Toronto
CUST-007813,Grace,Nair,grace.nair.7813@example.com,2023-01-22,United Arab Emirates,Abu Dhabi
CUST-007814,Vikram,Kim,vikram.kim.7814@example.com,2021-10-08,United States,Austin
CUST-007815,Wei,Park,wei.park.7815@example.com,2023-08-16,Canada,Vancouver
CUST-007816,Riya,Costa,riya.costa.7816@example.com,2025-05-25,Germany,Munich
CUST-007817,Vikram,Kapoor,vikram.kapoor.7817@example.com,2023-12-16,India,Bengaluru
CUST-007818,Yara,Nair,yara.nair.7818@example.com,2021-11-22,India,Bengaluru
CUST-007819,James,Roy,james.roy.7819@example.com,2023-05-18,United States,Chicago
CUST-007820,Tara,Roy,tara.roy.7820@example.com,2024-07-07,United States,Seattle
CUST-007821,Aarav,Patel,aarav.patel.7821@example.com,2022-04-10,Germany,Berlin
CUST-007822,Priya,Ahmed,priya.ahmed.7822@example.com,2026-06-11,India,Mumbai
CUST-007823,Samir,Lopez,samir.lopez.7823@example.com,2024-11-05,India,Delhi
CUST-007824,Wei,Ali,wei.ali.7824@example.com,2020-10-03,Singapore,Singapore
CUST-007825,Fatima,Garcia,fatima.garcia.7825@example.com,2025-08-23,Singapore,Singapore
CUST-007826,Diego,Silva,diego.silva.7826@example.com,2023-08-23,Germany,Munich
CUST-007827,Emma,Wright,emma.wright.7827@example.com,2023-03-09,India,Bengaluru
CUST-007828,Quinn,Brown,quinn.brown.7828@example.com,2024-06-28,India,Chennai
CUST-007829,Leo,Nair,leo.nair.7829@example.com,2020-09-07,United States,Chicago
CUST-007830,Kavya,Iyer,kavya.iyer.7830@example.com,2023-01-01,Canada,Toronto
CUST-007831,Priya,Johnson,priya.johnson.7831@example.com,2022-08-04,United Kingdom,Birmingham
CUST-007832,Olivia,Muller,olivia.muller.7832@example.com,2020-03-19,United Arab Emirates,Abu Dhabi
CUST-007833,Grace,Thomas,grace.thomas.7833@example.com,2026-08-13,United States,Austin
CUST-007834,Vikram,Das,vikram.das.7834@example.com,2021-12-15,United Kingdom,Birmingham
CUST-007835,Leo,Martin,leo.martin.7835@example.com,2022-06-30,Germany,Munich
CUST-007836,Kavya,Johnson,kavya.johnson.7836@example.com,2025-09-23,United States,New York
CUST-007837,Zane,Brown,zane.brown.7837@example.com,2020-03-21,United States,Chicago
CUST-007838,Diego,Lee,diego.lee.7838@example.com,2022-10-15,United Kingdom,Birmingham
CUST-007839,Zane,Silva,zane.silva.7839@example.com,2022-05-02,Germany,Berlin
CUST-007840,Ben,Brown,ben.brown.7840@example.com,2023-06-24,Singapore,Singapore
CUST-007841,Yara,Smith,yara.smith.7841@example.com,2023-04-15,United States,Chicago
CUST-007842,Sofia,Lee,sofia.lee.7842@example.com,2026-05-23,India,Chennai
CUST-007843,Hassan,Johnson,hassan.johnson.7843@example.com,2025-02-21,Germany,Berlin
CUST-007844,Aditi,Brown,aditi.brown.7844@example.com,2023-11-21,United States,New York
CUST-007845,Grace,Kapoor,grace.kapoor.7845@example.com,2024-06-25,India,Mumbai
CUST-007846,Aisha,Brown,aisha.brown.7846@example.com,2021-06-24,Canada,Vancouver
CUST-007847,Arjun,Silva,arjun.silva.7847@example.com,2025-06-19,India,Mumbai
CUST-007848,Hassan,Iyer,hassan.iyer.7848@example.com,2025-12-28,United Kingdom,Manchester
CUST-007849,Aditi,Park,aditi.park.7849@example.com,2022-12-28,United Arab Emirates,Dubai
CUST-007850,Emma,Garcia,emma.garcia.7850@example.com,2023-05-10,United States,Seattle
CUST-007851,Isha,Kim,isha.kim.7851@example.com,2020-11-18,India,Chennai
CUST-007852,Priya,Smith,priya.smith.7852@example.com,2024-03-04,United Kingdom,London
CUST-007853,Aisha,Singh,aisha.singh.7853@example.com,2025-09-22,United States,New York
CUST-007854,Leo,Roy,leo.roy.7854@example.com,2020-11-04,United Arab Emirates,Dubai
CUST-007855,Yara,Brown,yara.brown.7855@example.com,2023-11-15,Canada,Toronto
CUST-007856,Hassan,Das,hassan.das.7856@example.com,2022-07-03,Germany,Munich
CUST-007857,Priya,Lee,priya.lee.7857@example.com,2020-10-07,Canada,Vancouver
CUST-007858,Arjun,Singh,arjun.singh.7858@example.com,2025-07-29,Germany,Munich
CUST-007859,Hassan,Chen,hassan.chen.7859@example.com,2024-05-25,India,Hyderabad
CUST-007860,Vikram,Brown,vikram.brown.7860@example.com,2025-10-10,United States,Austin
CUST-007861,Emma,Costa,emma.costa.7861@example.com,2020-03-12,United States,Chicago
CUST-007862,Arjun,Mehta,arjun.mehta.7862@example.com,2021-07-03,Singapore,Singapore
CUST-007863,Riya,Wright,riya.wright.7863@example.com,2026-01-06,Canada,Vancouver
CUST-007864,Zane,Das,zane.das.7864@example.com,2022-08-30,Singapore,Singapore
CUST-007865,Aisha,Sharma,aisha.sharma.7865@example.com,2020-01-04,Canada,Vancouver
CUST-007866,James,Khan,james.khan.7866@example.com,2020-06-19,United Kingdom,Manchester
CUST-007867,Aisha,Patel,aisha.patel.7867@example.com,2026-04-22,United Kingdom,Birmingham
CUST-007868,Isha,Wilson,isha.wilson.7868@example.com,2024-01-08,Canada,Vancouver
CUST-007869,Priya,Ali,priya.ali.7869@example.com,2020-11-12,Singapore,Singapore
CUST-007870,Chen,Wright,chen.wright.7870@example.com,2024-09-26,United States,New York
CUST-007871,Sofia,Kapoor,sofia.kapoor.7871@example.com,2020-06-21,United Arab Emirates,Dubai
CUST-007872,Arjun,Patel,arjun.patel.7872@example.com,2023-03-11,India,Hyderabad
CUST-007873,Tara,Nguyen,tara.nguyen.7873@example.com,2020-07-24,Canada,Toronto
CUST-007874,Priya,Garcia,priya.garcia.7874@example.com,2025-10-04,Singapore,Singapore
CUST-007875,Noah,Nair,noah.nair.7875@example.com,2020-06-05,United States,Seattle
CUST-007876,Vikram,Young,vikram.young.7876@example.com,2021-04-14,Singapore,Singapore
CUST-007877,Diego,Martin,diego.martin.7877@example.com,2021-04-11,United Arab Emirates,Abu Dhabi
CUST-007878,Maya,Chen,maya.chen.7878@example.com,2026-01-03,Germany,Munich
CUST-007879,Amelia,Wilson,amelia.wilson.7879@example.com,2023-12-17,Canada,Vancouver
CUST-007880,Sofia,Nair,sofia.nair.7880@example.com,2023-12-06,India,Mumbai
CUST-007881,Riya,Ahmed,riya.ahmed.7881@example.com,2023-09-30,Singapore,Singapore
CUST-007882,Uma,Martin,uma.martin.7882@example.com,2021-10-18,United Arab Emirates,Abu Dhabi
CUST-007883,Leo,Smith,leo.smith.7883@example.com,2020-05-20,United Arab Emirates,Dubai
CUST-007884,Leo,Garcia,leo.garcia.7884@example.com,2025-06-22,Germany,Berlin
CUST-007885,Wei,Sharma,wei.sharma.7885@example.com,2026-03-19,Germany,Berlin
CUST-007886,Riya,Wright,riya.wright.7886@example.com,2023-04-04,Canada,Vancouver
CUST-007887,Aisha,Lopez,aisha.lopez.7887@example.com,2025-02-19,United States,Austin
CUST-007888,Hassan,Costa,hassan.costa.7888@example.com,2020-03-13,United Kingdom,Manchester
CUST-007889,Maya,Brown,maya.brown.7889@example.com,2020-04-27,Germany,Berlin
CUST-007890,Aditi,Roy,aditi.roy.7890@example.com,2024-12-21,Singapore,Singapore
CUST-007891,Arjun,Lopez,arjun.lopez.7891@example.com,2023-11-20,United Kingdom,Manchester
CUST-007892,Priya,Martin,priya.martin.7892@example.com,2024-08-13,United States,Chicago
CUST-007893,Zane,Khan,zane.khan.7893@example.com,2024-05-06,United Kingdom,Manchester
CUST-007894,Emma,Ahmed,emma.ahmed.7894@example.com,2024-11-15,India,Hyderabad
CUST-007895,Maya,Wilson,maya.wilson.7895@example.com,2024-09-07,Germany,Munich
CUST-007896,Hassan,Khan,hassan.khan.7896@example.com,2026-04-17,Canada,Vancouver
CUST-007897,Uma,Chen,uma.chen.7897@example.com,2020-12-10,India,Hyderabad
CUST-007898,Fatima,Iyer,fatima.iyer.7898@example.com,2020-07-05,Singapore,Singapore
CUST-007899,Riya,Nair,riya.nair.7899@example.com,2024-02-05,Canada,Vancouver
CUST-007900,Chen,Kim,chen.kim.7900@example.com,2021-01-01,United States,New York
CUST-007901,Sofia,Lopez,sofia.lopez.7901@example.com,2024-12-02,Germany,Berlin
CUST-007902,Olivia,Kapoor,olivia.kapoor.7902@example.com,2020-03-07,United States,New York
CUST-007903,Aisha,Iyer,aisha.iyer.7903@example.com,2023-11-18,United Arab Emirates,Abu Dhabi
CUST-007904,Grace,Roy,grace.roy.7904@example.com,2022-05-26,Canada,Toronto
CUST-007905,Uma,Chen,uma.chen.7905@example.com,2025-05-07,Germany,Munich
CUST-007906,Vikram,Brown,vikram.brown.7906@example.com,2022-03-30,India,Mumbai
CUST-007907,Isha,Chen,isha.chen.7907@example.com,2026-04-01,Germany,Munich
CUST-007908,Arjun,Ahmed,arjun.ahmed.7908@example.com,2021-10-20,Canada,Vancouver
CUST-007909,Arjun,Iyer,arjun.iyer.7909@example.com,2026-02-20,United Kingdom,Manchester
CUST-007910,Riya,Garcia,riya.garcia.7910@example.com,2021-02-27,India,Bengaluru
CUST-007911,Emma,Wright,emma.wright.7911@example.com,2021-07-21,India,Delhi
CUST-007912,Wei,Kim,wei.kim.7912@example.com,2023-08-08,United Kingdom,London
CUST-007913,Riya,Patel,riya.patel.7913@example.com,2023-04-26,United Kingdom,Birmingham
CUST-007914,Aditi,Wilson,aditi.wilson.7914@example.com,2020-05-29,Germany,Berlin
CUST-007915,Olivia,Thomas,olivia.thomas.7915@example.com,2024-07-02,Singapore,Singapore
CUST-007916,Diego,Wilson,diego.wilson.7916@example.com,2025-05-13,United Arab Emirates,Dubai
CUST-007917,Fatima,Muller,fatima.muller.7917@example.com,2024-05-23,India,Bengaluru
CUST-007918,Aarav,Johnson,aarav.johnson.7918@example.com,2023-03-01,Canada,Toronto
CUST-007919,Maya,Brown,maya.brown.7919@example.com,2020-08-31,Canada,Toronto
CUST-007920,Aarav,Ahmed,aarav.ahmed.7920@example.com,2023-04-07,India,Bengaluru
CUST-007921,Grace,Smith,grace.smith.7921@example.com,2023-06-12,United Arab Emirates,Dubai
CUST-007922,Aarav,Chen,aarav.chen.7922@example.com,2023-02-12,Germany,Berlin
CUST-007923,Kavya,Ahmed,kavya.ahmed.7923@example.com,2024-08-17,United Arab Emirates,Abu Dhabi
CUST-007924,Emma,Costa,emma.costa.7924@example.com,2024-05-06,Canada,Toronto
CUST-007925,Maya,Nair,maya.nair.7925@example.com,2022-03-08,Singapore,Singapore
CUST-007926,Arjun,Wilson,arjun.wilson.7926@example.com,2024-03-26,United Arab Emirates,Dubai
CUST-007927,Aisha,Singh,aisha.singh.7927@example.com,2025-01-26,United States,Seattle
CUST-007928,Quinn,Muller,quinn.muller.7928@example.com,2020-01-18,India,Bengaluru
CUST-007929,Aisha,Brown,aisha.brown.7929@example.com,2021-06-15,India,Bengaluru
CUST-007930,Zane,Kim,zane.kim.7930@example.com,2024-03-04,India,Hyderabad
CUST-007931,Tara,Ali,tara.ali.7931@example.com,2021-02-22,Singapore,Singapore
CUST-007932,Hassan,Khan,hassan.khan.7932@example.com,2024-02-20,Germany,Berlin
CUST-007933,Wei,Lee,wei.lee.7933@example.com,2025-10-16,India,Bengaluru
CUST-007934,Uma,Thomas,uma.thomas.7934@example.com,2020-02-19,United Arab Emirates,Abu Dhabi
CUST-007935,Amelia,Costa,amelia.costa.7935@example.com,2024-11-01,Singapore,Singapore
CUST-007936,Samir,Martin,samir.martin.7936@example.com,2021-04-15,Canada,Toronto
CUST-007937,Chen,Ahmed,chen.ahmed.7937@example.com,2025-06-21,United States,Seattle
CUST-007938,Uma,Lee,uma.lee.7938@example.com,2020-05-17,Singapore,Singapore
CUST-007939,Vikram,Johnson,vikram.johnson.7939@example.com,2020-12-05,Singapore,Singapore
CUST-007940,Aisha,Chen,aisha.chen.7940@example.com,2023-08-15,Singapore,Singapore
CUST-007941,Fatima,Kim,fatima.kim.7941@example.com,2020-03-01,United States,Austin
CUST-007942,Ben,Park,ben.park.7942@example.com,2026-03-24,United Kingdom,London
CUST-007943,Emma,Martin,emma.martin.7943@example.com,2024-05-28,United Arab Emirates,Dubai
CUST-007944,Tara,Khan,tara.khan.7944@example.com,2025-03-05,United States,Austin
CUST-007945,Kavya,Khan,kavya.khan.7945@example.com,2024-02-12,United Kingdom,London
CUST-007946,Diego,Khan,diego.khan.7946@example.com,2021-03-26,Canada,Toronto
CUST-007947,Samir,Garcia,samir.garcia.7947@example.com,2024-04-08,Singapore,Singapore
CUST-007948,Sofia,Lee,sofia.lee.7948@example.com,2021-05-12,Canada,Toronto
CUST-007949,Riya,Ahmed,riya.ahmed.7949@example.com,2020-01-27,Singapore,Singapore
CUST-007950,Amelia,Sharma,amelia.sharma.7950@example.com,2025-02-03,United Kingdom,London
CUST-007951,Yara,Wilson,yara.wilson.7951@example.com,2021-05-23,United Arab Emirates,Dubai
CUST-007952,Wei,Ahmed,wei.ahmed.7952@example.com,2021-05-27,Canada,Vancouver
CUST-007953,Yara,Muller,yara.muller.7953@example.com,2021-08-08,Germany,Munich
CUST-007954,Tara,Chen,tara.chen.7954@example.com,2026-04-13,Singapore,Singapore
CUST-007955,Fatima,Khan,fatima.khan.7955@example.com,2022-06-21,India,Delhi
CUST-007956,Amelia,Lee,amelia.lee.7956@example.com,2022-03-22,India,Mumbai
CUST-007957,Maya,Nguyen,maya.nguyen.7957@example.com,2026-04-22,India,Mumbai
CUST-007958,Fatima,Sharma,fatima.sharma.7958@example.com,2020-12-17,United Kingdom,Birmingham
CUST-007959,Samir,Brown,samir.brown.7959@example.com,2023-07-13,United States,New York
CUST-007960,Kavya,Thomas,kavya.thomas.7960@example.com,2020-01-10,United Arab Emirates,Abu Dhabi
CUST-007961,Fatima,Ali,fatima.ali.7961@example.com,2025-08-19,India,Delhi
CUST-007962,James,Sharma,james.sharma.7962@example.com,2023-01-30,United Arab Emirates,Dubai
CUST-007963,Vikram,Young,vikram.young.7963@example.com,2025-01-30,Singapore,Singapore
CUST-007964,Fatima,Wright,fatima.wright.7964@example.com,2025-08-23,Canada,Vancouver
CUST-007965,Maya,Johnson,maya.johnson.7965@example.com,2020-03-30,India,Bengaluru
CUST-007966,Arjun,Lee,arjun.lee.7966@example.com,2023-12-19,Canada,Vancouver
CUST-007967,Emma,Singh,emma.singh.7967@example.com,2021-05-27,Singapore,Singapore
CUST-007968,Kavya,Singh,kavya.singh.7968@example.com,2025-04-18,Germany,Munich
CUST-007969,Vikram,Patel,vikram.patel.7969@example.com,2023-01-01,Singapore,Singapore
CUST-007970,Diego,Johnson,diego.johnson.7970@example.com,2025-01-16,Canada,Vancouver
CUST-007971,Emma,Nair,emma.nair.7971@example.com,2026-07-06,Germany,Munich
CUST-007972,Aarav,Nair,aarav.nair.7972@example.com,2022-10-08,United States,New York
CUST-007973,Samir,Brown,samir.brown.7973@example.com,2023-03-29,Singapore,Singapore
CUST-007974,Ben,Silva,ben.silva.7974@example.com,2024-07-14,Germany,Munich
CUST-007975,Amelia,Sharma,amelia.sharma.7975@example.com,2024-04-27,Canada,Toronto
CUST-007976,Diego,Smith,diego.smith.7976@example.com,2025-01-20,Singapore,Singapore
CUST-007977,Diego,Khan,diego.khan.7977@example.com,2026-03-29,Germany,Berlin
CUST-007978,Hassan,Chen,hassan.chen.7978@example.com,2022-09-15,Singapore,Singapore
CUST-007979,Riya,Silva,riya.silva.7979@example.com,2020-11-28,India,Mumbai
CUST-007980,Noah,Nair,noah.nair.7980@example.com,2023-09-23,Singapore,Singapore
CUST-007981,James,Park,james.park.7981@example.com,2021-11-09,India,Delhi
CUST-007982,Diego,Muller,diego.muller.7982@example.com,2024-05-10,India,Delhi
CUST-007983,Aarav,Patel,aarav.patel.7983@example.com,2024-12-10,United Kingdom,Manchester
CUST-007984,Maya,Muller,maya.muller.7984@example.com,2023-05-15,Singapore,Singapore
CUST-007985,Uma,Lopez,uma.lopez.7985@example.com,2026-07-19,Germany,Munich
CUST-007986,Maya,Lee,maya.lee.7986@example.com,2020-10-11,United Arab Emirates,Abu Dhabi
CUST-007987,Aarav,Young,aarav.young.7987@example.com,2022-10-06,Germany,Munich
CUST-007988,Vikram,Nguyen,vikram.nguyen.7988@example.com,2020-08-07,India,Hyderabad
CUST-007989,Vikram,Ali,vikram.ali.7989@example.com,2020-10-21,India,Hyderabad
CUST-007990,Leo,Roy,leo.roy.7990@example.com,2022-06-27,Canada,Vancouver
CUST-007991,Grace,Ahmed,grace.ahmed.7991@example.com,2022-03-19,United Kingdom,London
CUST-007992,Wei,Kapoor,wei.kapoor.7992@example.com,2024-12-24,India,Chennai
CUST-007993,Arjun,Nguyen,arjun.nguyen.7993@example.com,2024-12-16,India,Mumbai
CUST-007994,Olivia,Das,olivia.das.7994@example.com,2024-09-29,Canada,Toronto
CUST-007995,Aditi,Lee,aditi.lee.7995@example.com,2020-04-06,United Arab Emirates,Dubai
CUST-007996,Sofia,Khan,sofia.khan.7996@example.com,2023-03-19,United Kingdom,Manchester
CUST-007997,Amelia,Park,amelia.park.7997@example.com,2023-09-30,United Kingdom,Birmingham
CUST-007998,James,Ali,james.ali.7998@example.com,2022-07-20,United Kingdom,London
CUST-007999,Diego,Wright,diego.wright.7999@example.com,2025-10-26,Germany,Munich
CUST-008000,Riya,Ahmed,riya.ahmed.8000@example.com,2024-07-25,Germany,Munich
CUST-008001,Hassan,Smith,hassan.smith.8001@example.com,2026-05-13,United States,New York
CUST-008002,Leo,Roy,leo.roy.8002@example.com,2020-04-18,Germany,Berlin
CUST-008003,Tara,Brown,tara.brown.8003@example.com,2022-09-25,United Kingdom,London
CUST-008004,Zane,Kapoor,zane.kapoor.8004@example.com,2020-08-14,Canada,Vancouver
CUST-008005,Priya,Das,priya.das.8005@example.com,2026-07-26,Canada,Toronto
CUST-008006,Isha,Lopez,isha.lopez.8006@example.com,2023-11-26,Singapore,Singapore
CUST-008007,Tara,Muller,tara.muller.8007@example.com,2021-04-02,Germany,Munich
CUST-008008,Quinn,Silva,quinn.silva.8008@example.com,2022-08-22,Singapore,Singapore
CUST-008009,Kavya,Johnson,kavya.johnson.8009@example.com,2023-05-27,United Arab Emirates,Abu Dhabi
CUST-008010,Samir,Kapoor,samir.kapoor.8010@example.com,2023-01-23,United States,Chicago
CUST-008011,Samir,Mehta,samir.mehta.8011@example.com,2022-03-14,United States,Seattle
CUST-008012,Yara,Wilson,yara.wilson.8012@example.com,2023-09-11,Singapore,Singapore
CUST-008013,Wei,Nair,wei.nair.8013@example.com,2025-05-16,United States,Chicago
CUST-008014,Noah,Ali,noah.ali.8014@example.com,2021-01-13,Germany,Munich
CUST-008015,Samir,Khan,samir.khan.8015@example.com,2023-01-25,United States,Austin
CUST-008016,Vikram,Nguyen,vikram.nguyen.8016@example.com,2025-05-26,Canada,Vancouver
CUST-008017,Kavya,Kapoor,kavya.kapoor.8017@example.com,2024-10-29,India,Mumbai
CUST-008018,Hassan,Iyer,hassan.iyer.8018@example.com,2021-02-18,United Arab Emirates,Abu Dhabi
CUST-008019,Yara,Brown,yara.brown.8019@example.com,2023-08-01,Canada,Vancouver
CUST-008020,Priya,Garcia,priya.garcia.8020@example.com,2021-05-12,India,Hyderabad
CUST-008021,Aisha,Singh,aisha.singh.8021@example.com,2024-05-29,India,Chennai
CUST-008022,Noah,Nair,noah.nair.8022@example.com,2024-02-28,United States,Seattle
CUST-008023,Isha,Kim,isha.kim.8023@example.com,2022-05-04,Singapore,Singapore
CUST-008024,Aarav,Nguyen,aarav.nguyen.8024@example.com,2023-09-04,United Kingdom,Manchester
CUST-008025,Leo,Sharma,leo.sharma.8025@example.com,2022-08-03,Canada,Toronto
CUST-008026,Emma,Wright,emma.wright.8026@example.com,2025-05-01,United States,New York
CUST-008027,Tara,Martin,tara.martin.8027@example.com,2024-06-16,Singapore,Singapore
CUST-008028,Hassan,Singh,hassan.singh.8028@example.com,2020-08-12,United States,Seattle
CUST-008029,Aarav,Nair,aarav.nair.8029@example.com,2024-05-14,United States,New York
CUST-008030,Aarav,Patel,aarav.patel.8030@example.com,2020-11-24,Germany,Berlin
CUST-008031,Riya,Roy,riya.roy.8031@example.com,2020-08-14,Germany,Berlin
CUST-008032,Wei,Singh,wei.singh.8032@example.com,2020-10-29,Singapore,Singapore
CUST-008033,Amelia,Thomas,amelia.thomas.8033@example.com,2025-02-25,United Arab Emirates,Dubai
CUST-008034,Noah,Lee,noah.lee.8034@example.com,2022-10-30,Canada,Toronto
CUST-008035,Aisha,Khan,aisha.khan.8035@example.com,2022-08-04,Canada,Toronto
CUST-008036,Aditi,Wright,aditi.wright.8036@example.com,2026-03-27,Germany,Berlin
CUST-008037,Quinn,Roy,quinn.roy.8037@example.com,2025-12-14,United States,Seattle
CUST-008038,Riya,Muller,riya.muller.8038@example.com,2026-06-04,Canada,Toronto
CUST-008039,Uma,Wright,uma.wright.8039@example.com,2026-04-15,Germany,Munich
CUST-008040,Leo,Garcia,leo.garcia.8040@example.com,2022-06-12,United States,New York
CUST-008041,Aditi,Lee,aditi.lee.8041@example.com,2022-12-10,Germany,Berlin
CUST-008042,Leo,Wright,leo.wright.8042@example.com,2022-09-30,Singapore,Singapore
CUST-008043,Yara,Young,yara.young.8043@example.com,2023-07-22,United Kingdom,Birmingham
CUST-008044,James,Khan,james.khan.8044@example.com,2021-07-21,United Arab Emirates,Dubai
CUST-008045,Amelia,Roy,amelia.roy.8045@example.com,2026-02-18,United Arab Emirates,Dubai
CUST-008046,Zane,Garcia,zane.garcia.8046@example.com,2024-08-09,India,Bengaluru
CUST-008047,Uma,Khan,uma.khan.8047@example.com,2024-06-16,United Arab Emirates,Abu Dhabi
CUST-008048,Arjun,Chen,arjun.chen.8048@example.com,2020-09-15,Singapore,Singapore
CUST-008049,Wei,Sharma,wei.sharma.8049@example.com,2022-02-15,United States,Chicago
CUST-008050,Emma,Roy,emma.roy.8050@example.com,2024-11-22,India,Chennai
CUST-008051,Diego,Costa,diego.costa.8051@example.com,2022-02-14,United Arab Emirates,Abu Dhabi
CUST-008052,Sofia,Lopez,sofia.lopez.8052@example.com,2020-09-27,United Arab Emirates,Abu Dhabi
CUST-008053,Yara,Ali,yara.ali.8053@example.com,2023-01-26,Singapore,Singapore
CUST-008054,Wei,Brown,wei.brown.8054@example.com,2022-07-11,United States,New York
CUST-008055,Samir,Ahmed,samir.ahmed.8055@example.com,2022-07-23,Germany,Berlin
CUST-008056,Grace,Garcia,grace.garcia.8056@example.com,2025-12-25,Canada,Toronto
CUST-008057,Zane,Young,zane.young.8057@example.com,2024-07-05,Germany,Munich
CUST-008058,Sofia,Nguyen,sofia.nguyen.8058@example.com,2024-04-07,United States,Austin
CUST-008059,Kavya,Ahmed,kavya.ahmed.8059@example.com,2026-05-14,United Kingdom,Manchester
CUST-008060,Yara,Thomas,yara.thomas.8060@example.com,2022-02-02,United States,Seattle
CUST-008061,Ben,Kapoor,ben.kapoor.8061@example.com,2024-08-24,United Arab Emirates,Abu Dhabi
CUST-008062,Emma,Kim,emma.kim.8062@example.com,2025-10-31,Germany,Munich
CUST-008063,Uma,Brown,uma.brown.8063@example.com,2024-10-24,Canada,Vancouver
CUST-008064,Maya,Nguyen,maya.nguyen.8064@example.com,2021-04-20,Canada,Toronto
CUST-008065,Fatima,Park,fatima.park.8065@example.com,2022-06-23,United States,New York
CUST-008066,James,Lee,james.lee.8066@example.com,2025-10-29,India,Mumbai
CUST-008067,Grace,Martin,grace.martin.8067@example.com,2025-05-15,Singapore,Singapore
CUST-008068,Wei,Singh,wei.singh.8068@example.com,2023-11-25,United Kingdom,Birmingham
CUST-008069,Riya,Wright,riya.wright.8069@example.com,2020-08-16,Canada,Vancouver
CUST-008070,Samir,Young,samir.young.8070@example.com,2025-05-26,United States,Chicago
CUST-008071,Sofia,Nair,sofia.nair.8071@example.com,2021-12-04,India,Delhi
CUST-008072,Olivia,Nguyen,olivia.nguyen.8072@example.com,2021-09-14,Germany,Berlin
CUST-008073,Samir,Mehta,samir.mehta.8073@example.com,2024-05-17,United Kingdom,London
CUST-008074,Kavya,Smith,kavya.smith.8074@example.com,2024-08-16,India,Bengaluru
CUST-008075,Zane,Mehta,zane.mehta.8075@example.com,2024-06-07,Singapore,Singapore
CUST-008076,Chen,Garcia,chen.garcia.8076@example.com,2023-08-20,United States,Seattle
CUST-008077,Amelia,Martin,amelia.martin.8077@example.com,2020-01-28,Canada,Toronto
CUST-008078,Priya,Singh,priya.singh.8078@example.com,2026-08-11,United Kingdom,Birmingham
CUST-008079,Leo,Ali,leo.ali.8079@example.com,2022-07-20,Canada,Vancouver
CUST-008080,Sofia,Park,sofia.park.8080@example.com,2022-03-12,United Arab Emirates,Abu Dhabi
CUST-008081,Leo,Thomas,leo.thomas.8081@example.com,2023-07-17,United Arab Emirates,Abu Dhabi
CUST-008082,Amelia,Ahmed,amelia.ahmed.8082@example.com,2021-08-21,Germany,Munich
CUST-008083,Tara,Ali,tara.ali.8083@example.com,2020-12-15,United Kingdom,London
CUST-008084,Amelia,Chen,amelia.chen.8084@example.com,2022-06-06,Germany,Munich
CUST-008085,Sofia,Ali,sofia.ali.8085@example.com,2022-06-13,India,Chennai
CUST-008086,James,Garcia,james.garcia.8086@example.com,2024-05-28,United Kingdom,Birmingham
CUST-008087,Kavya,Thomas,kavya.thomas.8087@example.com,2021-03-02,Singapore,Singapore
CUST-008088,Ben,Iyer,ben.iyer.8088@example.com,2023-04-09,United Arab Emirates,Dubai
CUST-008089,Chen,Johnson,chen.johnson.8089@example.com,2020-02-29,India,Chennai
CUST-008090,Aditi,Iyer,aditi.iyer.8090@example.com,2022-10-17,Singapore,Singapore
CUST-008091,Tara,Wilson,tara.wilson.8091@example.com,2021-08-21,Germany,Berlin
CUST-008092,Quinn,Lee,quinn.lee.8092@example.com,2026-04-07,Germany,Berlin
CUST-008093,Maya,Ali,maya.ali.8093@example.com,2021-12-02,United States,New York
CUST-008094,Aditi,Young,aditi.young.8094@example.com,2025-11-06,Singapore,Singapore
CUST-008095,Amelia,Smith,amelia.smith.8095@example.com,2024-12-12,Germany,Berlin
CUST-008096,Samir,Costa,samir.costa.8096@example.com,2023-04-05,United Kingdom,Birmingham
CUST-008097,Hassan,Garcia,hassan.garcia.8097@example.com,2020-01-11,United States,Chicago
CUST-008098,Aisha,Sharma,aisha.sharma.8098@example.com,2025-01-13,India,Mumbai
CUST-008099,Noah,Kim,noah.kim.8099@example.com,2026-02-09,United States,Chicago
CUST-008100,Emma,Silva,emma.silva.8100@example.com,2020-10-11,Germany,Munich
CUST-008101,Riya,Das,riya.das.8101@example.com,2025-06-30,United States,Chicago
CUST-008102,Uma,Young,uma.young.8102@example.com,2024-06-08,United States,Seattle
CUST-008103,Amelia,Smith,amelia.smith.8103@example.com,2023-09-02,United Arab Emirates,Abu Dhabi
CUST-008104,Grace,Khan,grace.khan.8104@example.com,2020-03-20,Germany,Berlin
CUST-008105,Hassan,Young,hassan.young.8105@example.com,2020-05-12,India,Chennai
CUST-008106,Arjun,Nair,arjun.nair.8106@example.com,2026-01-11,United Kingdom,Manchester
CUST-008107,Samir,Garcia,samir.garcia.8107@example.com,2024-10-24,United States,Austin
CUST-008108,Chen,Das,chen.das.8108@example.com,2020-02-22,India,Bengaluru
CUST-008109,James,Sharma,james.sharma.8109@example.com,2021-07-05,Singapore,Singapore
CUST-008110,Diego,Singh,diego.singh.8110@example.com,2021-09-20,India,Chennai
CUST-008111,Diego,Sharma,diego.sharma.8111@example.com,2022-02-18,Germany,Munich
CUST-008112,Riya,Garcia,riya.garcia.8112@example.com,2023-01-29,Canada,Toronto
CUST-008113,Kavya,Singh,kavya.singh.8113@example.com,2022-04-18,Canada,Toronto
CUST-008114,James,Roy,james.roy.8114@example.com,2021-08-02,United Arab Emirates,Dubai
CUST-008115,Yara,Nair,yara.nair.8115@example.com,2024-08-29,India,Hyderabad
CUST-008116,Diego,Nguyen,diego.nguyen.8116@example.com,2024-10-12,Singapore,Singapore
CUST-008117,Wei,Martin,wei.martin.8117@example.com,2023-06-05,Singapore,Singapore
CUST-008118,Diego,Johnson,diego.johnson.8118@example.com,2020-01-06,Canada,Vancouver
CUST-008119,Hassan,Lee,hassan.lee.8119@example.com,2020-09-20,United Kingdom,London
CUST-008120,Isha,Nguyen,isha.nguyen.8120@example.com,2024-05-20,Singapore,Singapore
CUST-008121,Olivia,Ali,olivia.ali.8121@example.com,2020-05-05,India,Chennai
CUST-008122,Fatima,Kim,fatima.kim.8122@example.com,2023-09-18,Canada,Toronto
CUST-008123,Arjun,Singh,arjun.singh.8123@example.com,2021-01-24,Germany,Munich
CUST-008124,James,Kim,james.kim.8124@example.com,2026-07-04,United States,Chicago
CUST-008125,Wei,Das,wei.das.8125@example.com,2025-10-13,United States,New York
CUST-008126,Olivia,Garcia,olivia.garcia.8126@example.com,2021-01-27,United Kingdom,London
CUST-008127,Hassan,Sharma,hassan.sharma.8127@example.com,2020-03-15,United Kingdom,Birmingham
CUST-008128,Priya,Park,priya.park.8128@example.com,2026-06-05,Singapore,Singapore
CUST-008129,Arjun,Mehta,arjun.mehta.8129@example.com,2022-03-10,Germany,Berlin
CUST-008130,Grace,Silva,grace.silva.8130@example.com,2023-09-19,United States,Seattle
CUST-008131,Ben,Das,ben.das.8131@example.com,2021-10-28,United States,Austin
CUST-008132,Riya,Park,riya.park.8132@example.com,2020-07-15,United Arab Emirates,Abu Dhabi
CUST-008133,Maya,Silva,maya.silva.8133@example.com,2022-03-01,United Arab Emirates,Abu Dhabi
CUST-008134,Quinn,Ali,quinn.ali.8134@example.com,2023-05-30,Germany,Berlin
CUST-008135,Hassan,Kapoor,hassan.kapoor.8135@example.com,2020-08-22,United Kingdom,Birmingham
CUST-008136,Yara,Das,yara.das.8136@example.com,2025-07-28,United Kingdom,Manchester
CUST-008137,Ben,Singh,ben.singh.8137@example.com,2022-03-23,Germany,Munich
CUST-008138,Aditi,Roy,aditi.roy.8138@example.com,2020-12-22,India,Mumbai
CUST-008139,Sofia,Singh,sofia.singh.8139@example.com,2021-10-13,Canada,Vancouver
CUST-008140,Grace,Wilson,grace.wilson.8140@example.com,2024-11-18,Germany,Berlin
CUST-008141,Kavya,Ali,kavya.ali.8141@example.com,2026-02-03,Germany,Berlin
CUST-008142,Isha,Patel,isha.patel.8142@example.com,2020-12-03,United States,Chicago
CUST-008143,Emma,Martin,emma.martin.8143@example.com,2020-03-17,United Arab Emirates,Dubai
CUST-008144,Aarav,Lee,aarav.lee.8144@example.com,2025-12-25,United Kingdom,Birmingham
CUST-008145,Aarav,Das,aarav.das.8145@example.com,2025-04-12,Canada,Toronto
CUST-008146,Wei,Martin,wei.martin.8146@example.com,2020-10-03,Singapore,Singapore
CUST-008147,Wei,Young,wei.young.8147@example.com,2021-12-30,United States,Austin
CUST-008148,Hassan,Das,hassan.das.8148@example.com,2023-04-23,United Kingdom,Birmingham
CUST-008149,Tara,Iyer,tara.iyer.8149@example.com,2022-01-11,United Arab Emirates,Dubai
CUST-008150,Grace,Mehta,grace.mehta.8150@example.com,2023-12-15,Canada,Vancouver
CUST-008151,Kavya,Singh,kavya.singh.8151@example.com,2025-07-24,Singapore,Singapore
CUST-008152,Arjun,Wright,arjun.wright.8152@example.com,2025-01-13,United States,Austin
CUST-008153,Aarav,Das,aarav.das.8153@example.com,2023-09-19,United Kingdom,Manchester
CUST-008154,James,Garcia,james.garcia.8154@example.com,2022-10-21,Singapore,Singapore
CUST-008155,Uma,Thomas,uma.thomas.8155@example.com,2021-03-02,Germany,Berlin
CUST-008156,Isha,Sharma,isha.sharma.8156@example.com,2026-05-23,United Arab Emirates,Abu Dhabi
CUST-008157,Maya,Ahmed,maya.ahmed.8157@example.com,2020-06-08,Singapore,Singapore
CUST-008158,Zane,Iyer,zane.iyer.8158@example.com,2021-11-18,Germany,Berlin
CUST-008159,Arjun,Roy,arjun.roy.8159@example.com,2022-04-05,United States,Chicago
CUST-008160,Samir,Wilson,samir.wilson.8160@example.com,2024-03-19,United Arab Emirates,Dubai
CUST-008161,Aarav,Kapoor,aarav.kapoor.8161@example.com,2022-03-12,United Arab Emirates,Abu Dhabi
CUST-008162,Kavya,Costa,kavya.costa.8162@example.com,2020-10-15,Germany,Berlin
CUST-008163,Riya,Wilson,riya.wilson.8163@example.com,2026-06-24,Germany,Berlin
CUST-008164,Aarav,Wright,aarav.wright.8164@example.com,2023-02-24,Singapore,Singapore
CUST-008165,Zane,Nguyen,zane.nguyen.8165@example.com,2021-04-23,Germany,Berlin
CUST-008166,Tara,Silva,tara.silva.8166@example.com,2025-05-16,United Arab Emirates,Dubai
CUST-008167,Kavya,Nguyen,kavya.nguyen.8167@example.com,2023-09-06,Germany,Munich
CUST-008168,Sofia,Patel,sofia.patel.8168@example.com,2022-06-21,Canada,Toronto
CUST-008169,Maya,Wright,maya.wright.8169@example.com,2026-01-24,Singapore,Singapore
CUST-008170,Zane,Silva,zane.silva.8170@example.com,2025-10-03,United States,Seattle
CUST-008171,Tara,Lopez,tara.lopez.8171@example.com,2025-09-28,United Arab Emirates,Abu Dhabi
CUST-008172,Maya,Lopez,maya.lopez.8172@example.com,2026-02-14,India,Delhi
CUST-008173,Uma,Brown,uma.brown.8173@example.com,2025-03-29,United Arab Emirates,Abu Dhabi
CUST-008174,Samir,Brown,samir.brown.8174@example.com,2026-05-17,India,Mumbai
CUST-008175,Quinn,Sharma,quinn.sharma.8175@example.com,2022-08-29,Singapore,Singapore
CUST-008176,Olivia,Kim,olivia.kim.8176@example.com,2026-07-13,United Arab Emirates,Abu Dhabi
CUST-008177,Vikram,Lee,vikram.lee.8177@example.com,2025-03-09,United Kingdom,Birmingham
CUST-008178,Zane,Lopez,zane.lopez.8178@example.com,2022-10-31,Germany,Munich
CUST-008179,Emma,Nguyen,emma.nguyen.8179@example.com,2020-06-26,Canada,Vancouver
CUST-008180,Isha,Ahmed,isha.ahmed.8180@example.com,2021-11-28,Canada,Vancouver
CUST-008181,Aisha,Muller,aisha.muller.8181@example.com,2023-11-07,Germany,Munich
CUST-008182,Quinn,Brown,quinn.brown.8182@example.com,2025-01-25,United Kingdom,Manchester
CUST-008183,Olivia,Nguyen,olivia.nguyen.8183@example.com,2024-05-20,Germany,Berlin
CUST-008184,Sofia,Park,sofia.park.8184@example.com,2022-11-27,Germany,Berlin
CUST-008185,Grace,Ahmed,grace.ahmed.8185@example.com,2025-10-12,Germany,Berlin
CUST-008186,Sofia,Nair,sofia.nair.8186@example.com,2023-09-11,United Arab Emirates,Dubai
CUST-008187,Kavya,Park,kavya.park.8187@example.com,2026-06-02,United Arab Emirates,Abu Dhabi
CUST-008188,Hassan,Wilson,hassan.wilson.8188@example.com,2023-07-11,Canada,Vancouver
CUST-008189,Maya,Roy,maya.roy.8189@example.com,2025-07-28,United States,Seattle
CUST-008190,James,Wright,james.wright.8190@example.com,2026-03-11,Canada,Toronto
CUST-008191,Isha,Chen,isha.chen.8191@example.com,2023-06-21,United Arab Emirates,Dubai
CUST-008192,Fatima,Wright,fatima.wright.8192@example.com,2025-06-25,India,Bengaluru
CUST-008193,Aditi,Ali,aditi.ali.8193@example.com,2021-02-04,Germany,Munich
CUST-008194,Kavya,Muller,kavya.muller.8194@example.com,2022-03-02,India,Delhi
CUST-008195,Riya,Sharma,riya.sharma.8195@example.com,2020-01-11,Germany,Munich
CUST-008196,Maya,Martin,maya.martin.8196@example.com,2024-05-07,United States,Austin
CUST-008197,Aisha,Johnson,aisha.johnson.8197@example.com,2025-08-14,United States,Seattle
CUST-008198,Fatima,Sharma,fatima.sharma.8198@example.com,2022-02-13,United States,Chicago
CUST-008199,Olivia,Ahmed,olivia.ahmed.8199@example.com,2023-10-24,United Arab Emirates,Dubai
CUST-008200,Noah,Singh,noah.singh.8200@example.com,2020-06-26,Germany,Berlin
CUST-008201,Diego,Khan,diego.khan.8201@example.com,2021-07-20,Canada,Vancouver
CUST-008202,Grace,Johnson,grace.johnson.8202@example.com,2025-02-21,United States,Austin
CUST-008203,Grace,Das,grace.das.8203@example.com,2023-09-17,Germany,Berlin
CUST-008204,Fatima,Nair,fatima.nair.8204@example.com,2021-09-30,Singapore,Singapore
CUST-008205,Priya,Das,priya.das.8205@example.com,2022-02-10,India,Bengaluru
CUST-008206,Aisha,Brown,aisha.brown.8206@example.com,2025-05-28,United Kingdom,Manchester
CUST-008207,Amelia,Kim,amelia.kim.8207@example.com,2023-09-12,Singapore,Singapore
CUST-008208,Olivia,Brown,olivia.brown.8208@example.com,2024-01-02,Germany,Munich
CUST-008209,Hassan,Iyer,hassan.iyer.8209@example.com,2025-01-23,Germany,Berlin
CUST-008210,Sofia,Garcia,sofia.garcia.8210@example.com,2020-06-16,India,Hyderabad
CUST-008211,Arjun,Chen,arjun.chen.8211@example.com,2020-10-28,United Kingdom,London
CUST-008212,James,Kim,james.kim.8212@example.com,2024-01-16,United Kingdom,Birmingham
CUST-008213,Emma,Park,emma.park.8213@example.com,2024-05-23,Singapore,Singapore
CUST-008214,Uma,Smith,uma.smith.8214@example.com,2026-03-06,India,Chennai
CUST-008215,Diego,Kapoor,diego.kapoor.8215@example.com,2021-01-16,Germany,Berlin
CUST-008216,Leo,Wright,leo.wright.8216@example.com,2020-02-28,Germany,Munich
CUST-008217,Grace,Sharma,grace.sharma.8217@example.com,2024-07-17,Singapore,Singapore
CUST-008218,Zane,Garcia,zane.garcia.8218@example.com,2021-09-04,United States,Austin
CUST-008219,Quinn,Das,quinn.das.8219@example.com,2020-04-18,Germany,Munich
CUST-008220,Isha,Kim,isha.kim.8220@example.com,2024-09-13,United Kingdom,Birmingham
CUST-008221,Samir,Iyer,samir.iyer.8221@example.com,2020-01-18,United States,Seattle
CUST-008222,Hassan,Iyer,hassan.iyer.8222@example.com,2023-10-25,United Kingdom,Birmingham
CUST-008223,Grace,Patel,grace.patel.8223@example.com,2024-07-28,United States,Austin
CUST-008224,Samir,Singh,samir.singh.8224@example.com,2020-01-28,Singapore,Singapore
CUST-008225,Leo,Chen,leo.chen.8225@example.com,2026-01-16,Canada,Vancouver
CUST-008226,Sofia,Park,sofia.park.8226@example.com,2022-08-08,United States,Austin
CUST-008227,Leo,Costa,leo.costa.8227@example.com,2022-02-24,Canada,Toronto
CUST-008228,Emma,Wright,emma.wright.8228@example.com,2024-08-10,Canada,Toronto
CUST-008229,Aarav,Wilson,aarav.wilson.8229@example.com,2022-09-27,United States,Chicago
CUST-008230,Olivia,Muller,olivia.muller.8230@example.com,2021-08-05,Germany,Munich
CUST-008231,Zane,Kapoor,zane.kapoor.8231@example.com,2020-03-12,United Arab Emirates,Dubai
CUST-008232,Riya,Smith,riya.smith.8232@example.com,2020-09-11,United States,Chicago
CUST-008233,Hassan,Singh,hassan.singh.8233@example.com,2020-04-05,Germany,Munich
CUST-008234,Arjun,Ali,arjun.ali.8234@example.com,2020-06-01,Canada,Vancouver
CUST-008235,Quinn,Kapoor,quinn.kapoor.8235@example.com,2020-04-07,Singapore,Singapore
CUST-008236,Grace,Wright,grace.wright.8236@example.com,2021-12-08,India,Mumbai
CUST-008237,Aditi,Johnson,aditi.johnson.8237@example.com,2022-05-05,United Arab Emirates,Abu Dhabi
CUST-008238,Fatima,Nair,fatima.nair.8238@example.com,2025-02-15,India,Hyderabad
CUST-008239,Priya,Chen,priya.chen.8239@example.com,2021-04-14,United States,Chicago
CUST-008240,Ben,Mehta,ben.mehta.8240@example.com,2026-03-07,India,Bengaluru
CUST-008241,Riya,Brown,riya.brown.8241@example.com,2022-08-05,Canada,Toronto
CUST-008242,Tara,Nair,tara.nair.8242@example.com,2026-06-25,United States,Chicago
CUST-008243,Vikram,Lopez,vikram.lopez.8243@example.com,2021-08-23,United Arab Emirates,Dubai
CUST-008244,Aarav,Thomas,aarav.thomas.8244@example.com,2022-07-07,United Kingdom,London
CUST-008245,Leo,Khan,leo.khan.8245@example.com,2021-12-10,United States,Chicago
CUST-008246,Aditi,Thomas,aditi.thomas.8246@example.com,2026-04-09,India,Bengaluru
CUST-008247,Zane,Garcia,zane.garcia.8247@example.com,2022-08-13,United Arab Emirates,Abu Dhabi
CUST-008248,Kavya,Mehta,kavya.mehta.8248@example.com,2022-01-14,United Kingdom,Manchester
CUST-008249,Uma,Patel,uma.patel.8249@example.com,2023-03-17,United Kingdom,Birmingham
CUST-008250,Noah,Singh,noah.singh.8250@example.com,2026-01-26,Singapore,Singapore
CUST-008251,Vikram,Smith,vikram.smith.8251@example.com,2021-08-18,United Arab Emirates,Dubai
CUST-008252,Isha,Johnson,isha.johnson.8252@example.com,2021-10-12,United States,New York
CUST-008253,Amelia,Smith,amelia.smith.8253@example.com,2026-06-21,Singapore,Singapore
CUST-008254,Zane,Kim,zane.kim.8254@example.com,2024-08-30,United Kingdom,Birmingham
CUST-008255,James,Iyer,james.iyer.8255@example.com,2026-07-02,United Arab Emirates,Abu Dhabi
CUST-008256,Aisha,Mehta,aisha.mehta.8256@example.com,2025-07-04,United Kingdom,Manchester
CUST-008257,Aarav,Thomas,aarav.thomas.8257@example.com,2024-09-03,United Arab Emirates,Dubai
CUST-008258,Quinn,Costa,quinn.costa.8258@example.com,2022-12-22,Canada,Vancouver
CUST-008259,Aisha,Das,aisha.das.8259@example.com,2022-11-18,Germany,Munich
CUST-008260,Ben,Iyer,ben.iyer.8260@example.com,2022-06-09,Singapore,Singapore
CUST-008261,Noah,Ali,noah.ali.8261@example.com,2022-10-23,Germany,Munich
CUST-008262,Leo,Martin,leo.martin.8262@example.com,2022-12-04,United Arab Emirates,Dubai
CUST-008263,Kavya,Sharma,kavya.sharma.8263@example.com,2023-01-21,Canada,Vancouver
CUST-008264,Grace,Chen,grace.chen.8264@example.com,2025-02-19,Singapore,Singapore
CUST-008265,James,Khan,james.khan.8265@example.com,2025-10-06,United States,Chicago
CUST-008266,Sofia,Garcia,sofia.garcia.8266@example.com,2023-06-08,United Arab Emirates,Dubai
CUST-008267,Isha,Wilson,isha.wilson.8267@example.com,2021-07-12,India,Chennai
CUST-008268,Vikram,Garcia,vikram.garcia.8268@example.com,2020-10-18,Singapore,Singapore
CUST-008269,Emma,Nguyen,emma.nguyen.8269@example.com,2020-04-19,Singapore,Singapore
CUST-008270,Grace,Johnson,grace.johnson.8270@example.com,2025-07-11,Canada,Toronto
CUST-008271,Quinn,Wilson,quinn.wilson.8271@example.com,2020-05-16,Singapore,Singapore
CUST-008272,Isha,Mehta,isha.mehta.8272@example.com,2024-06-17,Germany,Berlin
CUST-008273,Vikram,Johnson,vikram.johnson.8273@example.com,2024-07-02,India,Hyderabad
CUST-008274,Fatima,Chen,fatima.chen.8274@example.com,2026-06-22,Canada,Vancouver
CUST-008275,Quinn,Khan,quinn.khan.8275@example.com,2025-03-24,United States,Austin
CUST-008276,Zane,Nguyen,zane.nguyen.8276@example.com,2022-12-11,United States,Austin
CUST-008277,Noah,Wright,noah.wright.8277@example.com,2022-09-02,United Kingdom,Manchester
CUST-008278,Riya,Wright,riya.wright.8278@example.com,2020-12-06,United Kingdom,Manchester
CUST-008279,Vikram,Sharma,vikram.sharma.8279@example.com,2026-06-20,India,Chennai
CUST-008280,Amelia,Nair,amelia.nair.8280@example.com,2022-12-07,United Arab Emirates,Dubai
CUST-008281,Maya,Ali,maya.ali.8281@example.com,2021-04-30,India,Hyderabad
CUST-008282,Aarav,Das,aarav.das.8282@example.com,2024-06-27,United Arab Emirates,Abu Dhabi
CUST-008283,Yara,Young,yara.young.8283@example.com,2024-02-12,India,Bengaluru
CUST-008284,Aditi,Chen,aditi.chen.8284@example.com,2021-02-27,Singapore,Singapore
CUST-008285,Leo,Silva,leo.silva.8285@example.com,2020-08-26,United Kingdom,Manchester
CUST-008286,Diego,Brown,diego.brown.8286@example.com,2026-02-22,Singapore,Singapore
CUST-008287,Tara,Ali,tara.ali.8287@example.com,2024-04-02,United Arab Emirates,Abu Dhabi
CUST-008288,Samir,Garcia,samir.garcia.8288@example.com,2023-04-17,Germany,Munich
CUST-008289,Amelia,Wright,amelia.wright.8289@example.com,2023-09-03,India,Mumbai
CUST-008290,Amelia,Patel,amelia.patel.8290@example.com,2026-05-26,Canada,Toronto
CUST-008291,Aditi,Wright,aditi.wright.8291@example.com,2020-07-27,Singapore,Singapore
CUST-008292,Leo,Martin,leo.martin.8292@example.com,2024-01-23,Germany,Berlin
CUST-008293,Tara,Smith,tara.smith.8293@example.com,2024-03-04,India,Mumbai
CUST-008294,Aisha,Iyer,aisha.iyer.8294@example.com,2023-03-29,Germany,Munich
CUST-008295,Ben,Wright,ben.wright.8295@example.com,2022-07-29,Canada,Toronto
CUST-008296,Aditi,Khan,aditi.khan.8296@example.com,2021-12-06,India,Chennai
CUST-008297,Zane,Young,zane.young.8297@example.com,2024-02-01,Singapore,Singapore
CUST-008298,Emma,Lopez,emma.lopez.8298@example.com,2023-09-29,Singapore,Singapore
CUST-008299,Yara,Nair,yara.nair.8299@example.com,2023-08-09,Singapore,Singapore
CUST-008300,Tara,Kim,tara.kim.8300@example.com,2021-11-15,United Kingdom,Manchester
CUST-008301,Aisha,Muller,aisha.muller.8301@example.com,2022-11-22,Germany,Berlin
CUST-008302,Aditi,Kim,aditi.kim.8302@example.com,2024-07-14,India,Delhi
CUST-008303,Arjun,Iyer,arjun.iyer.8303@example.com,2022-05-15,Canada,Vancouver
CUST-008304,Fatima,Patel,fatima.patel.8304@example.com,2024-02-09,Canada,Toronto
CUST-008305,Zane,Young,zane.young.8305@example.com,2022-09-03,United States,Chicago
CUST-008306,Sofia,Roy,sofia.roy.8306@example.com,2022-07-30,United Arab Emirates,Abu Dhabi
CUST-008307,Vikram,Costa,vikram.costa.8307@example.com,2024-06-07,Canada,Vancouver
CUST-008308,Isha,Martin,isha.martin.8308@example.com,2024-03-23,India,Mumbai
CUST-008309,Wei,Wilson,wei.wilson.8309@example.com,2023-11-07,United Kingdom,Manchester
CUST-008310,Uma,Khan,uma.khan.8310@example.com,2025-02-18,Canada,Vancouver
CUST-008311,Priya,Wright,priya.wright.8311@example.com,2024-01-27,India,Chennai
CUST-008312,Fatima,Nair,fatima.nair.8312@example.com,2024-05-20,Germany,Berlin
CUST-008313,Emma,Lee,emma.lee.8313@example.com,2020-05-22,United Arab Emirates,Dubai
CUST-008314,Chen,Silva,chen.silva.8314@example.com,2023-10-14,Canada,Vancouver
CUST-008315,Ben,Kim,ben.kim.8315@example.com,2020-07-03,Germany,Munich
CUST-008316,Kavya,Lee,kavya.lee.8316@example.com,2023-09-16,United Kingdom,London
CUST-008317,Olivia,Nair,olivia.nair.8317@example.com,2026-04-03,United Arab Emirates,Abu Dhabi
CUST-008318,Chen,Smith,chen.smith.8318@example.com,2024-03-11,United Kingdom,London
CUST-008319,Grace,Garcia,grace.garcia.8319@example.com,2021-03-23,Singapore,Singapore
CUST-008320,Zane,Nguyen,zane.nguyen.8320@example.com,2020-08-20,India,Chennai
CUST-008321,Hassan,Park,hassan.park.8321@example.com,2020-10-17,Germany,Munich
CUST-008322,James,Wright,james.wright.8322@example.com,2025-09-26,Singapore,Singapore
CUST-008323,Priya,Brown,priya.brown.8323@example.com,2021-11-10,Canada,Toronto
CUST-008324,Diego,Iyer,diego.iyer.8324@example.com,2026-06-20,Canada,Vancouver
CUST-008325,Arjun,Wilson,arjun.wilson.8325@example.com,2022-05-08,Germany,Berlin
CUST-008326,Wei,Wright,wei.wright.8326@example.com,2022-03-24,Singapore,Singapore
CUST-008327,Samir,Kapoor,samir.kapoor.8327@example.com,2025-12-18,Canada,Toronto
CUST-008328,Zane,Roy,zane.roy.8328@example.com,2021-10-01,India,Bengaluru
CUST-008329,Riya,Thomas,riya.thomas.8329@example.com,2022-12-20,Singapore,Singapore
CUST-008330,Hassan,Nair,hassan.nair.8330@example.com,2021-07-03,Singapore,Singapore
CUST-008331,Grace,Thomas,grace.thomas.8331@example.com,2023-04-29,United Kingdom,Birmingham
CUST-008332,Wei,Smith,wei.smith.8332@example.com,2026-06-10,Canada,Vancouver
CUST-008333,Sofia,Park,sofia.park.8333@example.com,2021-02-21,United Arab Emirates,Dubai
CUST-008334,Amelia,Thomas,amelia.thomas.8334@example.com,2023-02-28,Canada,Vancouver
CUST-008335,Riya,Lee,riya.lee.8335@example.com,2026-01-20,United Arab Emirates,Abu Dhabi
CUST-008336,Kavya,Kim,kavya.kim.8336@example.com,2020-01-21,Singapore,Singapore
CUST-008337,Ben,Ahmed,ben.ahmed.8337@example.com,2025-02-09,United States,New York
CUST-008338,Leo,Mehta,leo.mehta.8338@example.com,2022-10-29,United Arab Emirates,Abu Dhabi
CUST-008339,Vikram,Young,vikram.young.8339@example.com,2020-11-26,United States,Seattle
CUST-008340,James,Khan,james.khan.8340@example.com,2022-01-20,Singapore,Singapore
CUST-008341,Grace,Martin,grace.martin.8341@example.com,2023-01-16,India,Delhi
CUST-008342,Vikram,Garcia,vikram.garcia.8342@example.com,2022-01-11,United Arab Emirates,Abu Dhabi
CUST-008343,Kavya,Thomas,kavya.thomas.8343@example.com,2024-10-18,Canada,Vancouver
CUST-008344,Olivia,Martin,olivia.martin.8344@example.com,2025-03-03,United Arab Emirates,Abu Dhabi
CUST-008345,Grace,Kim,grace.kim.8345@example.com,2023-09-11,United Kingdom,Birmingham
CUST-008346,Emma,Young,emma.young.8346@example.com,2023-04-22,Singapore,Singapore
CUST-008347,Diego,Lee,diego.lee.8347@example.com,2021-04-18,India,Chennai
CUST-008348,Sofia,Garcia,sofia.garcia.8348@example.com,2026-07-08,Germany,Berlin
CUST-008349,James,Young,james.young.8349@example.com,2023-09-06,India,Chennai
CUST-008350,James,Smith,james.smith.8350@example.com,2025-02-01,Germany,Munich
CUST-008351,Riya,Khan,riya.khan.8351@example.com,2026-07-09,Germany,Berlin
CUST-008352,Emma,Muller,emma.muller.8352@example.com,2025-10-14,United States,New York
CUST-008353,Arjun,Garcia,arjun.garcia.8353@example.com,2023-02-15,Canada,Vancouver
CUST-008354,Vikram,Kim,vikram.kim.8354@example.com,2022-09-19,Singapore,Singapore
CUST-008355,Tara,Park,tara.park.8355@example.com,2023-12-02,Germany,Munich
CUST-008356,Arjun,Kapoor,arjun.kapoor.8356@example.com,2024-01-15,India,Hyderabad
CUST-008357,Noah,Park,noah.park.8357@example.com,2021-07-11,Singapore,Singapore
CUST-008358,Samir,Kapoor,samir.kapoor.8358@example.com,2020-09-11,United States,Chicago
CUST-008359,Aarav,Wright,aarav.wright.8359@example.com,2023-10-05,Singapore,Singapore
CUST-008360,Maya,Sharma,maya.sharma.8360@example.com,2023-07-18,Canada,Toronto
CUST-008361,Arjun,Muller,arjun.muller.8361@example.com,2021-06-21,India,Bengaluru
CUST-008362,Kavya,Lopez,kavya.lopez.8362@example.com,2022-09-15,United Kingdom,London
CUST-008363,Aditi,Johnson,aditi.johnson.8363@example.com,2024-12-07,Canada,Toronto
CUST-008364,Vikram,Young,vikram.young.8364@example.com,2025-07-08,Germany,Berlin
CUST-008365,Noah,Costa,noah.costa.8365@example.com,2021-10-25,Germany,Munich
CUST-008366,Fatima,Ali,fatima.ali.8366@example.com,2023-12-13,Canada,Vancouver
CUST-008367,Chen,Thomas,chen.thomas.8367@example.com,2021-03-06,India,Bengaluru
CUST-008368,Quinn,Khan,quinn.khan.8368@example.com,2026-02-04,United States,New York
CUST-008369,Leo,Martin,leo.martin.8369@example.com,2022-01-31,Canada,Vancouver
CUST-008370,Noah,Roy,noah.roy.8370@example.com,2020-07-13,Canada,Vancouver
CUST-008371,James,Khan,james.khan.8371@example.com,2023-05-08,United Kingdom,Manchester
CUST-008372,Priya,Thomas,priya.thomas.8372@example.com,2023-09-19,United Arab Emirates,Abu Dhabi
CUST-008373,Isha,Brown,isha.brown.8373@example.com,2024-11-08,United Kingdom,Manchester
CUST-008374,Samir,Silva,samir.silva.8374@example.com,2020-11-23,United Kingdom,Birmingham
CUST-008375,Sofia,Sharma,sofia.sharma.8375@example.com,2026-03-06,United States,Austin
CUST-008376,Grace,Garcia,grace.garcia.8376@example.com,2021-12-02,India,Chennai
CUST-008377,Samir,Martin,samir.martin.8377@example.com,2024-11-07,Singapore,Singapore
CUST-008378,Sofia,Kapoor,sofia.kapoor.8378@example.com,2023-01-21,United Kingdom,Manchester
CUST-008379,Olivia,Kapoor,olivia.kapoor.8379@example.com,2025-11-24,Germany,Munich
CUST-008380,Ben,Martin,ben.martin.8380@example.com,2021-10-02,United Arab Emirates,Abu Dhabi
CUST-008381,Kavya,Young,kavya.young.8381@example.com,2023-09-06,India,Bengaluru
CUST-008382,Aditi,Brown,aditi.brown.8382@example.com,2022-06-21,India,Bengaluru
CUST-008383,Wei,Nair,wei.nair.8383@example.com,2026-03-25,United Arab Emirates,Abu Dhabi
CUST-008384,Amelia,Park,amelia.park.8384@example.com,2021-11-17,Germany,Berlin
CUST-008385,Tara,Smith,tara.smith.8385@example.com,2022-05-01,India,Hyderabad
CUST-008386,Isha,Wilson,isha.wilson.8386@example.com,2023-04-15,Singapore,Singapore
CUST-008387,Vikram,Ali,vikram.ali.8387@example.com,2025-05-22,Canada,Vancouver
CUST-008388,Aisha,Costa,aisha.costa.8388@example.com,2023-10-16,United Arab Emirates,Dubai
CUST-008389,Leo,Garcia,leo.garcia.8389@example.com,2025-03-10,United Arab Emirates,Abu Dhabi
CUST-008390,Aarav,Mehta,aarav.mehta.8390@example.com,2021-09-04,United States,New York
CUST-008391,Maya,Kapoor,maya.kapoor.8391@example.com,2025-01-12,Singapore,Singapore
CUST-008392,Wei,Lee,wei.lee.8392@example.com,2020-11-23,Singapore,Singapore
CUST-008393,James,Smith,james.smith.8393@example.com,2026-01-08,Germany,Berlin
CUST-008394,Wei,Brown,wei.brown.8394@example.com,2023-11-22,United Kingdom,Birmingham
CUST-008395,Samir,Iyer,samir.iyer.8395@example.com,2022-09-21,Singapore,Singapore
CUST-008396,Zane,Costa,zane.costa.8396@example.com,2022-03-01,United States,Austin
CUST-008397,Yara,Park,yara.park.8397@example.com,2025-01-29,Canada,Vancouver
CUST-008398,Quinn,Das,quinn.das.8398@example.com,2020-05-29,Canada,Toronto
CUST-008399,Emma,Singh,emma.singh.8399@example.com,2023-10-23,United States,Seattle
CUST-008400,Samir,Ahmed,samir.ahmed.8400@example.com,2022-06-13,Singapore,Singapore
CUST-008401,Aisha,Roy,aisha.roy.8401@example.com,2022-06-22,Singapore,Singapore
CUST-008402,Ben,Martin,ben.martin.8402@example.com,2025-01-09,United Kingdom,London
CUST-008403,Fatima,Das,fatima.das.8403@example.com,2022-11-08,United States,New York
CUST-008404,Uma,Mehta,uma.mehta.8404@example.com,2023-09-18,United States,Seattle
CUST-008405,Grace,Kim,grace.kim.8405@example.com,2025-11-04,Singapore,Singapore
CUST-008406,Olivia,Park,olivia.park.8406@example.com,2025-02-19,Singapore,Singapore
CUST-008407,Fatima,Nguyen,fatima.nguyen.8407@example.com,2024-08-29,India,Hyderabad
CUST-008408,Noah,Martin,noah.martin.8408@example.com,2020-10-10,Canada,Vancouver
CUST-008409,Vikram,Ahmed,vikram.ahmed.8409@example.com,2023-03-15,Singapore,Singapore
CUST-008410,Yara,Lopez,yara.lopez.8410@example.com,2022-08-11,Singapore,Singapore
CUST-008411,Wei,Park,wei.park.8411@example.com,2023-11-07,Canada,Vancouver
CUST-008412,Priya,Sharma,priya.sharma.8412@example.com,2023-02-14,United Kingdom,Birmingham
CUST-008413,Riya,Kapoor,riya.kapoor.8413@example.com,2024-11-01,United Kingdom,Manchester
CUST-008414,Tara,Brown,tara.brown.8414@example.com,2022-02-06,United States,Austin
CUST-008415,Priya,Thomas,priya.thomas.8415@example.com,2021-10-29,India,Delhi
CUST-008416,Noah,Nair,noah.nair.8416@example.com,2023-12-13,United Kingdom,Birmingham
CUST-008417,Kavya,Kapoor,kavya.kapoor.8417@example.com,2024-11-27,Germany,Berlin
CUST-008418,Aarav,Wright,aarav.wright.8418@example.com,2024-09-29,Canada,Toronto
CUST-008419,Diego,Wright,diego.wright.8419@example.com,2022-12-08,United Arab Emirates,Abu Dhabi
CUST-008420,Olivia,Silva,olivia.silva.8420@example.com,2023-02-16,United Arab Emirates,Dubai
CUST-008421,James,Lee,james.lee.8421@example.com,2025-06-22,India,Hyderabad
CUST-008422,Aarav,Lopez,aarav.lopez.8422@example.com,2023-08-16,United Arab Emirates,Dubai
CUST-008423,Aditi,Khan,aditi.khan.8423@example.com,2020-07-12,United States,Austin
CUST-008424,Yara,Brown,yara.brown.8424@example.com,2025-09-26,United Arab Emirates,Dubai
CUST-008425,Samir,Nguyen,samir.nguyen.8425@example.com,2025-08-28,United States,Chicago
CUST-008426,Amelia,Thomas,amelia.thomas.8426@example.com,2024-03-19,Canada,Toronto
CUST-008427,Noah,Brown,noah.brown.8427@example.com,2023-12-28,United States,Chicago
CUST-008428,Noah,Nair,noah.nair.8428@example.com,2023-08-05,India,Chennai
CUST-008429,Uma,Khan,uma.khan.8429@example.com,2026-01-24,India,Mumbai
CUST-008430,Arjun,Iyer,arjun.iyer.8430@example.com,2022-06-13,Canada,Toronto
CUST-008431,Kavya,Lee,kavya.lee.8431@example.com,2022-03-20,Canada,Vancouver
CUST-008432,Isha,Ali,isha.ali.8432@example.com,2021-06-13,India,Hyderabad
CUST-008433,Leo,Smith,leo.smith.8433@example.com,2025-03-02,United Arab Emirates,Dubai
CUST-008434,Grace,Kapoor,grace.kapoor.8434@example.com,2024-02-07,Singapore,Singapore
CUST-008435,Riya,Nair,riya.nair.8435@example.com,2025-03-10,United Kingdom,Birmingham
CUST-008436,Sofia,Ahmed,sofia.ahmed.8436@example.com,2023-04-26,Germany,Munich
CUST-008437,Leo,Singh,leo.singh.8437@example.com,2023-11-06,United Arab Emirates,Abu Dhabi
CUST-008438,Hassan,Sharma,hassan.sharma.8438@example.com,2023-08-20,United Kingdom,Birmingham
CUST-008439,Diego,Das,diego.das.8439@example.com,2024-05-03,Germany,Berlin
CUST-008440,Olivia,Das,olivia.das.8440@example.com,2020-12-05,Germany,Munich
CUST-008441,Arjun,Kim,arjun.kim.8441@example.com,2024-02-02,United Arab Emirates,Abu Dhabi
CUST-008442,Zane,Khan,zane.khan.8442@example.com,2022-07-07,United Arab Emirates,Abu Dhabi
CUST-008443,Ben,Das,ben.das.8443@example.com,2021-06-20,United Kingdom,Birmingham
CUST-008444,Yara,Wright,yara.wright.8444@example.com,2021-08-10,United Kingdom,London
CUST-008445,Kavya,Young,kavya.young.8445@example.com,2025-12-09,Germany,Berlin
CUST-008446,Uma,Roy,uma.roy.8446@example.com,2024-06-03,India,Delhi
CUST-008447,Arjun,Thomas,arjun.thomas.8447@example.com,2022-01-27,India,Mumbai
CUST-008448,Fatima,Silva,fatima.silva.8448@example.com,2025-07-05,United Kingdom,Manchester
CUST-008449,Samir,Kim,samir.kim.8449@example.com,2021-09-02,United Kingdom,London
CUST-008450,Vikram,Johnson,vikram.johnson.8450@example.com,2021-07-09,India,Hyderabad
CUST-008451,Quinn,Muller,quinn.muller.8451@example.com,2022-12-09,Canada,Vancouver
CUST-008452,Chen,Sharma,chen.sharma.8452@example.com,2026-02-18,United Arab Emirates,Dubai
CUST-008453,Fatima,Patel,fatima.patel.8453@example.com,2024-01-24,United States,Austin
CUST-008454,Ben,Mehta,ben.mehta.8454@example.com,2021-11-21,India,Delhi
CUST-008455,Zane,Kim,zane.kim.8455@example.com,2021-12-09,India,Chennai
CUST-008456,Chen,Roy,chen.roy.8456@example.com,2022-08-14,Singapore,Singapore
CUST-008457,Quinn,Silva,quinn.silva.8457@example.com,2020-03-31,Canada,Vancouver
CUST-008458,Amelia,Smith,amelia.smith.8458@example.com,2020-12-28,Canada,Toronto
CUST-008459,Hassan,Das,hassan.das.8459@example.com,2021-11-05,Canada,Vancouver
CUST-008460,Leo,Ahmed,leo.ahmed.8460@example.com,2026-07-15,United Kingdom,Birmingham
CUST-008461,Aditi,Das,aditi.das.8461@example.com,2023-03-02,India,Hyderabad
CUST-008462,Priya,Kapoor,priya.kapoor.8462@example.com,2020-12-28,United Kingdom,London
CUST-008463,Vikram,Kapoor,vikram.kapoor.8463@example.com,2022-08-27,Germany,Berlin
CUST-008464,Grace,Kim,grace.kim.8464@example.com,2020-02-03,Singapore,Singapore
CUST-008465,Noah,Young,noah.young.8465@example.com,2020-12-22,United Arab Emirates,Dubai
CUST-008466,Chen,Park,chen.park.8466@example.com,2022-08-13,United Kingdom,Manchester
CUST-008467,Vikram,Wilson,vikram.wilson.8467@example.com,2024-02-11,Germany,Munich
CUST-008468,Amelia,Johnson,amelia.johnson.8468@example.com,2024-11-06,United States,Austin
CUST-008469,Zane,Ali,zane.ali.8469@example.com,2026-02-17,Singapore,Singapore
CUST-008470,Amelia,Smith,amelia.smith.8470@example.com,2022-09-06,Singapore,Singapore
CUST-008471,Wei,Garcia,wei.garcia.8471@example.com,2021-04-22,India,Bengaluru
CUST-008472,Aarav,Roy,aarav.roy.8472@example.com,2020-12-19,United States,Austin
CUST-008473,Maya,Khan,maya.khan.8473@example.com,2020-06-10,United States,New York
CUST-008474,Fatima,Ahmed,fatima.ahmed.8474@example.com,2023-06-04,Canada,Toronto
CUST-008475,Ben,Nair,ben.nair.8475@example.com,2020-07-26,United Arab Emirates,Dubai
CUST-008476,Olivia,Muller,olivia.muller.8476@example.com,2024-08-15,Germany,Munich
CUST-008477,Vikram,Iyer,vikram.iyer.8477@example.com,2022-02-10,United States,New York
CUST-008478,Wei,Ahmed,wei.ahmed.8478@example.com,2026-06-16,India,Chennai
CUST-008479,Aditi,Wilson,aditi.wilson.8479@example.com,2020-10-14,United States,Austin
CUST-008480,Chen,Singh,chen.singh.8480@example.com,2026-04-19,Singapore,Singapore
CUST-008481,Arjun,Ali,arjun.ali.8481@example.com,2022-08-14,United States,Chicago
CUST-008482,Zane,Thomas,zane.thomas.8482@example.com,2024-06-21,Germany,Munich
CUST-008483,Aditi,Kim,aditi.kim.8483@example.com,2020-10-10,Germany,Munich
CUST-008484,Amelia,Sharma,amelia.sharma.8484@example.com,2022-06-10,Canada,Toronto
CUST-008485,Priya,Nguyen,priya.nguyen.8485@example.com,2025-05-16,United Arab Emirates,Abu Dhabi
CUST-008486,Aditi,Singh,aditi.singh.8486@example.com,2020-05-03,Canada,Toronto
CUST-008487,Diego,Mehta,diego.mehta.8487@example.com,2021-10-12,United States,New York
CUST-008488,Uma,Young,uma.young.8488@example.com,2023-01-20,United States,Seattle
CUST-008489,Olivia,Iyer,olivia.iyer.8489@example.com,2020-04-23,Singapore,Singapore
CUST-008490,Amelia,Lee,amelia.lee.8490@example.com,2025-04-28,United Arab Emirates,Abu Dhabi
CUST-008491,Hassan,Patel,hassan.patel.8491@example.com,2025-07-24,Canada,Vancouver
CUST-008492,Hassan,Roy,hassan.roy.8492@example.com,2021-09-20,Germany,Munich
CUST-008493,Samir,Thomas,samir.thomas.8493@example.com,2025-02-24,Germany,Berlin
CUST-008494,Diego,Khan,diego.khan.8494@example.com,2024-03-25,Canada,Toronto
CUST-008495,Arjun,Muller,arjun.muller.8495@example.com,2022-03-13,India,Hyderabad
CUST-008496,Quinn,Wilson,quinn.wilson.8496@example.com,2020-11-10,Germany,Berlin
CUST-008497,Quinn,Thomas,quinn.thomas.8497@example.com,2020-08-12,Germany,Munich
CUST-008498,Uma,Young,uma.young.8498@example.com,2024-12-05,Germany,Berlin
CUST-008499,Chen,Roy,chen.roy.8499@example.com,2026-06-06,Canada,Vancouver
CUST-008500,Yara,Roy,yara.roy.8500@example.com,2020-09-04,United States,Chicago
CUST-008501,Isha,Thomas,isha.thomas.8501@example.com,2020-04-03,Singapore,Singapore
CUST-008502,Hassan,Nair,hassan.nair.8502@example.com,2023-02-24,United Arab Emirates,Abu Dhabi
CUST-008503,Sofia,Nair,sofia.nair.8503@example.com,2024-06-13,Canada,Vancouver
CUST-008504,Riya,Nair,riya.nair.8504@example.com,2021-07-14,United States,Austin
CUST-008505,Chen,Das,chen.das.8505@example.com,2020-08-30,Singapore,Singapore
CUST-008506,Leo,Nguyen,leo.nguyen.8506@example.com,2023-07-27,Germany,Berlin
CUST-008507,Vikram,Sharma,vikram.sharma.8507@example.com,2025-07-22,United Arab Emirates,Dubai
CUST-008508,Emma,Lopez,emma.lopez.8508@example.com,2026-04-10,India,Hyderabad
CUST-008509,Chen,Brown,chen.brown.8509@example.com,2022-06-04,United States,Seattle
CUST-008510,Chen,Thomas,chen.thomas.8510@example.com,2024-07-21,India,Delhi
CUST-008511,Zane,Martin,zane.martin.8511@example.com,2025-07-03,Canada,Vancouver
CUST-008512,Fatima,Young,fatima.young.8512@example.com,2026-01-27,Germany,Berlin
CUST-008513,Priya,Young,priya.young.8513@example.com,2021-12-01,Germany,Berlin
CUST-008514,Kavya,Singh,kavya.singh.8514@example.com,2020-01-22,United Arab Emirates,Abu Dhabi
CUST-008515,Ben,Garcia,ben.garcia.8515@example.com,2023-08-24,United Arab Emirates,Dubai
CUST-008516,Riya,Iyer,riya.iyer.8516@example.com,2023-10-15,United Arab Emirates,Abu Dhabi
CUST-008517,Hassan,Singh,hassan.singh.8517@example.com,2021-04-06,Canada,Toronto
CUST-008518,Priya,Roy,priya.roy.8518@example.com,2026-06-17,India,Hyderabad
CUST-008519,Vikram,Sharma,vikram.sharma.8519@example.com,2023-06-27,United States,Austin
CUST-008520,Uma,Roy,uma.roy.8520@example.com,2024-10-20,United States,Chicago
CUST-008521,Noah,Martin,noah.martin.8521@example.com,2026-02-21,United States,Chicago
CUST-008522,Chen,Muller,chen.muller.8522@example.com,2022-02-27,United Arab Emirates,Dubai
CUST-008523,Diego,Martin,diego.martin.8523@example.com,2020-05-13,India,Delhi
CUST-008524,Samir,Brown,samir.brown.8524@example.com,2022-11-11,Singapore,Singapore
CUST-008525,Hassan,Wilson,hassan.wilson.8525@example.com,2024-08-19,United Kingdom,Manchester
CUST-008526,Zane,Park,zane.park.8526@example.com,2025-10-19,United Kingdom,Manchester
CUST-008527,Tara,Chen,tara.chen.8527@example.com,2022-12-24,Germany,Berlin
CUST-008528,Isha,Brown,isha.brown.8528@example.com,2020-12-27,Singapore,Singapore
CUST-008529,Aditi,Muller,aditi.muller.8529@example.com,2021-03-08,United States,Chicago
CUST-008530,Grace,Iyer,grace.iyer.8530@example.com,2026-06-13,United States,Chicago
CUST-008531,Leo,Muller,leo.muller.8531@example.com,2021-05-14,India,Delhi
CUST-008532,Hassan,Wilson,hassan.wilson.8532@example.com,2020-01-20,United Kingdom,Birmingham
CUST-008533,Arjun,Nguyen,arjun.nguyen.8533@example.com,2023-01-08,Germany,Munich
CUST-008534,Vikram,Khan,vikram.khan.8534@example.com,2024-12-04,United Kingdom,London
CUST-008535,Noah,Nguyen,noah.nguyen.8535@example.com,2023-06-30,Germany,Berlin
CUST-008536,Samir,Muller,samir.muller.8536@example.com,2020-10-24,India,Hyderabad
CUST-008537,Noah,Muller,noah.muller.8537@example.com,2021-02-21,India,Delhi
CUST-008538,Isha,Kapoor,isha.kapoor.8538@example.com,2022-03-23,India,Hyderabad
CUST-008539,Amelia,Khan,amelia.khan.8539@example.com,2021-11-12,United Arab Emirates,Abu Dhabi
CUST-008540,Tara,Mehta,tara.mehta.8540@example.com,2023-09-25,India,Delhi
CUST-008541,Grace,Das,grace.das.8541@example.com,2023-01-09,Germany,Munich
CUST-008542,Hassan,Kapoor,hassan.kapoor.8542@example.com,2021-12-19,United Kingdom,Birmingham
CUST-008543,Isha,Wilson,isha.wilson.8543@example.com,2024-04-04,United States,Seattle
CUST-008544,Sofia,Thomas,sofia.thomas.8544@example.com,2022-08-06,Canada,Vancouver
CUST-008545,Kavya,Khan,kavya.khan.8545@example.com,2020-04-21,United Kingdom,London
CUST-008546,Fatima,Young,fatima.young.8546@example.com,2023-01-21,Canada,Vancouver
CUST-008547,Emma,Singh,emma.singh.8547@example.com,2026-05-09,Canada,Vancouver
CUST-008548,Riya,Costa,riya.costa.8548@example.com,2024-10-02,Canada,Toronto
CUST-008549,Aarav,Brown,aarav.brown.8549@example.com,2020-12-19,India,Mumbai
CUST-008550,Priya,Costa,priya.costa.8550@example.com,2021-07-17,Germany,Berlin
CUST-008551,Leo,Roy,leo.roy.8551@example.com,2022-06-22,United States,Chicago
CUST-008552,Vikram,Ahmed,vikram.ahmed.8552@example.com,2022-12-29,Singapore,Singapore
CUST-008553,Samir,Nguyen,samir.nguyen.8553@example.com,2024-12-27,Germany,Berlin
CUST-008554,Isha,Park,isha.park.8554@example.com,2022-08-07,United Arab Emirates,Abu Dhabi
CUST-008555,Riya,Park,riya.park.8555@example.com,2020-08-14,Canada,Vancouver
CUST-008556,Wei,Wright,wei.wright.8556@example.com,2025-01-21,Germany,Berlin
CUST-008557,Vikram,Ahmed,vikram.ahmed.8557@example.com,2022-11-25,United States,New York
CUST-008558,Uma,Das,uma.das.8558@example.com,2026-06-07,United Arab Emirates,Dubai
CUST-008559,James,Wright,james.wright.8559@example.com,2020-05-15,United Kingdom,Birmingham
CUST-008560,Arjun,Khan,arjun.khan.8560@example.com,2024-08-13,United States,Seattle
CUST-008561,Yara,Young,yara.young.8561@example.com,2020-03-19,Canada,Toronto
CUST-008562,Emma,Silva,emma.silva.8562@example.com,2022-10-28,United Arab Emirates,Abu Dhabi
CUST-008563,Chen,Thomas,chen.thomas.8563@example.com,2025-04-24,Germany,Munich
CUST-008564,Aditi,Sharma,aditi.sharma.8564@example.com,2024-09-16,Germany,Berlin
CUST-008565,Vikram,Chen,vikram.chen.8565@example.com,2023-09-16,United Arab Emirates,Abu Dhabi
CUST-008566,Zane,Das,zane.das.8566@example.com,2023-06-02,India,Bengaluru
CUST-008567,Priya,Iyer,priya.iyer.8567@example.com,2023-03-13,United Kingdom,Birmingham
CUST-008568,Tara,Muller,tara.muller.8568@example.com,2026-06-17,Singapore,Singapore
CUST-008569,Fatima,Garcia,fatima.garcia.8569@example.com,2020-12-12,Canada,Vancouver
CUST-008570,Wei,Das,wei.das.8570@example.com,2023-12-19,Germany,Munich
CUST-008571,Aisha,Chen,aisha.chen.8571@example.com,2021-11-21,United Kingdom,Birmingham
CUST-008572,Aarav,Sharma,aarav.sharma.8572@example.com,2024-08-26,India,Mumbai
CUST-008573,Quinn,Ali,quinn.ali.8573@example.com,2023-01-14,United States,Seattle
CUST-008574,Kavya,Ahmed,kavya.ahmed.8574@example.com,2023-03-11,Germany,Munich
CUST-008575,Olivia,Smith,olivia.smith.8575@example.com,2023-07-06,United States,New York
CUST-008576,Wei,Costa,wei.costa.8576@example.com,2022-05-21,Germany,Berlin
CUST-008577,Wei,Smith,wei.smith.8577@example.com,2023-02-14,Singapore,Singapore
CUST-008578,Samir,Khan,samir.khan.8578@example.com,2020-07-08,Germany,Berlin
CUST-008579,Amelia,Ali,amelia.ali.8579@example.com,2025-03-20,India,Chennai
CUST-008580,Arjun,Garcia,arjun.garcia.8580@example.com,2023-03-08,Germany,Munich
CUST-008581,Kavya,Muller,kavya.muller.8581@example.com,2022-09-07,India,Mumbai
CUST-008582,Yara,Lee,yara.lee.8582@example.com,2026-05-08,Canada,Vancouver
CUST-008583,Noah,Kim,noah.kim.8583@example.com,2023-03-27,India,Bengaluru
CUST-008584,Quinn,Das,quinn.das.8584@example.com,2022-10-01,Germany,Munich
CUST-008585,Samir,Iyer,samir.iyer.8585@example.com,2021-09-05,Canada,Toronto
CUST-008586,Quinn,Johnson,quinn.johnson.8586@example.com,2021-11-23,Singapore,Singapore
CUST-008587,Samir,Iyer,samir.iyer.8587@example.com,2024-07-18,Canada,Vancouver
CUST-008588,Olivia,Martin,olivia.martin.8588@example.com,2022-05-02,India,Mumbai
CUST-008589,Sofia,Garcia,sofia.garcia.8589@example.com,2023-08-27,Singapore,Singapore
CUST-008590,Emma,Lopez,emma.lopez.8590@example.com,2025-04-18,Singapore,Singapore
CUST-008591,Wei,Khan,wei.khan.8591@example.com,2025-10-21,United Kingdom,Birmingham
CUST-008592,Aisha,Young,aisha.young.8592@example.com,2020-09-22,Germany,Munich
CUST-008593,Aditi,Wright,aditi.wright.8593@example.com,2023-02-11,United Arab Emirates,Dubai
CUST-008594,Sofia,Mehta,sofia.mehta.8594@example.com,2025-06-20,India,Chennai
CUST-008595,Arjun,Nguyen,arjun.nguyen.8595@example.com,2021-05-03,Singapore,Singapore
CUST-008596,Fatima,Kapoor,fatima.kapoor.8596@example.com,2022-11-21,Singapore,Singapore
CUST-008597,Isha,Das,isha.das.8597@example.com,2020-11-30,Germany,Berlin
CUST-008598,Olivia,Thomas,olivia.thomas.8598@example.com,2022-09-14,United Arab Emirates,Dubai
CUST-008599,Uma,Ahmed,uma.ahmed.8599@example.com,2024-01-27,Singapore,Singapore
CUST-008600,Ben,Mehta,ben.mehta.8600@example.com,2023-05-21,Canada,Vancouver
CUST-008601,Chen,Mehta,chen.mehta.8601@example.com,2025-10-15,Canada,Vancouver
CUST-008602,Samir,Smith,samir.smith.8602@example.com,2025-07-28,United States,Chicago
CUST-008603,Fatima,Martin,fatima.martin.8603@example.com,2025-07-22,Germany,Munich
CUST-008604,Aarav,Patel,aarav.patel.8604@example.com,2026-04-14,Singapore,Singapore
CUST-008605,Quinn,Garcia,quinn.garcia.8605@example.com,2022-09-19,United Kingdom,London
CUST-008606,Grace,Kapoor,grace.kapoor.8606@example.com,2021-10-04,India,Mumbai
CUST-008607,Uma,Lopez,uma.lopez.8607@example.com,2026-03-22,Germany,Berlin
CUST-008608,Noah,Smith,noah.smith.8608@example.com,2021-11-10,Canada,Vancouver
CUST-008609,Leo,Ahmed,leo.ahmed.8609@example.com,2020-09-04,United Arab Emirates,Abu Dhabi
CUST-008610,Riya,Muller,riya.muller.8610@example.com,2020-03-20,Singapore,Singapore
CUST-008611,Noah,Costa,noah.costa.8611@example.com,2022-04-12,United Kingdom,Birmingham
CUST-008612,Chen,Silva,chen.silva.8612@example.com,2024-01-18,United Arab Emirates,Abu Dhabi
CUST-008613,Amelia,Costa,amelia.costa.8613@example.com,2024-07-06,United Kingdom,Birmingham
CUST-008614,Maya,Garcia,maya.garcia.8614@example.com,2020-01-05,India,Mumbai
CUST-008615,Chen,Wright,chen.wright.8615@example.com,2025-04-18,Germany,Berlin
CUST-008616,Wei,Roy,wei.roy.8616@example.com,2020-03-27,Germany,Munich
CUST-008617,Aditi,Park,aditi.park.8617@example.com,2025-06-19,United States,New York
CUST-008618,Maya,Lopez,maya.lopez.8618@example.com,2024-09-03,United Arab Emirates,Abu Dhabi
CUST-008619,Uma,Park,uma.park.8619@example.com,2022-07-09,United Arab Emirates,Dubai
CUST-008620,Aditi,Chen,aditi.chen.8620@example.com,2020-05-23,Canada,Toronto
CUST-008621,Emma,Wilson,emma.wilson.8621@example.com,2021-09-25,United Kingdom,Birmingham
CUST-008622,Samir,Das,samir.das.8622@example.com,2025-07-07,Singapore,Singapore
CUST-008623,Noah,Ali,noah.ali.8623@example.com,2024-08-03,Canada,Toronto
CUST-008624,Priya,Costa,priya.costa.8624@example.com,2020-08-30,United Kingdom,Manchester
CUST-008625,Vikram,Kim,vikram.kim.8625@example.com,2023-01-06,Germany,Munich
CUST-008626,Isha,Singh,isha.singh.8626@example.com,2021-06-29,Singapore,Singapore
CUST-008627,Leo,Muller,leo.muller.8627@example.com,2023-02-05,United Kingdom,London
CUST-008628,Uma,Nair,uma.nair.8628@example.com,2021-10-18,United Arab Emirates,Dubai
CUST-008629,Kavya,Ahmed,kavya.ahmed.8629@example.com,2025-08-03,United Kingdom,Manchester
CUST-008630,Olivia,Iyer,olivia.iyer.8630@example.com,2020-06-14,India,Bengaluru
CUST-008631,Fatima,Singh,fatima.singh.8631@example.com,2021-06-26,Canada,Toronto
CUST-008632,Aditi,Smith,aditi.smith.8632@example.com,2022-01-05,Singapore,Singapore
CUST-008633,Priya,Brown,priya.brown.8633@example.com,2022-06-06,India,Bengaluru
CUST-008634,Yara,Mehta,yara.mehta.8634@example.com,2022-11-13,Singapore,Singapore
CUST-008635,Ben,Kapoor,ben.kapoor.8635@example.com,2024-12-20,United Kingdom,London
CUST-008636,Diego,Sharma,diego.sharma.8636@example.com,2020-05-15,United Arab Emirates,Abu Dhabi
CUST-008637,Uma,Roy,uma.roy.8637@example.com,2022-11-22,Canada,Toronto
CUST-008638,Tara,Muller,tara.muller.8638@example.com,2023-10-04,United States,New York
CUST-008639,James,Wilson,james.wilson.8639@example.com,2021-08-23,United Kingdom,Birmingham
CUST-008640,Aisha,Lee,aisha.lee.8640@example.com,2024-06-25,Singapore,Singapore
CUST-008641,Hassan,Nguyen,hassan.nguyen.8641@example.com,2023-11-04,United States,Austin
CUST-008642,Leo,Roy,leo.roy.8642@example.com,2026-06-12,Germany,Berlin
CUST-008643,Aditi,Mehta,aditi.mehta.8643@example.com,2024-01-07,Canada,Toronto
CUST-008644,Isha,Mehta,isha.mehta.8644@example.com,2024-07-29,Canada,Toronto
CUST-008645,Chen,Garcia,chen.garcia.8645@example.com,2024-11-14,Singapore,Singapore
CUST-008646,Chen,Lee,chen.lee.8646@example.com,2021-09-04,United States,Seattle
CUST-008647,Samir,Muller,samir.muller.8647@example.com,2025-10-29,United States,Austin
CUST-008648,Kavya,Garcia,kavya.garcia.8648@example.com,2022-06-16,Canada,Vancouver
CUST-008649,Riya,Smith,riya.smith.8649@example.com,2023-10-12,United States,Austin
CUST-008650,Arjun,Patel,arjun.patel.8650@example.com,2022-07-28,United States,Chicago
CUST-008651,Wei,Roy,wei.roy.8651@example.com,2020-08-05,Germany,Berlin
CUST-008652,Noah,Das,noah.das.8652@example.com,2023-07-02,United Arab Emirates,Dubai
CUST-008653,Quinn,Johnson,quinn.johnson.8653@example.com,2020-05-19,United Kingdom,London
CUST-008654,Tara,Ali,tara.ali.8654@example.com,2022-12-30,India,Bengaluru
CUST-008655,Chen,Brown,chen.brown.8655@example.com,2022-03-16,Canada,Toronto
CUST-008656,Quinn,Lopez,quinn.lopez.8656@example.com,2025-10-08,United Arab Emirates,Dubai
CUST-008657,Noah,Lee,noah.lee.8657@example.com,2024-06-20,United Kingdom,Birmingham
CUST-008658,Uma,Khan,uma.khan.8658@example.com,2024-01-14,United States,Chicago
CUST-008659,Zane,Martin,zane.martin.8659@example.com,2020-02-21,Germany,Munich
CUST-008660,Kavya,Brown,kavya.brown.8660@example.com,2021-02-17,Singapore,Singapore
CUST-008661,Uma,Kapoor,uma.kapoor.8661@example.com,2021-04-10,Germany,Munich
CUST-008662,James,Ahmed,james.ahmed.8662@example.com,2024-04-28,Germany,Berlin
CUST-008663,Zane,Lopez,zane.lopez.8663@example.com,2024-04-30,Germany,Munich
CUST-008664,Hassan,Thomas,hassan.thomas.8664@example.com,2023-12-31,Germany,Munich
CUST-008665,Fatima,Mehta,fatima.mehta.8665@example.com,2021-08-13,Canada,Toronto
CUST-008666,Hassan,Chen,hassan.chen.8666@example.com,2026-01-18,Germany,Berlin
CUST-008667,Kavya,Nair,kavya.nair.8667@example.com,2021-10-06,Germany,Munich
CUST-008668,Fatima,Sharma,fatima.sharma.8668@example.com,2022-04-24,United Kingdom,Birmingham
CUST-008669,Aisha,Lopez,aisha.lopez.8669@example.com,2025-01-18,Canada,Toronto
CUST-008670,Quinn,Nair,quinn.nair.8670@example.com,2025-11-09,Singapore,Singapore
CUST-008671,Priya,Johnson,priya.johnson.8671@example.com,2021-06-27,United Kingdom,Birmingham
CUST-008672,Noah,Johnson,noah.johnson.8672@example.com,2026-06-01,Germany,Berlin
CUST-008673,Diego,Nair,diego.nair.8673@example.com,2025-04-03,Singapore,Singapore
CUST-008674,Riya,Johnson,riya.johnson.8674@example.com,2024-03-04,India,Mumbai
CUST-008675,Diego,Smith,diego.smith.8675@example.com,2025-09-19,India,Delhi
CUST-008676,Uma,Ahmed,uma.ahmed.8676@example.com,2024-09-18,Canada,Vancouver
CUST-008677,Vikram,Iyer,vikram.iyer.8677@example.com,2020-11-26,Canada,Toronto
CUST-008678,Aisha,Singh,aisha.singh.8678@example.com,2024-06-10,India,Hyderabad
CUST-008679,James,Young,james.young.8679@example.com,2025-11-16,Germany,Munich
CUST-008680,Quinn,Wright,quinn.wright.8680@example.com,2020-05-30,Canada,Vancouver
CUST-008681,Quinn,Ali,quinn.ali.8681@example.com,2023-05-04,United States,Chicago
CUST-008682,James,Chen,james.chen.8682@example.com,2023-05-04,India,Chennai
CUST-008683,Olivia,Wright,olivia.wright.8683@example.com,2024-10-21,United Arab Emirates,Dubai
CUST-008684,Aisha,Martin,aisha.martin.8684@example.com,2024-01-07,United Arab Emirates,Dubai
CUST-008685,Zane,Mehta,zane.mehta.8685@example.com,2022-08-04,India,Chennai
CUST-008686,Grace,Smith,grace.smith.8686@example.com,2021-08-23,United Kingdom,Manchester
CUST-008687,Isha,Smith,isha.smith.8687@example.com,2021-02-26,United States,Seattle
CUST-008688,Hassan,Ahmed,hassan.ahmed.8688@example.com,2024-06-28,Canada,Toronto
CUST-008689,Sofia,Wright,sofia.wright.8689@example.com,2023-04-23,Singapore,Singapore
CUST-008690,Olivia,Wright,olivia.wright.8690@example.com,2022-07-22,Singapore,Singapore
CUST-008691,Priya,Singh,priya.singh.8691@example.com,2023-03-29,United Arab Emirates,Dubai
CUST-008692,Chen,Martin,chen.martin.8692@example.com,2023-11-25,United Arab Emirates,Abu Dhabi
CUST-008693,Vikram,Mehta,vikram.mehta.8693@example.com,2024-08-25,United Kingdom,Manchester
CUST-008694,James,Roy,james.roy.8694@example.com,2024-02-16,Germany,Berlin
CUST-008695,Amelia,Chen,amelia.chen.8695@example.com,2025-10-04,India,Hyderabad
CUST-008696,Chen,Patel,chen.patel.8696@example.com,2021-09-04,India,Mumbai
CUST-008697,Aarav,Wright,aarav.wright.8697@example.com,2025-03-30,United States,Austin
CUST-008698,Isha,Wright,isha.wright.8698@example.com,2022-06-26,Singapore,Singapore
CUST-008699,Hassan,Mehta,hassan.mehta.8699@example.com,2025-03-04,Singapore,Singapore
CUST-008700,Tara,Das,tara.das.8700@example.com,2022-01-31,Canada,Toronto
CUST-008701,Tara,Johnson,tara.johnson.8701@example.com,2025-08-30,United Kingdom,Manchester
CUST-008702,Emma,Ahmed,emma.ahmed.8702@example.com,2020-09-24,United States,Chicago
CUST-008703,Riya,Muller,riya.muller.8703@example.com,2021-01-28,India,Chennai
CUST-008704,Arjun,Patel,arjun.patel.8704@example.com,2020-02-12,United Arab Emirates,Abu Dhabi
CUST-008705,Noah,Wilson,noah.wilson.8705@example.com,2024-06-11,Singapore,Singapore
CUST-008706,Tara,Ali,tara.ali.8706@example.com,2021-09-23,United States,Chicago
CUST-008707,Fatima,Kim,fatima.kim.8707@example.com,2025-01-06,Canada,Toronto
CUST-008708,Riya,Chen,riya.chen.8708@example.com,2024-01-03,United Arab Emirates,Abu Dhabi
CUST-008709,Quinn,Lee,quinn.lee.8709@example.com,2025-06-06,India,Hyderabad
CUST-008710,Vikram,Patel,vikram.patel.8710@example.com,2020-04-05,Canada,Toronto
CUST-008711,Leo,Nguyen,leo.nguyen.8711@example.com,2023-04-13,Singapore,Singapore
CUST-008712,Quinn,Martin,quinn.martin.8712@example.com,2020-02-29,India,Delhi
CUST-008713,Hassan,Roy,hassan.roy.8713@example.com,2022-10-08,Singapore,Singapore
CUST-008714,James,Costa,james.costa.8714@example.com,2023-05-14,United Arab Emirates,Abu Dhabi
CUST-008715,Sofia,Chen,sofia.chen.8715@example.com,2022-05-24,Canada,Toronto
CUST-008716,Noah,Ali,noah.ali.8716@example.com,2026-02-27,Canada,Toronto
CUST-008717,Tara,Roy,tara.roy.8717@example.com,2023-08-26,Canada,Toronto
CUST-008718,Maya,Ahmed,maya.ahmed.8718@example.com,2023-09-20,India,Hyderabad
CUST-008719,James,Iyer,james.iyer.8719@example.com,2026-03-15,India,Bengaluru
CUST-008720,Kavya,Martin,kavya.martin.8720@example.com,2023-05-25,Canada,Vancouver
CUST-008721,Kavya,Khan,kavya.khan.8721@example.com,2025-12-05,United Arab Emirates,Dubai
CUST-008722,Kavya,Lee,kavya.lee.8722@example.com,2022-12-17,United States,Seattle
CUST-008723,Aditi,Nair,aditi.nair.8723@example.com,2024-07-09,Canada,Vancouver
CUST-008724,Priya,Johnson,priya.johnson.8724@example.com,2020-06-15,United Arab Emirates,Abu Dhabi
CUST-008725,Ben,Mehta,ben.mehta.8725@example.com,2020-08-24,United Kingdom,London
CUST-008726,Diego,Patel,diego.patel.8726@example.com,2026-05-26,United Arab Emirates,Abu Dhabi
CUST-008727,Emma,Muller,emma.muller.8727@example.com,2021-11-08,Canada,Vancouver
CUST-008728,Sofia,Brown,sofia.brown.8728@example.com,2022-08-09,United Kingdom,Manchester
CUST-008729,Emma,Wilson,emma.wilson.8729@example.com,2023-09-13,Singapore,Singapore
CUST-008730,Arjun,Smith,arjun.smith.8730@example.com,2021-02-22,Canada,Vancouver
CUST-008731,Isha,Patel,isha.patel.8731@example.com,2022-08-21,Canada,Vancouver
CUST-008732,Amelia,Sharma,amelia.sharma.8732@example.com,2026-02-14,United Arab Emirates,Dubai
CUST-008733,Chen,Singh,chen.singh.8733@example.com,2023-06-25,Canada,Vancouver
CUST-008734,Priya,Kim,priya.kim.8734@example.com,2024-10-15,Singapore,Singapore
CUST-008735,Zane,Kim,zane.kim.8735@example.com,2020-08-28,United Arab Emirates,Dubai
CUST-008736,Leo,Muller,leo.muller.8736@example.com,2024-12-12,United Kingdom,Manchester
CUST-008737,Kavya,Costa,kavya.costa.8737@example.com,2026-07-15,Germany,Berlin
CUST-008738,Riya,Mehta,riya.mehta.8738@example.com,2024-10-11,India,Mumbai
CUST-008739,Ben,Smith,ben.smith.8739@example.com,2023-10-16,India,Mumbai
CUST-008740,Uma,Brown,uma.brown.8740@example.com,2026-06-11,Germany,Munich
CUST-008741,Samir,Singh,samir.singh.8741@example.com,2026-03-07,United Kingdom,Manchester
CUST-008742,Samir,Wilson,samir.wilson.8742@example.com,2020-10-14,Germany,Berlin
CUST-008743,Aditi,Park,aditi.park.8743@example.com,2023-05-24,Canada,Toronto
CUST-008744,Grace,Wilson,grace.wilson.8744@example.com,2022-06-26,United Arab Emirates,Dubai
CUST-008745,Chen,Iyer,chen.iyer.8745@example.com,2026-02-05,United States,Chicago
CUST-008746,Samir,Das,samir.das.8746@example.com,2024-06-30,Germany,Berlin
CUST-008747,Arjun,Silva,arjun.silva.8747@example.com,2025-10-12,United States,Seattle
CUST-008748,Grace,Mehta,grace.mehta.8748@example.com,2020-04-16,India,Bengaluru
CUST-008749,Olivia,Singh,olivia.singh.8749@example.com,2025-05-27,Canada,Toronto
CUST-008750,Vikram,Wilson,vikram.wilson.8750@example.com,2021-03-09,India,Mumbai
CUST-008751,Amelia,Smith,amelia.smith.8751@example.com,2023-04-20,Canada,Vancouver
CUST-008752,Yara,Ali,yara.ali.8752@example.com,2026-01-28,India,Mumbai
CUST-008753,Sofia,Iyer,sofia.iyer.8753@example.com,2020-08-12,United Arab Emirates,Abu Dhabi
CUST-008754,Tara,Kapoor,tara.kapoor.8754@example.com,2021-01-06,Germany,Munich
CUST-008755,Priya,Ahmed,priya.ahmed.8755@example.com,2026-06-27,Canada,Toronto
CUST-008756,Chen,Kapoor,chen.kapoor.8756@example.com,2024-03-10,Singapore,Singapore
CUST-008757,Zane,Iyer,zane.iyer.8757@example.com,2021-05-09,United Kingdom,Birmingham
CUST-008758,Arjun,Wright,arjun.wright.8758@example.com,2022-06-30,Canada,Vancouver
CUST-008759,Noah,Ali,noah.ali.8759@example.com,2025-08-16,India,Hyderabad
CUST-008760,Vikram,Wright,vikram.wright.8760@example.com,2020-11-10,Singapore,Singapore
CUST-008761,Aarav,Martin,aarav.martin.8761@example.com,2023-06-28,India,Chennai
CUST-008762,Aisha,Nair,aisha.nair.8762@example.com,2022-04-15,Canada,Toronto
CUST-008763,Uma,Silva,uma.silva.8763@example.com,2026-04-06,Canada,Vancouver
CUST-008764,Aarav,Chen,aarav.chen.8764@example.com,2021-02-19,Germany,Munich
CUST-008765,Amelia,Garcia,amelia.garcia.8765@example.com,2022-06-20,United Arab Emirates,Dubai
CUST-008766,Wei,Garcia,wei.garcia.8766@example.com,2022-03-08,India,Delhi
CUST-008767,Olivia,Iyer,olivia.iyer.8767@example.com,2021-07-06,United States,New York
CUST-008768,Olivia,Thomas,olivia.thomas.8768@example.com,2022-12-22,Canada,Toronto
CUST-008769,Riya,Patel,riya.patel.8769@example.com,2022-05-23,Canada,Vancouver
CUST-008770,Yara,Wright,yara.wright.8770@example.com,2025-04-13,India,Hyderabad
CUST-008771,Hassan,Wilson,hassan.wilson.8771@example.com,2023-11-29,United Arab Emirates,Abu Dhabi
CUST-008772,Aisha,Das,aisha.das.8772@example.com,2022-11-10,Singapore,Singapore
CUST-008773,Isha,Muller,isha.muller.8773@example.com,2020-10-06,India,Bengaluru
CUST-008774,Zane,Costa,zane.costa.8774@example.com,2021-06-21,Canada,Toronto
CUST-008775,Quinn,Brown,quinn.brown.8775@example.com,2024-05-09,India,Chennai
CUST-008776,Wei,Iyer,wei.iyer.8776@example.com,2024-10-24,India,Delhi
CUST-008777,Leo,Wright,leo.wright.8777@example.com,2021-11-19,India,Mumbai
CUST-008778,Arjun,Martin,arjun.martin.8778@example.com,2020-07-15,Singapore,Singapore
CUST-008779,Noah,Khan,noah.khan.8779@example.com,2021-06-23,India,Bengaluru
CUST-008780,Yara,Wright,yara.wright.8780@example.com,2022-06-26,United Arab Emirates,Dubai
CUST-008781,Aditi,Smith,aditi.smith.8781@example.com,2024-01-02,United Kingdom,Birmingham
CUST-008782,Yara,Mehta,yara.mehta.8782@example.com,2025-07-21,United Arab Emirates,Dubai
CUST-008783,Aditi,Costa,aditi.costa.8783@example.com,2021-09-09,Canada,Toronto
CUST-008784,Arjun,Park,arjun.park.8784@example.com,2023-10-28,United Kingdom,Birmingham
CUST-008785,James,Martin,james.martin.8785@example.com,2025-08-30,Germany,Berlin
CUST-008786,Yara,Sharma,yara.sharma.8786@example.com,2024-05-03,United Arab Emirates,Dubai
CUST-008787,Olivia,Roy,olivia.roy.8787@example.com,2026-02-20,Singapore,Singapore
CUST-008788,Fatima,Iyer,fatima.iyer.8788@example.com,2023-11-09,India,Bengaluru
CUST-008789,Amelia,Khan,amelia.khan.8789@example.com,2020-07-19,United States,Austin
CUST-008790,Vikram,Costa,vikram.costa.8790@example.com,2025-10-26,India,Mumbai
CUST-008791,Isha,Park,isha.park.8791@example.com,2021-02-26,United Kingdom,Birmingham
CUST-008792,Zane,Martin,zane.martin.8792@example.com,2020-02-24,Canada,Vancouver
CUST-008793,Emma,Mehta,emma.mehta.8793@example.com,2024-07-25,Canada,Toronto
CUST-008794,Zane,Martin,zane.martin.8794@example.com,2020-11-04,Germany,Munich
CUST-008795,Sofia,Nguyen,sofia.nguyen.8795@example.com,2020-06-05,United Kingdom,Birmingham
CUST-008796,Wei,Brown,wei.brown.8796@example.com,2024-10-06,United Kingdom,Birmingham
CUST-008797,Grace,Lee,grace.lee.8797@example.com,2026-05-07,United Kingdom,Manchester
CUST-008798,Aarav,Silva,aarav.silva.8798@example.com,2020-02-17,Singapore,Singapore
CUST-008799,Wei,Kapoor,wei.kapoor.8799@example.com,2020-05-22,United Arab Emirates,Abu Dhabi
CUST-008800,Wei,Garcia,wei.garcia.8800@example.com,2025-02-13,Germany,Munich
CUST-008801,Grace,Muller,grace.muller.8801@example.com,2026-04-02,Singapore,Singapore
CUST-008802,Riya,Nair,riya.nair.8802@example.com,2026-02-15,Germany,Munich
CUST-008803,Olivia,Lopez,olivia.lopez.8803@example.com,2025-06-18,India,Delhi
CUST-008804,Aisha,Nair,aisha.nair.8804@example.com,2020-11-16,United Kingdom,Manchester
CUST-008805,Aisha,Wright,aisha.wright.8805@example.com,2020-03-06,United Arab Emirates,Abu Dhabi
CUST-008806,Priya,Iyer,priya.iyer.8806@example.com,2024-12-19,Singapore,Singapore
CUST-008807,Ben,Singh,ben.singh.8807@example.com,2022-02-19,Canada,Vancouver
CUST-008808,Kavya,Muller,kavya.muller.8808@example.com,2024-05-18,Canada,Toronto
CUST-008809,Zane,Nair,zane.nair.8809@example.com,2023-11-15,Canada,Toronto
CUST-008810,Aditi,Nguyen,aditi.nguyen.8810@example.com,2023-03-16,Singapore,Singapore
CUST-008811,Aisha,Wilson,aisha.wilson.8811@example.com,2024-06-29,Germany,Berlin
CUST-008812,Leo,Kim,leo.kim.8812@example.com,2024-03-17,Germany,Munich
CUST-008813,Olivia,Kapoor,olivia.kapoor.8813@example.com,2021-07-05,India,Hyderabad
CUST-008814,Aisha,Nair,aisha.nair.8814@example.com,2024-12-31,Canada,Vancouver
CUST-008815,Amelia,Nguyen,amelia.nguyen.8815@example.com,2024-05-17,Canada,Vancouver
CUST-008816,Aisha,Roy,aisha.roy.8816@example.com,2026-01-21,Germany,Munich
CUST-008817,James,Sharma,james.sharma.8817@example.com,2022-02-15,Canada,Vancouver
CUST-008818,Priya,Wilson,priya.wilson.8818@example.com,2023-01-11,United States,Chicago
CUST-008819,Zane,Martin,zane.martin.8819@example.com,2024-08-18,United Arab Emirates,Abu Dhabi
CUST-008820,Quinn,Patel,quinn.patel.8820@example.com,2024-06-09,India,Delhi
CUST-008821,Isha,Smith,isha.smith.8821@example.com,2025-07-31,Canada,Vancouver
CUST-008822,Wei,Wright,wei.wright.8822@example.com,2020-07-02,United Kingdom,London
CUST-008823,Amelia,Young,amelia.young.8823@example.com,2025-07-29,United Kingdom,London
CUST-008824,Chen,Khan,chen.khan.8824@example.com,2021-08-27,Germany,Munich
CUST-008825,Aisha,Lee,aisha.lee.8825@example.com,2022-04-11,United States,Seattle
CUST-008826,Aisha,Singh,aisha.singh.8826@example.com,2024-05-17,Canada,Toronto
CUST-008827,Aarav,Wilson,aarav.wilson.8827@example.com,2025-11-10,United Kingdom,Birmingham
CUST-008828,Fatima,Nair,fatima.nair.8828@example.com,2020-09-13,Singapore,Singapore
CUST-008829,Ben,Nguyen,ben.nguyen.8829@example.com,2020-08-19,United Kingdom,Manchester
CUST-008830,Uma,Garcia,uma.garcia.8830@example.com,2024-01-14,India,Bengaluru
CUST-008831,Grace,Johnson,grace.johnson.8831@example.com,2020-12-25,Canada,Toronto
CUST-008832,Tara,Nguyen,tara.nguyen.8832@example.com,2023-01-19,United Arab Emirates,Abu Dhabi
CUST-008833,Sofia,Costa,sofia.costa.8833@example.com,2023-09-11,India,Chennai
CUST-008834,Wei,Nair,wei.nair.8834@example.com,2023-03-26,United States,Austin
CUST-008835,Diego,Garcia,diego.garcia.8835@example.com,2021-05-21,United States,New York
CUST-008836,Priya,Khan,priya.khan.8836@example.com,2026-06-28,United States,Seattle
CUST-008837,Sofia,Lee,sofia.lee.8837@example.com,2022-07-15,Germany,Berlin
CUST-008838,Vikram,Silva,vikram.silva.8838@example.com,2020-11-03,United Kingdom,Manchester
CUST-008839,Yara,Sharma,yara.sharma.8839@example.com,2026-01-13,Canada,Vancouver
CUST-008840,Maya,Brown,maya.brown.8840@example.com,2022-03-17,United Kingdom,Birmingham
CUST-008841,Wei,Lopez,wei.lopez.8841@example.com,2025-05-27,Singapore,Singapore
CUST-008842,Samir,Thomas,samir.thomas.8842@example.com,2020-07-03,United Kingdom,London
CUST-008843,Arjun,Kapoor,arjun.kapoor.8843@example.com,2024-10-15,India,Chennai
CUST-008844,Aisha,Brown,aisha.brown.8844@example.com,2022-06-07,India,Hyderabad
CUST-008845,Priya,Ahmed,priya.ahmed.8845@example.com,2025-10-18,Canada,Toronto
CUST-008846,Maya,Nguyen,maya.nguyen.8846@example.com,2020-03-04,Germany,Berlin
CUST-008847,Vikram,Wright,vikram.wright.8847@example.com,2024-04-17,United Arab Emirates,Dubai
CUST-008848,Yara,Kim,yara.kim.8848@example.com,2024-07-30,United States,Seattle
CUST-008849,Kavya,Wilson,kavya.wilson.8849@example.com,2024-11-17,Canada,Toronto
CUST-008850,Riya,Singh,riya.singh.8850@example.com,2025-08-26,United Kingdom,Manchester
CUST-008851,Kavya,Kim,kavya.kim.8851@example.com,2023-11-21,Canada,Toronto
CUST-008852,James,Johnson,james.johnson.8852@example.com,2023-05-15,Canada,Toronto
CUST-008853,Chen,Mehta,chen.mehta.8853@example.com,2025-07-16,Canada,Toronto
CUST-008854,Grace,Kim,grace.kim.8854@example.com,2022-01-30,United Kingdom,London
CUST-008855,Quinn,Singh,quinn.singh.8855@example.com,2023-09-01,United States,New York
CUST-008856,Amelia,Young,amelia.young.8856@example.com,2025-11-26,Singapore,Singapore
CUST-008857,Noah,Sharma,noah.sharma.8857@example.com,2020-07-07,United Kingdom,London
CUST-008858,Emma,Singh,emma.singh.8858@example.com,2022-08-01,United Kingdom,Birmingham
CUST-008859,Tara,Wilson,tara.wilson.8859@example.com,2025-09-23,United States,Chicago
CUST-008860,Ben,Sharma,ben.sharma.8860@example.com,2024-12-12,United Kingdom,Manchester
CUST-008861,Leo,Costa,leo.costa.8861@example.com,2024-03-31,Singapore,Singapore
CUST-008862,Noah,Garcia,noah.garcia.8862@example.com,2026-02-14,United Arab Emirates,Abu Dhabi
CUST-008863,Fatima,Singh,fatima.singh.8863@example.com,2025-08-12,Germany,Munich
CUST-008864,Amelia,Mehta,amelia.mehta.8864@example.com,2021-06-13,Germany,Berlin
CUST-008865,Quinn,Chen,quinn.chen.8865@example.com,2022-04-30,United Kingdom,London
CUST-008866,Riya,Silva,riya.silva.8866@example.com,2022-05-31,Canada,Vancouver
CUST-008867,Noah,Iyer,noah.iyer.8867@example.com,2022-02-15,United Arab Emirates,Dubai
CUST-008868,Hassan,Roy,hassan.roy.8868@example.com,2021-07-12,Canada,Vancouver
CUST-008869,Aisha,Nguyen,aisha.nguyen.8869@example.com,2020-05-21,Germany,Munich
CUST-008870,Wei,Kim,wei.kim.8870@example.com,2020-12-02,Germany,Munich
CUST-008871,Vikram,Lee,vikram.lee.8871@example.com,2020-01-16,United States,New York
CUST-008872,Aarav,Park,aarav.park.8872@example.com,2020-11-30,Singapore,Singapore
CUST-008873,Sofia,Kim,sofia.kim.8873@example.com,2021-08-06,United Kingdom,Birmingham
CUST-008874,Vikram,Thomas,vikram.thomas.8874@example.com,2024-04-13,United Arab Emirates,Abu Dhabi
CUST-008875,Hassan,Das,hassan.das.8875@example.com,2023-07-01,Singapore,Singapore
CUST-008876,Sofia,Johnson,sofia.johnson.8876@example.com,2020-10-10,United States,Chicago
CUST-008877,Arjun,Park,arjun.park.8877@example.com,2024-01-24,India,Bengaluru
CUST-008878,Diego,Silva,diego.silva.8878@example.com,2023-02-07,United States,Chicago
CUST-008879,Ben,Nair,ben.nair.8879@example.com,2025-03-29,Singapore,Singapore
CUST-008880,Amelia,Sharma,amelia.sharma.8880@example.com,2020-07-06,Canada,Toronto
CUST-008881,Vikram,Lopez,vikram.lopez.8881@example.com,2022-07-15,United Kingdom,Manchester
CUST-008882,Fatima,Nair,fatima.nair.8882@example.com,2025-07-25,United Arab Emirates,Abu Dhabi
CUST-008883,Tara,Das,tara.das.8883@example.com,2023-12-28,United Arab Emirates,Abu Dhabi
CUST-008884,Quinn,Khan,quinn.khan.8884@example.com,2025-12-13,Germany,Berlin
CUST-008885,Wei,Kapoor,wei.kapoor.8885@example.com,2025-09-27,Singapore,Singapore
CUST-008886,Aditi,Das,aditi.das.8886@example.com,2021-06-19,Canada,Toronto
CUST-008887,Hassan,Ahmed,hassan.ahmed.8887@example.com,2021-09-20,United Arab Emirates,Abu Dhabi
CUST-008888,Priya,Lee,priya.lee.8888@example.com,2025-02-12,United States,Chicago
CUST-008889,Sofia,Brown,sofia.brown.8889@example.com,2021-06-06,United Arab Emirates,Abu Dhabi
CUST-008890,Zane,Kim,zane.kim.8890@example.com,2020-07-03,United Arab Emirates,Dubai
CUST-008891,Chen,Nguyen,chen.nguyen.8891@example.com,2021-11-16,United States,Austin
CUST-008892,Diego,Thomas,diego.thomas.8892@example.com,2023-08-09,United Arab Emirates,Abu Dhabi
CUST-008893,Noah,Patel,noah.patel.8893@example.com,2020-02-26,Singapore,Singapore
CUST-008894,Kavya,Johnson,kavya.johnson.8894@example.com,2021-04-26,Germany,Munich
CUST-008895,Tara,Young,tara.young.8895@example.com,2025-11-21,Germany,Berlin
CUST-008896,Vikram,Muller,vikram.muller.8896@example.com,2025-03-12,United Arab Emirates,Abu Dhabi
CUST-008897,Kavya,Chen,kavya.chen.8897@example.com,2025-07-26,Germany,Munich
CUST-008898,Aarav,Ali,aarav.ali.8898@example.com,2022-06-24,India,Hyderabad
CUST-008899,Isha,Costa,isha.costa.8899@example.com,2023-12-17,Canada,Vancouver
CUST-008900,Aarav,Sharma,aarav.sharma.8900@example.com,2025-01-14,Germany,Munich
CUST-008901,Samir,Garcia,samir.garcia.8901@example.com,2026-03-01,United States,Austin
CUST-008902,Arjun,Thomas,arjun.thomas.8902@example.com,2026-01-15,United States,Austin
CUST-008903,Arjun,Ahmed,arjun.ahmed.8903@example.com,2022-05-20,Canada,Vancouver
CUST-008904,Yara,Martin,yara.martin.8904@example.com,2025-05-23,United States,Seattle
CUST-008905,Uma,Ali,uma.ali.8905@example.com,2024-10-13,United States,Seattle
CUST-008906,Samir,Park,samir.park.8906@example.com,2022-04-23,United States,Austin
CUST-008907,Yara,Sharma,yara.sharma.8907@example.com,2024-01-15,United Kingdom,Birmingham
CUST-008908,Olivia,Silva,olivia.silva.8908@example.com,2026-05-23,Singapore,Singapore
CUST-008909,Riya,Roy,riya.roy.8909@example.com,2024-07-05,India,Hyderabad
CUST-008910,Riya,Muller,riya.muller.8910@example.com,2023-01-23,India,Chennai
CUST-008911,Hassan,Brown,hassan.brown.8911@example.com,2022-01-14,India,Bengaluru
CUST-008912,Emma,Lopez,emma.lopez.8912@example.com,2022-04-22,United Kingdom,Manchester
CUST-008913,Maya,Park,maya.park.8913@example.com,2023-02-09,Germany,Berlin
CUST-008914,Arjun,Wilson,arjun.wilson.8914@example.com,2023-06-20,Germany,Munich
CUST-008915,Hassan,Nguyen,hassan.nguyen.8915@example.com,2022-12-06,United States,Austin
CUST-008916,Arjun,Sharma,arjun.sharma.8916@example.com,2024-05-11,Canada,Toronto
CUST-008917,Kavya,Martin,kavya.martin.8917@example.com,2020-12-27,Germany,Munich
CUST-008918,Uma,Das,uma.das.8918@example.com,2023-06-11,India,Chennai
CUST-008919,Samir,Mehta,samir.mehta.8919@example.com,2024-03-21,United States,Seattle
CUST-008920,Quinn,Wilson,quinn.wilson.8920@example.com,2020-12-06,India,Hyderabad
CUST-008921,Tara,Singh,tara.singh.8921@example.com,2023-12-03,United Arab Emirates,Abu Dhabi
CUST-008922,Tara,Silva,tara.silva.8922@example.com,2024-03-04,United Arab Emirates,Abu Dhabi
CUST-008923,Ben,Khan,ben.khan.8923@example.com,2022-10-07,United Arab Emirates,Abu Dhabi
CUST-008924,Olivia,Roy,olivia.roy.8924@example.com,2021-03-03,United States,Austin
CUST-008925,Uma,Thomas,uma.thomas.8925@example.com,2022-03-03,Singapore,Singapore
CUST-008926,Grace,Ahmed,grace.ahmed.8926@example.com,2021-12-27,Singapore,Singapore
CUST-008927,Isha,Ali,isha.ali.8927@example.com,2025-10-29,Singapore,Singapore
CUST-008928,Leo,Chen,leo.chen.8928@example.com,2026-05-15,United Kingdom,London
CUST-008929,Hassan,Park,hassan.park.8929@example.com,2024-10-07,United Arab Emirates,Dubai
CUST-008930,Chen,Silva,chen.silva.8930@example.com,2023-06-18,Canada,Toronto
CUST-008931,Leo,Lee,leo.lee.8931@example.com,2020-10-25,United Arab Emirates,Abu Dhabi
CUST-008932,Diego,Roy,diego.roy.8932@example.com,2026-03-24,Canada,Toronto
CUST-008933,Noah,Lopez,noah.lopez.8933@example.com,2023-05-04,United Arab Emirates,Dubai
CUST-008934,James,Park,james.park.8934@example.com,2021-06-17,Singapore,Singapore
CUST-008935,Chen,Nair,chen.nair.8935@example.com,2020-02-23,United Arab Emirates,Abu Dhabi
CUST-008936,Yara,Muller,yara.muller.8936@example.com,2024-01-28,India,Mumbai
CUST-008937,Aditi,Nguyen,aditi.nguyen.8937@example.com,2020-12-01,India,Bengaluru
CUST-008938,Priya,Nguyen,priya.nguyen.8938@example.com,2023-06-15,United Kingdom,Birmingham
CUST-008939,Aarav,Kim,aarav.kim.8939@example.com,2022-01-21,United Kingdom,Birmingham
CUST-008940,Chen,Costa,chen.costa.8940@example.com,2025-08-07,United Kingdom,Birmingham
CUST-008941,Ben,Roy,ben.roy.8941@example.com,2022-12-07,India,Chennai
CUST-008942,Priya,Sharma,priya.sharma.8942@example.com,2020-01-11,India,Chennai
CUST-008943,Isha,Nguyen,isha.nguyen.8943@example.com,2024-04-23,Canada,Vancouver
CUST-008944,Wei,Ali,wei.ali.8944@example.com,2020-03-16,Germany,Munich
CUST-008945,Wei,Lopez,wei.lopez.8945@example.com,2026-05-26,Canada,Toronto
CUST-008946,Grace,Young,grace.young.8946@example.com,2022-07-07,Singapore,Singapore
CUST-008947,Isha,Ali,isha.ali.8947@example.com,2026-06-02,United Arab Emirates,Abu Dhabi
CUST-008948,Kavya,Wright,kavya.wright.8948@example.com,2024-05-04,United States,Chicago
CUST-008949,Ben,Patel,ben.patel.8949@example.com,2024-06-03,United Arab Emirates,Dubai
CUST-008950,Aditi,Park,aditi.park.8950@example.com,2022-03-04,United States,Chicago
CUST-008951,Ben,Costa,ben.costa.8951@example.com,2022-07-05,United Kingdom,Birmingham
CUST-008952,Ben,Patel,ben.patel.8952@example.com,2025-09-15,United Kingdom,Manchester
CUST-008953,Olivia,Ahmed,olivia.ahmed.8953@example.com,2021-10-10,Singapore,Singapore
CUST-008954,Sofia,Iyer,sofia.iyer.8954@example.com,2025-04-04,United Arab Emirates,Dubai
CUST-008955,Riya,Thomas,riya.thomas.8955@example.com,2024-01-31,Canada,Vancouver
CUST-008956,Sofia,Wright,sofia.wright.8956@example.com,2022-03-11,Singapore,Singapore
CUST-008957,Uma,Young,uma.young.8957@example.com,2025-03-27,Singapore,Singapore
CUST-008958,Arjun,Nguyen,arjun.nguyen.8958@example.com,2023-10-06,Germany,Munich
CUST-008959,Riya,Nair,riya.nair.8959@example.com,2025-03-25,India,Hyderabad
CUST-008960,Chen,Lopez,chen.lopez.8960@example.com,2022-01-19,Canada,Vancouver
CUST-008961,Aarav,Silva,aarav.silva.8961@example.com,2024-10-02,United Arab Emirates,Abu Dhabi
CUST-008962,James,Wilson,james.wilson.8962@example.com,2026-01-04,United Arab Emirates,Abu Dhabi
CUST-008963,Uma,Khan,uma.khan.8963@example.com,2025-11-15,India,Delhi
CUST-008964,Riya,Nair,riya.nair.8964@example.com,2022-04-01,Singapore,Singapore
CUST-008965,Maya,Muller,maya.muller.8965@example.com,2023-04-16,Singapore,Singapore
CUST-008966,Samir,Kapoor,samir.kapoor.8966@example.com,2024-08-09,United States,Seattle
CUST-008967,Emma,Young,emma.young.8967@example.com,2020-07-28,Singapore,Singapore
CUST-008968,Isha,Johnson,isha.johnson.8968@example.com,2025-06-30,United States,Chicago
CUST-008969,Wei,Chen,wei.chen.8969@example.com,2024-10-03,Germany,Munich
CUST-008970,Priya,Muller,priya.muller.8970@example.com,2022-12-16,Canada,Vancouver
CUST-008971,Maya,Ali,maya.ali.8971@example.com,2024-05-05,Germany,Munich
CUST-008972,Priya,Lee,priya.lee.8972@example.com,2026-07-17,Canada,Vancouver
CUST-008973,Kavya,Mehta,kavya.mehta.8973@example.com,2023-11-29,India,Delhi
CUST-008974,Wei,Lopez,wei.lopez.8974@example.com,2022-09-04,Canada,Vancouver
CUST-008975,Yara,Ali,yara.ali.8975@example.com,2023-08-02,United Kingdom,Birmingham
CUST-008976,Aditi,Das,aditi.das.8976@example.com,2021-06-15,Germany,Munich
CUST-008977,Aarav,Roy,aarav.roy.8977@example.com,2022-09-15,United Kingdom,Manchester
CUST-008978,Leo,Smith,leo.smith.8978@example.com,2020-01-23,United Arab Emirates,Abu Dhabi
CUST-008979,Riya,Silva,riya.silva.8979@example.com,2025-11-17,Germany,Munich
CUST-008980,Grace,Young,grace.young.8980@example.com,2022-11-25,United States,Seattle
CUST-008981,Zane,Sharma,zane.sharma.8981@example.com,2024-12-11,United States,Seattle
CUST-008982,Emma,Martin,emma.martin.8982@example.com,2020-05-13,Canada,Vancouver
CUST-008983,Maya,Sharma,maya.sharma.8983@example.com,2022-07-29,United Kingdom,Birmingham
CUST-008984,Chen,Johnson,chen.johnson.8984@example.com,2025-12-25,Germany,Munich
CUST-008985,Sofia,Muller,sofia.muller.8985@example.com,2022-02-11,United Arab Emirates,Dubai
CUST-008986,Tara,Nair,tara.nair.8986@example.com,2022-10-11,India,Hyderabad
CUST-008987,Priya,Muller,priya.muller.8987@example.com,2025-11-19,United Kingdom,London
CUST-008988,Samir,Kapoor,samir.kapoor.8988@example.com,2020-04-29,United Kingdom,Manchester
CUST-008989,Diego,Ali,diego.ali.8989@example.com,2020-08-14,United States,Seattle
CUST-008990,Amelia,Iyer,amelia.iyer.8990@example.com,2024-05-01,India,Bengaluru
CUST-008991,Ben,Park,ben.park.8991@example.com,2022-11-20,Germany,Berlin
CUST-008992,Grace,Nguyen,grace.nguyen.8992@example.com,2021-08-01,India,Hyderabad
CUST-008993,Hassan,Wilson,hassan.wilson.8993@example.com,2025-12-23,United States,Chicago
CUST-008994,Quinn,Ahmed,quinn.ahmed.8994@example.com,2022-04-23,Singapore,Singapore
CUST-008995,Zane,Kim,zane.kim.8995@example.com,2025-03-28,Singapore,Singapore
CUST-008996,Quinn,Costa,quinn.costa.8996@example.com,2024-06-02,United Kingdom,Manchester
CUST-008997,Tara,Patel,tara.patel.8997@example.com,2022-06-13,United States,Austin
CUST-008998,Zane,Chen,zane.chen.8998@example.com,2026-05-25,United States,Chicago
CUST-008999,Emma,Nguyen,emma.nguyen.8999@example.com,2021-08-23,United Kingdom,London
CUST-009000,Samir,Roy,samir.roy.9000@example.com,2023-03-07,United Arab Emirates,Dubai
CUST-009001,Aditi,Young,aditi.young.9001@example.com,2020-03-27,India,Bengaluru
CUST-009002,Quinn,Chen,quinn.chen.9002@example.com,2020-07-02,Singapore,Singapore
CUST-009003,Vikram,Martin,vikram.martin.9003@example.com,2023-09-05,India,Mumbai
CUST-009004,Isha,Kim,isha.kim.9004@example.com,2022-12-10,United Arab Emirates,Abu Dhabi
CUST-009005,Leo,Ahmed,leo.ahmed.9005@example.com,2025-04-06,Germany,Berlin
CUST-009006,Maya,Johnson,maya.johnson.9006@example.com,2020-03-29,United States,Chicago
CUST-009007,Amelia,Lee,amelia.lee.9007@example.com,2022-05-30,United Kingdom,Manchester
CUST-009008,Kavya,Thomas,kavya.thomas.9008@example.com,2024-02-29,Germany,Munich
CUST-009009,Samir,Chen,samir.chen.9009@example.com,2026-08-13,United Arab Emirates,Dubai
CUST-009010,Yara,Singh,yara.singh.9010@example.com,2023-11-09,India,Bengaluru
CUST-009011,James,Patel,james.patel.9011@example.com,2025-03-29,United States,New York
CUST-009012,Tara,Muller,tara.muller.9012@example.com,2025-12-02,Canada,Vancouver
CUST-009013,Grace,Costa,grace.costa.9013@example.com,2025-04-10,Canada,Toronto
CUST-009014,Leo,Khan,leo.khan.9014@example.com,2026-01-28,Germany,Berlin
CUST-009015,Ben,Nair,ben.nair.9015@example.com,2022-09-06,United States,Chicago
CUST-009016,Sofia,Nguyen,sofia.nguyen.9016@example.com,2022-06-13,Canada,Toronto
CUST-009017,Aisha,Johnson,aisha.johnson.9017@example.com,2025-03-06,Singapore,Singapore
CUST-009018,Hassan,Nair,hassan.nair.9018@example.com,2026-08-06,Germany,Munich
CUST-009019,Riya,Nguyen,riya.nguyen.9019@example.com,2022-04-28,Germany,Berlin
CUST-009020,Leo,Costa,leo.costa.9020@example.com,2024-12-31,United Arab Emirates,Dubai
CUST-009021,Grace,Kapoor,grace.kapoor.9021@example.com,2025-08-30,Germany,Berlin
CUST-009022,Leo,Ahmed,leo.ahmed.9022@example.com,2020-07-02,India,Hyderabad
CUST-009023,Yara,Lopez,yara.lopez.9023@example.com,2021-05-02,United Kingdom,London
CUST-009024,Wei,Costa,wei.costa.9024@example.com,2020-06-16,United Kingdom,Manchester
CUST-009025,Aditi,Ali,aditi.ali.9025@example.com,2022-04-19,United Arab Emirates,Abu Dhabi
CUST-009026,Kavya,Wilson,kavya.wilson.9026@example.com,2023-01-06,Germany,Berlin
CUST-009027,Vikram,Sharma,vikram.sharma.9027@example.com,2022-11-07,United States,Seattle
CUST-009028,Kavya,Johnson,kavya.johnson.9028@example.com,2023-09-07,Singapore,Singapore
CUST-009029,Samir,Wright,samir.wright.9029@example.com,2023-04-07,India,Delhi
CUST-009030,Priya,Garcia,priya.garcia.9030@example.com,2022-01-26,Singapore,Singapore
CUST-009031,Priya,Sharma,priya.sharma.9031@example.com,2021-04-27,United States,Chicago
CUST-009032,Noah,Thomas,noah.thomas.9032@example.com,2025-09-03,Canada,Toronto
CUST-009033,Vikram,Wright,vikram.wright.9033@example.com,2024-05-16,Canada,Vancouver
CUST-009034,Diego,Mehta,diego.mehta.9034@example.com,2024-10-19,India,Hyderabad
CUST-009035,Tara,Wilson,tara.wilson.9035@example.com,2025-08-20,United Kingdom,Manchester
CUST-009036,Emma,Lee,emma.lee.9036@example.com,2026-03-06,India,Chennai
CUST-009037,Riya,Ahmed,riya.ahmed.9037@example.com,2026-08-03,United Kingdom,London
CUST-009038,Aarav,Johnson,aarav.johnson.9038@example.com,2020-05-17,United States,Chicago
CUST-009039,Quinn,Young,quinn.young.9039@example.com,2024-11-19,United Kingdom,London
CUST-009040,Yara,Das,yara.das.9040@example.com,2023-11-02,Canada,Toronto
CUST-009041,James,Nair,james.nair.9041@example.com,2020-08-09,United Arab Emirates,Dubai
CUST-009042,Tara,Iyer,tara.iyer.9042@example.com,2022-04-26,United States,New York
CUST-009043,Zane,Garcia,zane.garcia.9043@example.com,2024-07-05,United Arab Emirates,Abu Dhabi
CUST-009044,Chen,Brown,chen.brown.9044@example.com,2021-11-07,India,Bengaluru
CUST-009045,Hassan,Thomas,hassan.thomas.9045@example.com,2023-12-15,Singapore,Singapore
CUST-009046,Aarav,Brown,aarav.brown.9046@example.com,2024-12-07,India,Chennai
CUST-009047,Quinn,Ahmed,quinn.ahmed.9047@example.com,2023-12-17,India,Delhi
CUST-009048,Vikram,Park,vikram.park.9048@example.com,2020-09-03,Canada,Toronto
CUST-009049,Riya,Ali,riya.ali.9049@example.com,2021-10-31,United States,New York
CUST-009050,Arjun,Garcia,arjun.garcia.9050@example.com,2024-01-03,Canada,Toronto
CUST-009051,Amelia,Martin,amelia.martin.9051@example.com,2020-01-18,United Kingdom,London
CUST-009052,Fatima,Garcia,fatima.garcia.9052@example.com,2020-11-17,United States,Austin
CUST-009053,Samir,Patel,samir.patel.9053@example.com,2024-04-23,Canada,Toronto
CUST-009054,Vikram,Kapoor,vikram.kapoor.9054@example.com,2023-05-17,India,Chennai
CUST-009055,Yara,Nguyen,yara.nguyen.9055@example.com,2020-05-13,Canada,Toronto
CUST-009056,Sofia,Patel,sofia.patel.9056@example.com,2023-05-02,United Kingdom,Birmingham
CUST-009057,Fatima,Das,fatima.das.9057@example.com,2022-06-09,Singapore,Singapore
CUST-009058,Kavya,Roy,kavya.roy.9058@example.com,2025-06-11,Canada,Vancouver
CUST-009059,Zane,Johnson,zane.johnson.9059@example.com,2025-11-22,United Arab Emirates,Dubai
CUST-009060,Emma,Silva,emma.silva.9060@example.com,2023-09-11,Germany,Munich
CUST-009061,Diego,Wilson,diego.wilson.9061@example.com,2021-03-05,Canada,Vancouver
CUST-009062,Yara,Khan,yara.khan.9062@example.com,2021-10-04,United Arab Emirates,Abu Dhabi
CUST-009063,Aisha,Thomas,aisha.thomas.9063@example.com,2022-02-08,Germany,Berlin
CUST-009064,James,Kapoor,james.kapoor.9064@example.com,2021-06-22,United Kingdom,Birmingham
CUST-009065,Hassan,Thomas,hassan.thomas.9065@example.com,2025-08-28,India,Delhi
CUST-009066,Ben,Thomas,ben.thomas.9066@example.com,2024-02-04,United Kingdom,Birmingham
CUST-009067,Kavya,Wright,kavya.wright.9067@example.com,2025-12-02,Singapore,Singapore
CUST-009068,Grace,Young,grace.young.9068@example.com,2020-06-17,United Kingdom,London
CUST-009069,Aditi,Kapoor,aditi.kapoor.9069@example.com,2021-05-22,United Arab Emirates,Abu Dhabi
CUST-009070,Tara,Mehta,tara.mehta.9070@example.com,2023-09-06,Canada,Vancouver
CUST-009071,Emma,Mehta,emma.mehta.9071@example.com,2025-01-31,United Arab Emirates,Abu Dhabi
CUST-009072,Arjun,Wright,arjun.wright.9072@example.com,2023-10-18,Canada,Toronto
CUST-009073,Wei,Das,wei.das.9073@example.com,2023-04-19,Canada,Vancouver
CUST-009074,Olivia,Mehta,olivia.mehta.9074@example.com,2023-08-25,India,Mumbai
CUST-009075,Maya,Ahmed,maya.ahmed.9075@example.com,2022-11-11,United States,Seattle
CUST-009076,James,Das,james.das.9076@example.com,2020-06-17,United Kingdom,London
CUST-009077,Sofia,Singh,sofia.singh.9077@example.com,2024-12-22,India,Hyderabad
CUST-009078,Priya,Kapoor,priya.kapoor.9078@example.com,2023-11-20,United Kingdom,Manchester
CUST-009079,Priya,Das,priya.das.9079@example.com,2022-05-11,Canada,Vancouver
CUST-009080,Yara,Singh,yara.singh.9080@example.com,2025-09-23,United Arab Emirates,Dubai
CUST-009081,Yara,Patel,yara.patel.9081@example.com,2021-07-03,United Arab Emirates,Dubai
CUST-009082,Kavya,Ali,kavya.ali.9082@example.com,2023-09-12,Canada,Vancouver
CUST-009083,Kavya,Roy,kavya.roy.9083@example.com,2025-01-25,Canada,Vancouver
CUST-009084,Sofia,Chen,sofia.chen.9084@example.com,2024-03-04,United Kingdom,Birmingham
CUST-009085,Yara,Smith,yara.smith.9085@example.com,2023-03-08,United Kingdom,Birmingham
CUST-009086,Arjun,Garcia,arjun.garcia.9086@example.com,2025-10-07,United States,Chicago
CUST-009087,Aisha,Thomas,aisha.thomas.9087@example.com,2026-07-31,United Kingdom,London
CUST-009088,Leo,Nair,leo.nair.9088@example.com,2020-06-06,Singapore,Singapore
CUST-009089,Leo,Patel,leo.patel.9089@example.com,2023-03-13,Germany,Munich
CUST-009090,Zane,Iyer,zane.iyer.9090@example.com,2023-03-10,United Arab Emirates,Abu Dhabi
CUST-009091,Olivia,Das,olivia.das.9091@example.com,2024-08-31,Germany,Munich
CUST-009092,Zane,Lee,zane.lee.9092@example.com,2021-03-08,Germany,Munich
CUST-009093,James,Garcia,james.garcia.9093@example.com,2026-04-27,United States,Seattle
CUST-009094,Vikram,Costa,vikram.costa.9094@example.com,2025-06-24,Germany,Berlin
CUST-009095,Aisha,Singh,aisha.singh.9095@example.com,2026-07-28,United Kingdom,London
CUST-009096,Grace,Young,grace.young.9096@example.com,2021-11-22,India,Hyderabad
CUST-009097,James,Ali,james.ali.9097@example.com,2020-03-26,United Kingdom,Manchester
CUST-009098,Fatima,Nguyen,fatima.nguyen.9098@example.com,2021-09-26,Canada,Toronto
CUST-009099,Leo,Garcia,leo.garcia.9099@example.com,2025-05-31,Germany,Munich
CUST-009100,Hassan,Johnson,hassan.johnson.9100@example.com,2020-09-14,Canada,Vancouver
CUST-009101,Wei,Iyer,wei.iyer.9101@example.com,2022-04-07,India,Delhi
CUST-009102,Arjun,Chen,arjun.chen.9102@example.com,2020-07-21,Germany,Berlin
CUST-009103,Grace,Kim,grace.kim.9103@example.com,2023-10-09,United Kingdom,Birmingham
CUST-009104,Diego,Park,diego.park.9104@example.com,2023-12-17,United Kingdom,Manchester
CUST-009105,Priya,Singh,priya.singh.9105@example.com,2024-01-29,Canada,Vancouver
CUST-009106,Vikram,Smith,vikram.smith.9106@example.com,2024-10-02,India,Chennai
CUST-009107,Riya,Johnson,riya.johnson.9107@example.com,2024-03-07,United States,Chicago
CUST-009108,Samir,Thomas,samir.thomas.9108@example.com,2024-08-25,Canada,Vancouver
CUST-009109,Maya,Patel,maya.patel.9109@example.com,2023-12-29,United Arab Emirates,Dubai
CUST-009110,Fatima,Park,fatima.park.9110@example.com,2026-07-05,Germany,Berlin
CUST-009111,Aarav,Wilson,aarav.wilson.9111@example.com,2020-07-27,Singapore,Singapore
CUST-009112,Chen,Khan,chen.khan.9112@example.com,2020-12-29,Singapore,Singapore
CUST-009113,Sofia,Singh,sofia.singh.9113@example.com,2025-04-15,Germany,Munich
CUST-009114,Uma,Smith,uma.smith.9114@example.com,2026-06-29,India,Hyderabad
CUST-009115,Olivia,Brown,olivia.brown.9115@example.com,2024-05-20,United States,Chicago
CUST-009116,Zane,Patel,zane.patel.9116@example.com,2022-09-20,Canada,Toronto
CUST-009117,Riya,Wright,riya.wright.9117@example.com,2020-05-27,Singapore,Singapore
CUST-009118,Quinn,Wright,quinn.wright.9118@example.com,2020-12-26,India,Mumbai
CUST-009119,Hassan,Iyer,hassan.iyer.9119@example.com,2026-03-10,Canada,Toronto
CUST-009120,Priya,Khan,priya.khan.9120@example.com,2021-03-18,India,Delhi
CUST-009121,Wei,Johnson,wei.johnson.9121@example.com,2020-06-28,United States,Austin
CUST-009122,Isha,Kim,isha.kim.9122@example.com,2020-05-15,India,Chennai
CUST-009123,Samir,Johnson,samir.johnson.9123@example.com,2022-08-30,Germany,Berlin
CUST-009124,Olivia,Costa,olivia.costa.9124@example.com,2025-08-09,United States,New York
CUST-009125,Ben,Kapoor,ben.kapoor.9125@example.com,2022-08-25,India,Chennai
CUST-009126,Noah,Lopez,noah.lopez.9126@example.com,2025-10-25,Singapore,Singapore
CUST-009127,Quinn,Khan,quinn.khan.9127@example.com,2025-12-20,United Arab Emirates,Dubai
CUST-009128,Maya,Kim,maya.kim.9128@example.com,2025-01-16,United Kingdom,Birmingham
CUST-009129,Arjun,Roy,arjun.roy.9129@example.com,2024-08-15,Canada,Vancouver
CUST-009130,James,Muller,james.muller.9130@example.com,2023-01-23,United States,Austin
CUST-009131,Tara,Sharma,tara.sharma.9131@example.com,2022-08-10,United Arab Emirates,Abu Dhabi
CUST-009132,Maya,Das,maya.das.9132@example.com,2022-01-30,India,Delhi
CUST-009133,Ben,Mehta,ben.mehta.9133@example.com,2024-07-15,Canada,Vancouver
CUST-009134,Fatima,Chen,fatima.chen.9134@example.com,2021-09-01,United Kingdom,Birmingham
CUST-009135,Wei,Costa,wei.costa.9135@example.com,2023-01-30,United Kingdom,London
CUST-009136,Emma,Ali,emma.ali.9136@example.com,2026-04-07,Germany,Berlin
CUST-009137,Uma,Wright,uma.wright.9137@example.com,2021-11-12,Canada,Vancouver
CUST-009138,Priya,Silva,priya.silva.9138@example.com,2024-07-22,Singapore,Singapore
CUST-009139,Kavya,Nair,kavya.nair.9139@example.com,2023-09-02,Canada,Toronto
CUST-009140,Riya,Das,riya.das.9140@example.com,2025-04-27,United Arab Emirates,Abu Dhabi
CUST-009141,Wei,Thomas,wei.thomas.9141@example.com,2023-01-21,United Kingdom,Birmingham
CUST-009142,Olivia,Smith,olivia.smith.9142@example.com,2024-05-08,United Kingdom,Birmingham
CUST-009143,Kavya,Wright,kavya.wright.9143@example.com,2023-06-07,India,Delhi
CUST-009144,Isha,Silva,isha.silva.9144@example.com,2022-06-08,United Arab Emirates,Abu Dhabi
CUST-009145,Diego,Khan,diego.khan.9145@example.com,2023-09-01,Canada,Vancouver
CUST-009146,Vikram,Costa,vikram.costa.9146@example.com,2023-06-27,Singapore,Singapore
CUST-009147,Chen,Nair,chen.nair.9147@example.com,2020-02-11,United Kingdom,London
CUST-009148,Quinn,Muller,quinn.muller.9148@example.com,2026-07-17,Canada,Toronto
CUST-009149,Yara,Martin,yara.martin.9149@example.com,2024-03-16,United Arab Emirates,Abu Dhabi
CUST-009150,Uma,Ahmed,uma.ahmed.9150@example.com,2024-05-18,Singapore,Singapore
CUST-009151,Riya,Park,riya.park.9151@example.com,2020-09-18,United Arab Emirates,Dubai
CUST-009152,Riya,Martin,riya.martin.9152@example.com,2021-07-23,United States,Austin
CUST-009153,Diego,Wright,diego.wright.9153@example.com,2021-07-12,Canada,Vancouver
CUST-009154,Isha,Martin,isha.martin.9154@example.com,2021-07-16,Singapore,Singapore
CUST-009155,Zane,Patel,zane.patel.9155@example.com,2025-03-30,United States,Austin
CUST-009156,Diego,Chen,diego.chen.9156@example.com,2026-04-04,Germany,Munich
CUST-009157,Aditi,Muller,aditi.muller.9157@example.com,2020-09-20,Germany,Berlin
CUST-009158,Maya,Costa,maya.costa.9158@example.com,2023-05-17,Singapore,Singapore
CUST-009159,Leo,Wilson,leo.wilson.9159@example.com,2020-07-29,United States,Seattle
CUST-009160,Vikram,Singh,vikram.singh.9160@example.com,2026-07-20,United Kingdom,Manchester
CUST-009161,Riya,Park,riya.park.9161@example.com,2025-01-14,United Kingdom,Birmingham
CUST-009162,Isha,Lopez,isha.lopez.9162@example.com,2024-03-03,Canada,Vancouver
CUST-009163,Maya,Muller,maya.muller.9163@example.com,2020-01-09,United Arab Emirates,Dubai
CUST-009164,Zane,Iyer,zane.iyer.9164@example.com,2020-10-01,United Kingdom,Birmingham
CUST-009165,Aisha,Kapoor,aisha.kapoor.9165@example.com,2025-05-15,Singapore,Singapore
CUST-009166,Emma,Lopez,emma.lopez.9166@example.com,2022-12-17,United Kingdom,London
CUST-009167,James,Kapoor,james.kapoor.9167@example.com,2021-11-09,United States,Chicago
CUST-009168,Aditi,Iyer,aditi.iyer.9168@example.com,2021-03-15,Singapore,Singapore
CUST-009169,James,Iyer,james.iyer.9169@example.com,2022-10-26,United States,Seattle
CUST-009170,Ben,Patel,ben.patel.9170@example.com,2023-04-10,India,Bengaluru
CUST-009171,Amelia,Wright,amelia.wright.9171@example.com,2024-11-01,United Arab Emirates,Abu Dhabi
CUST-009172,Emma,Ali,emma.ali.9172@example.com,2021-02-12,Germany,Munich
CUST-009173,Aisha,Patel,aisha.patel.9173@example.com,2023-08-27,United States,New York
CUST-009174,Quinn,Ahmed,quinn.ahmed.9174@example.com,2026-05-30,India,Chennai
CUST-009175,Hassan,Wright,hassan.wright.9175@example.com,2020-03-29,Germany,Munich
CUST-009176,James,Iyer,james.iyer.9176@example.com,2021-02-18,Germany,Berlin
CUST-009177,Diego,Singh,diego.singh.9177@example.com,2026-02-19,Canada,Vancouver
CUST-009178,Aditi,Martin,aditi.martin.9178@example.com,2022-12-13,India,Bengaluru
CUST-009179,Sofia,Smith,sofia.smith.9179@example.com,2022-01-31,Canada,Vancouver
CUST-009180,Zane,Costa,zane.costa.9180@example.com,2022-04-18,Singapore,Singapore
CUST-009181,Yara,Chen,yara.chen.9181@example.com,2020-07-14,Germany,Munich
CUST-009182,Aisha,Johnson,aisha.johnson.9182@example.com,2026-02-22,United States,New York
CUST-009183,Aarav,Muller,aarav.muller.9183@example.com,2025-09-01,India,Chennai
CUST-009184,Amelia,Mehta,amelia.mehta.9184@example.com,2025-07-04,Canada,Toronto
CUST-009185,Aditi,Iyer,aditi.iyer.9185@example.com,2021-06-03,United States,New York
CUST-009186,Maya,Lee,maya.lee.9186@example.com,2025-02-23,United Kingdom,Birmingham
CUST-009187,Uma,Silva,uma.silva.9187@example.com,2026-07-05,United Kingdom,Manchester
CUST-009188,Hassan,Nair,hassan.nair.9188@example.com,2020-03-26,United Arab Emirates,Abu Dhabi
CUST-009189,Yara,Garcia,yara.garcia.9189@example.com,2020-03-18,Singapore,Singapore
CUST-009190,Hassan,Nair,hassan.nair.9190@example.com,2024-10-24,United Arab Emirates,Dubai
CUST-009191,Arjun,Park,arjun.park.9191@example.com,2022-06-01,United Kingdom,Manchester
CUST-009192,Zane,Wilson,zane.wilson.9192@example.com,2022-03-04,Canada,Toronto
CUST-009193,Fatima,Thomas,fatima.thomas.9193@example.com,2025-06-05,India,Hyderabad
CUST-009194,Tara,Young,tara.young.9194@example.com,2024-02-09,Germany,Berlin
CUST-009195,Diego,Patel,diego.patel.9195@example.com,2020-11-10,Singapore,Singapore
CUST-009196,Priya,Roy,priya.roy.9196@example.com,2021-07-27,United States,New York
CUST-009197,Isha,Martin,isha.martin.9197@example.com,2025-02-09,United Arab Emirates,Abu Dhabi
CUST-009198,Grace,Park,grace.park.9198@example.com,2025-02-26,United States,New York
CUST-009199,Fatima,Ali,fatima.ali.9199@example.com,2021-09-26,United States,New York
CUST-009200,Fatima,Brown,fatima.brown.9200@example.com,2021-06-01,India,Hyderabad
CUST-009201,Fatima,Brown,fatima.brown.9201@example.com,2020-12-22,Canada,Toronto
CUST-009202,James,Costa,james.costa.9202@example.com,2023-12-10,Singapore,Singapore
CUST-009203,Yara,Patel,yara.patel.9203@example.com,2022-06-26,United States,Austin
CUST-009204,Isha,Khan,isha.khan.9204@example.com,2023-12-28,Singapore,Singapore
CUST-009205,Maya,Sharma,maya.sharma.9205@example.com,2021-08-19,Singapore,Singapore
CUST-009206,Kavya,Singh,kavya.singh.9206@example.com,2023-10-17,United Kingdom,London
CUST-009207,James,Ali,james.ali.9207@example.com,2020-08-09,United States,Austin
CUST-009208,Isha,Lopez,isha.lopez.9208@example.com,2020-08-23,Singapore,Singapore
CUST-009209,Kavya,Mehta,kavya.mehta.9209@example.com,2021-04-06,United Kingdom,London
CUST-009210,Aarav,Young,aarav.young.9210@example.com,2024-11-23,United Kingdom,Birmingham
CUST-009211,Leo,Patel,leo.patel.9211@example.com,2026-06-29,Singapore,Singapore
CUST-009212,Grace,Ali,grace.ali.9212@example.com,2020-10-17,India,Bengaluru
CUST-009213,Amelia,Das,amelia.das.9213@example.com,2021-01-09,United Arab Emirates,Abu Dhabi
CUST-009214,Kavya,Thomas,kavya.thomas.9214@example.com,2022-04-09,Germany,Berlin
CUST-009215,Diego,Iyer,diego.iyer.9215@example.com,2022-02-07,Canada,Toronto
CUST-009216,Uma,Das,uma.das.9216@example.com,2020-03-09,United States,Seattle
CUST-009217,Emma,Wilson,emma.wilson.9217@example.com,2026-07-14,United Kingdom,Birmingham
CUST-009218,Grace,Khan,grace.khan.9218@example.com,2024-09-10,Canada,Vancouver
CUST-009219,Leo,Silva,leo.silva.9219@example.com,2024-12-16,India,Chennai
CUST-009220,Fatima,Johnson,fatima.johnson.9220@example.com,2021-03-19,United States,Austin
CUST-009221,Aditi,Garcia,aditi.garcia.9221@example.com,2021-12-24,United Kingdom,Manchester
CUST-009222,Riya,Lee,riya.lee.9222@example.com,2025-12-04,Singapore,Singapore
CUST-009223,Quinn,Kapoor,quinn.kapoor.9223@example.com,2023-09-17,Germany,Berlin
CUST-009224,Olivia,Sharma,olivia.sharma.9224@example.com,2020-05-21,United States,Seattle
CUST-009225,Amelia,Thomas,amelia.thomas.9225@example.com,2020-09-22,Canada,Vancouver
CUST-009226,Samir,Kim,samir.kim.9226@example.com,2025-08-28,United Arab Emirates,Dubai
CUST-009227,Uma,Singh,uma.singh.9227@example.com,2020-07-23,India,Chennai
CUST-009228,Diego,Johnson,diego.johnson.9228@example.com,2024-05-21,United Kingdom,Manchester
CUST-009229,Tara,Brown,tara.brown.9229@example.com,2024-09-02,United States,Austin
CUST-009230,Uma,Brown,uma.brown.9230@example.com,2023-07-17,India,Hyderabad
CUST-009231,Samir,Roy,samir.roy.9231@example.com,2023-05-24,United Kingdom,London
CUST-009232,Kavya,Das,kavya.das.9232@example.com,2020-08-04,Canada,Toronto
CUST-009233,Olivia,Silva,olivia.silva.9233@example.com,2023-02-28,United Arab Emirates,Dubai
CUST-009234,Isha,Roy,isha.roy.9234@example.com,2022-08-13,United Kingdom,Manchester
CUST-009235,Sofia,Ali,sofia.ali.9235@example.com,2021-08-23,India,Mumbai
CUST-009236,Vikram,Ali,vikram.ali.9236@example.com,2023-01-09,India,Hyderabad
CUST-009237,Aditi,Nguyen,aditi.nguyen.9237@example.com,2022-01-23,Canada,Vancouver
CUST-009238,Samir,Das,samir.das.9238@example.com,2021-11-25,Canada,Toronto
CUST-009239,Yara,Johnson,yara.johnson.9239@example.com,2026-05-04,Germany,Munich
CUST-009240,Amelia,Ali,amelia.ali.9240@example.com,2026-01-17,Germany,Munich
CUST-009241,Isha,Wilson,isha.wilson.9241@example.com,2025-02-02,India,Hyderabad
CUST-009242,Priya,Ali,priya.ali.9242@example.com,2020-05-30,United Kingdom,Manchester
CUST-009243,Priya,Nguyen,priya.nguyen.9243@example.com,2022-08-27,Singapore,Singapore
CUST-009244,Aarav,Roy,aarav.roy.9244@example.com,2020-10-10,Germany,Berlin
CUST-009245,Riya,Iyer,riya.iyer.9245@example.com,2024-01-27,Germany,Berlin
CUST-009246,Uma,Muller,uma.muller.9246@example.com,2026-02-23,United Arab Emirates,Dubai
CUST-009247,Diego,Das,diego.das.9247@example.com,2020-10-28,Germany,Munich
CUST-009248,Olivia,Johnson,olivia.johnson.9248@example.com,2023-03-23,Singapore,Singapore
CUST-009249,Aarav,Wilson,aarav.wilson.9249@example.com,2022-11-21,United Arab Emirates,Abu Dhabi
CUST-009250,Aditi,Muller,aditi.muller.9250@example.com,2023-04-27,United Kingdom,Manchester
CUST-009251,Wei,Garcia,wei.garcia.9251@example.com,2023-09-30,Germany,Berlin
CUST-009252,Sofia,Silva,sofia.silva.9252@example.com,2025-03-28,United Kingdom,London
CUST-009253,Riya,Chen,riya.chen.9253@example.com,2024-04-14,Canada,Vancouver
CUST-009254,Aarav,Ahmed,aarav.ahmed.9254@example.com,2024-05-24,United Kingdom,London
CUST-009255,Yara,Sharma,yara.sharma.9255@example.com,2026-01-12,Singapore,Singapore
CUST-009256,James,Garcia,james.garcia.9256@example.com,2022-01-16,Germany,Munich
CUST-009257,Arjun,Ahmed,arjun.ahmed.9257@example.com,2021-10-17,Germany,Munich
CUST-009258,Aarav,Roy,aarav.roy.9258@example.com,2024-04-17,United States,New York
CUST-009259,Arjun,Martin,arjun.martin.9259@example.com,2025-09-30,Singapore,Singapore
CUST-009260,Tara,Nguyen,tara.nguyen.9260@example.com,2022-06-21,India,Hyderabad
CUST-009261,Wei,Sharma,wei.sharma.9261@example.com,2020-10-05,United Arab Emirates,Abu Dhabi
CUST-009262,Yara,Ahmed,yara.ahmed.9262@example.com,2026-03-26,India,Mumbai
CUST-009263,Quinn,Ali,quinn.ali.9263@example.com,2020-07-19,India,Bengaluru
CUST-009264,Aisha,Chen,aisha.chen.9264@example.com,2024-07-21,Germany,Berlin
CUST-009265,Maya,Sharma,maya.sharma.9265@example.com,2025-11-15,United Kingdom,Manchester
CUST-009266,Kavya,Silva,kavya.silva.9266@example.com,2025-07-23,Singapore,Singapore
CUST-009267,Amelia,Lee,amelia.lee.9267@example.com,2026-08-08,Germany,Munich
CUST-009268,Aisha,Das,aisha.das.9268@example.com,2025-09-05,Singapore,Singapore
CUST-009269,Zane,Nguyen,zane.nguyen.9269@example.com,2026-04-25,India,Delhi
CUST-009270,James,Lopez,james.lopez.9270@example.com,2024-07-01,Germany,Munich
CUST-009271,James,Sharma,james.sharma.9271@example.com,2025-01-15,Singapore,Singapore
CUST-009272,Quinn,Singh,quinn.singh.9272@example.com,2024-01-22,United Arab Emirates,Abu Dhabi
CUST-009273,Samir,Park,samir.park.9273@example.com,2021-04-04,United Arab Emirates,Dubai
CUST-009274,Aisha,Patel,aisha.patel.9274@example.com,2021-05-07,United Kingdom,London
CUST-009275,Hassan,Muller,hassan.muller.9275@example.com,2026-05-19,United States,Chicago
CUST-009276,Vikram,Kim,vikram.kim.9276@example.com,2025-12-13,Germany,Berlin
CUST-009277,Hassan,Patel,hassan.patel.9277@example.com,2025-07-24,India,Delhi
CUST-009278,Arjun,Costa,arjun.costa.9278@example.com,2022-12-24,Singapore,Singapore
CUST-009279,Quinn,Chen,quinn.chen.9279@example.com,2024-01-27,United States,New York
CUST-009280,Noah,Garcia,noah.garcia.9280@example.com,2021-04-07,Germany,Munich
CUST-009281,Tara,Chen,tara.chen.9281@example.com,2025-09-18,United Kingdom,Manchester
CUST-009282,Fatima,Chen,fatima.chen.9282@example.com,2022-09-04,Singapore,Singapore
CUST-009283,Yara,Nair,yara.nair.9283@example.com,2023-09-26,United Arab Emirates,Abu Dhabi
CUST-009284,Chen,Martin,chen.martin.9284@example.com,2024-03-07,United States,Chicago
CUST-009285,Priya,Ahmed,priya.ahmed.9285@example.com,2025-04-07,United Arab Emirates,Dubai
CUST-009286,Ben,Iyer,ben.iyer.9286@example.com,2020-05-27,United States,New York
CUST-009287,Priya,Johnson,priya.johnson.9287@example.com,2024-04-05,India,Delhi
CUST-009288,James,Lopez,james.lopez.9288@example.com,2021-05-19,United Arab Emirates,Dubai
CUST-009289,Isha,Park,isha.park.9289@example.com,2021-04-03,Singapore,Singapore
CUST-009290,Olivia,Costa,olivia.costa.9290@example.com,2026-06-14,United Arab Emirates,Dubai
CUST-009291,Chen,Iyer,chen.iyer.9291@example.com,2020-06-02,United States,Austin
CUST-009292,Quinn,Khan,quinn.khan.9292@example.com,2026-03-23,United States,Chicago
CUST-009293,Noah,Johnson,noah.johnson.9293@example.com,2023-08-07,India,Hyderabad
CUST-009294,Maya,Garcia,maya.garcia.9294@example.com,2025-05-09,United Arab Emirates,Abu Dhabi
CUST-009295,Diego,Brown,diego.brown.9295@example.com,2023-09-19,United Kingdom,London
CUST-009296,James,Das,james.das.9296@example.com,2020-08-06,United States,Austin
CUST-009297,Priya,Wright,priya.wright.9297@example.com,2026-02-26,United Kingdom,Manchester
CUST-009298,Emma,Chen,emma.chen.9298@example.com,2021-05-22,United Arab Emirates,Dubai
CUST-009299,Ben,Martin,ben.martin.9299@example.com,2024-07-09,United States,Austin
CUST-009300,Fatima,Mehta,fatima.mehta.9300@example.com,2021-05-15,United Kingdom,Manchester
CUST-009301,Diego,Ahmed,diego.ahmed.9301@example.com,2021-06-06,United States,Austin
CUST-009302,Olivia,Brown,olivia.brown.9302@example.com,2024-12-09,India,Hyderabad
CUST-009303,Maya,Costa,maya.costa.9303@example.com,2020-02-03,United Kingdom,London
CUST-009304,Olivia,Lopez,olivia.lopez.9304@example.com,2024-12-04,United Kingdom,Manchester
CUST-009305,Wei,Roy,wei.roy.9305@example.com,2020-08-15,Germany,Munich
CUST-009306,Grace,Chen,grace.chen.9306@example.com,2025-07-20,Germany,Munich
CUST-009307,Uma,Thomas,uma.thomas.9307@example.com,2020-11-19,United Arab Emirates,Abu Dhabi
CUST-009308,Fatima,Johnson,fatima.johnson.9308@example.com,2021-05-29,India,Delhi
CUST-009309,Chen,Kim,chen.kim.9309@example.com,2023-07-31,Germany,Berlin
CUST-009310,Hassan,Brown,hassan.brown.9310@example.com,2020-11-09,United Arab Emirates,Dubai
CUST-009311,Samir,Singh,samir.singh.9311@example.com,2023-12-11,Singapore,Singapore
CUST-009312,Yara,Ahmed,yara.ahmed.9312@example.com,2025-02-24,United States,Austin
CUST-009313,Aditi,Nair,aditi.nair.9313@example.com,2025-10-12,United Kingdom,London
CUST-009314,Tara,Park,tara.park.9314@example.com,2024-04-07,United States,Seattle
CUST-009315,Kavya,Lopez,kavya.lopez.9315@example.com,2024-09-06,United Kingdom,London
CUST-009316,Zane,Nair,zane.nair.9316@example.com,2022-03-18,United Kingdom,London
CUST-009317,Olivia,Nguyen,olivia.nguyen.9317@example.com,2026-01-03,Singapore,Singapore
CUST-009318,Zane,Silva,zane.silva.9318@example.com,2025-03-01,Canada,Toronto
CUST-009319,Vikram,Wilson,vikram.wilson.9319@example.com,2023-07-15,United Arab Emirates,Abu Dhabi
CUST-009320,Aarav,Muller,aarav.muller.9320@example.com,2023-01-20,United Arab Emirates,Dubai
CUST-009321,Uma,Kapoor,uma.kapoor.9321@example.com,2023-01-21,United Arab Emirates,Abu Dhabi
CUST-009322,Vikram,Nguyen,vikram.nguyen.9322@example.com,2020-10-03,India,Mumbai
CUST-009323,Fatima,Garcia,fatima.garcia.9323@example.com,2025-06-16,Canada,Vancouver
CUST-009324,Emma,Nair,emma.nair.9324@example.com,2023-11-29,United States,Seattle
CUST-009325,Wei,Ahmed,wei.ahmed.9325@example.com,2021-04-14,United States,New York
CUST-009326,Arjun,Thomas,arjun.thomas.9326@example.com,2020-10-17,United Arab Emirates,Abu Dhabi
CUST-009327,Priya,Young,priya.young.9327@example.com,2021-04-10,United Arab Emirates,Dubai
CUST-009328,Aisha,Roy,aisha.roy.9328@example.com,2026-07-29,Canada,Toronto
CUST-009329,Hassan,Ali,hassan.ali.9329@example.com,2022-05-10,United Kingdom,Birmingham
CUST-009330,Fatima,Park,fatima.park.9330@example.com,2020-11-13,United Arab Emirates,Dubai
CUST-009331,Amelia,Singh,amelia.singh.9331@example.com,2025-08-07,Germany,Berlin
CUST-009332,Yara,Johnson,yara.johnson.9332@example.com,2025-02-19,United Kingdom,Manchester
CUST-009333,Isha,Patel,isha.patel.9333@example.com,2021-01-13,Germany,Munich
CUST-009334,Fatima,Silva,fatima.silva.9334@example.com,2021-10-22,Germany,Munich
CUST-009335,Ben,Kim,ben.kim.9335@example.com,2023-10-01,Canada,Vancouver
CUST-009336,Fatima,Costa,fatima.costa.9336@example.com,2020-01-14,United States,Austin
CUST-009337,Arjun,Silva,arjun.silva.9337@example.com,2023-10-31,United States,Seattle
CUST-009338,Vikram,Muller,vikram.muller.9338@example.com,2021-11-25,United Arab Emirates,Dubai
CUST-009339,Riya,Brown,riya.brown.9339@example.com,2023-03-11,United Arab Emirates,Dubai
CUST-009340,Leo,Silva,leo.silva.9340@example.com,2020-12-07,Canada,Vancouver
CUST-009341,Diego,Wright,diego.wright.9341@example.com,2022-07-27,United Kingdom,Manchester
CUST-009342,Isha,Muller,isha.muller.9342@example.com,2023-10-26,India,Delhi
CUST-009343,Leo,Wright,leo.wright.9343@example.com,2020-07-26,India,Hyderabad
CUST-009344,Aditi,Park,aditi.park.9344@example.com,2022-10-20,Canada,Toronto
CUST-009345,Aditi,Ali,aditi.ali.9345@example.com,2024-01-04,United Arab Emirates,Dubai
CUST-009346,Isha,Johnson,isha.johnson.9346@example.com,2021-06-30,United Kingdom,London
CUST-009347,Emma,Lopez,emma.lopez.9347@example.com,2020-12-15,Canada,Toronto
CUST-009348,Aarav,Kapoor,aarav.kapoor.9348@example.com,2021-11-08,United States,Seattle
CUST-009349,Quinn,Nguyen,quinn.nguyen.9349@example.com,2023-10-16,Singapore,Singapore
CUST-009350,Amelia,Muller,amelia.muller.9350@example.com,2020-06-19,United Arab Emirates,Abu Dhabi
CUST-009351,James,Lee,james.lee.9351@example.com,2020-12-17,Germany,Munich
CUST-009352,Emma,Nguyen,emma.nguyen.9352@example.com,2022-06-13,United States,Austin
CUST-009353,James,Muller,james.muller.9353@example.com,2020-02-20,United Kingdom,London
CUST-009354,Maya,Singh,maya.singh.9354@example.com,2020-10-02,United Arab Emirates,Abu Dhabi
CUST-009355,Zane,Costa,zane.costa.9355@example.com,2023-08-01,Germany,Berlin
CUST-009356,Kavya,Lopez,kavya.lopez.9356@example.com,2021-02-09,United Arab Emirates,Abu Dhabi
CUST-009357,Tara,Chen,tara.chen.9357@example.com,2021-11-29,United Arab Emirates,Dubai
CUST-009358,Samir,Singh,samir.singh.9358@example.com,2023-05-30,United States,Austin
CUST-009359,Ben,Khan,ben.khan.9359@example.com,2026-07-23,Canada,Toronto
CUST-009360,Quinn,Wright,quinn.wright.9360@example.com,2023-03-05,India,Bengaluru
CUST-009361,Olivia,Ahmed,olivia.ahmed.9361@example.com,2023-01-12,United Arab Emirates,Dubai
CUST-009362,Fatima,Nguyen,fatima.nguyen.9362@example.com,2020-01-29,United Kingdom,London
CUST-009363,Chen,Silva,chen.silva.9363@example.com,2024-01-22,United Arab Emirates,Abu Dhabi
CUST-009364,Zane,Ahmed,zane.ahmed.9364@example.com,2022-02-15,United Arab Emirates,Dubai
CUST-009365,Fatima,Thomas,fatima.thomas.9365@example.com,2024-08-15,United States,Seattle
CUST-009366,Aisha,Sharma,aisha.sharma.9366@example.com,2021-10-26,India,Mumbai
CUST-009367,Arjun,Ali,arjun.ali.9367@example.com,2020-06-24,United Kingdom,London
CUST-009368,Aditi,Nair,aditi.nair.9368@example.com,2023-05-24,United Arab Emirates,Abu Dhabi
CUST-009369,James,Nair,james.nair.9369@example.com,2025-10-04,United Arab Emirates,Abu Dhabi
CUST-009370,Isha,Iyer,isha.iyer.9370@example.com,2023-05-02,United Arab Emirates,Dubai
CUST-009371,Samir,Martin,samir.martin.9371@example.com,2025-03-12,United States,Austin
CUST-009372,Vikram,Nair,vikram.nair.9372@example.com,2022-10-09,India,Hyderabad
CUST-009373,Kavya,Young,kavya.young.9373@example.com,2023-09-01,Germany,Berlin
CUST-009374,Sofia,Costa,sofia.costa.9374@example.com,2023-01-23,United Kingdom,Birmingham
CUST-009375,Quinn,Ahmed,quinn.ahmed.9375@example.com,2023-07-07,India,Bengaluru
CUST-009376,Vikram,Garcia,vikram.garcia.9376@example.com,2021-04-10,Germany,Berlin
CUST-009377,Zane,Nguyen,zane.nguyen.9377@example.com,2022-02-20,India,Mumbai
CUST-009378,Maya,Singh,maya.singh.9378@example.com,2022-06-10,United States,New York
CUST-009379,Hassan,Muller,hassan.muller.9379@example.com,2025-12-25,Canada,Toronto
CUST-009380,Zane,Brown,zane.brown.9380@example.com,2022-01-19,United Kingdom,Birmingham
CUST-009381,Emma,Kapoor,emma.kapoor.9381@example.com,2020-02-20,Germany,Berlin
CUST-009382,Aisha,Young,aisha.young.9382@example.com,2022-10-28,Germany,Munich
CUST-009383,Ben,Muller,ben.muller.9383@example.com,2020-11-30,Singapore,Singapore
CUST-009384,Uma,Smith,uma.smith.9384@example.com,2021-07-25,India,Delhi
CUST-009385,Diego,Kapoor,diego.kapoor.9385@example.com,2022-11-02,Canada,Toronto
CUST-009386,Diego,Martin,diego.martin.9386@example.com,2024-12-11,Singapore,Singapore
CUST-009387,Wei,Ali,wei.ali.9387@example.com,2024-04-25,Singapore,Singapore
CUST-009388,Fatima,Roy,fatima.roy.9388@example.com,2022-03-21,United States,Chicago
CUST-009389,Quinn,Das,quinn.das.9389@example.com,2024-06-06,Singapore,Singapore
CUST-009390,Fatima,Patel,fatima.patel.9390@example.com,2025-08-06,United Arab Emirates,Abu Dhabi
CUST-009391,Yara,Garcia,yara.garcia.9391@example.com,2020-06-11,India,Hyderabad
CUST-009392,Quinn,Singh,quinn.singh.9392@example.com,2023-04-11,United States,New York
CUST-009393,Aarav,Brown,aarav.brown.9393@example.com,2022-06-14,Canada,Toronto
CUST-009394,Zane,Park,zane.park.9394@example.com,2020-10-26,United Kingdom,London
CUST-009395,Samir,Wright,samir.wright.9395@example.com,2025-07-12,Canada,Toronto
CUST-009396,Fatima,Park,fatima.park.9396@example.com,2021-07-17,Singapore,Singapore
CUST-009397,Emma,Smith,emma.smith.9397@example.com,2023-11-19,Singapore,Singapore
CUST-009398,Zane,Khan,zane.khan.9398@example.com,2025-12-18,Singapore,Singapore
CUST-009399,Olivia,Smith,olivia.smith.9399@example.com,2024-11-14,Singapore,Singapore
CUST-009400,Olivia,Martin,olivia.martin.9400@example.com,2022-01-28,United Kingdom,London
CUST-009401,Noah,Wright,noah.wright.9401@example.com,2026-03-08,India,Bengaluru
CUST-009402,Vikram,Kapoor,vikram.kapoor.9402@example.com,2026-06-19,United Arab Emirates,Dubai
CUST-009403,Sofia,Muller,sofia.muller.9403@example.com,2022-02-24,Germany,Berlin
CUST-009404,Uma,Silva,uma.silva.9404@example.com,2026-02-27,Singapore,Singapore
CUST-009405,Maya,Sharma,maya.sharma.9405@example.com,2020-06-11,Singapore,Singapore
CUST-009406,Ben,Lopez,ben.lopez.9406@example.com,2023-12-13,United States,Chicago
CUST-009407,Uma,Lopez,uma.lopez.9407@example.com,2020-11-19,United States,Seattle
CUST-009408,Olivia,Brown,olivia.brown.9408@example.com,2020-11-26,India,Hyderabad
CUST-009409,Riya,Ahmed,riya.ahmed.9409@example.com,2022-02-05,United Arab Emirates,Dubai
CUST-009410,Quinn,Johnson,quinn.johnson.9410@example.com,2022-10-18,United Kingdom,Manchester
CUST-009411,Samir,Ali,samir.ali.9411@example.com,2020-08-21,Germany,Munich
CUST-009412,Aarav,Silva,aarav.silva.9412@example.com,2020-01-14,Singapore,Singapore
CUST-009413,Leo,Iyer,leo.iyer.9413@example.com,2026-04-06,India,Chennai
CUST-009414,Sofia,Roy,sofia.roy.9414@example.com,2026-05-08,United Kingdom,Manchester
CUST-009415,Riya,Ahmed,riya.ahmed.9415@example.com,2024-06-24,United Arab Emirates,Dubai
CUST-009416,Vikram,Iyer,vikram.iyer.9416@example.com,2024-03-27,Singapore,Singapore
CUST-009417,Samir,Costa,samir.costa.9417@example.com,2020-10-16,United States,Austin
CUST-009418,Noah,Kapoor,noah.kapoor.9418@example.com,2023-08-25,India,Chennai
CUST-009419,Hassan,Khan,hassan.khan.9419@example.com,2022-11-19,United Arab Emirates,Abu Dhabi
CUST-009420,Tara,Iyer,tara.iyer.9420@example.com,2021-12-02,United Kingdom,London
CUST-009421,Zane,Iyer,zane.iyer.9421@example.com,2023-09-25,United Arab Emirates,Abu Dhabi
CUST-009422,Arjun,Johnson,arjun.johnson.9422@example.com,2022-02-12,Canada,Toronto
CUST-009423,Tara,Singh,tara.singh.9423@example.com,2020-10-02,United Arab Emirates,Abu Dhabi
CUST-009424,Fatima,Nguyen,fatima.nguyen.9424@example.com,2024-08-20,United Arab Emirates,Dubai
CUST-009425,Riya,Das,riya.das.9425@example.com,2021-03-25,United Kingdom,Birmingham
CUST-009426,Samir,Kapoor,samir.kapoor.9426@example.com,2020-04-16,India,Chennai
CUST-009427,James,Chen,james.chen.9427@example.com,2023-11-04,United Kingdom,London
CUST-009428,Riya,Brown,riya.brown.9428@example.com,2024-10-22,Canada,Toronto
CUST-009429,Isha,Roy,isha.roy.9429@example.com,2020-02-10,United Kingdom,Manchester
CUST-009430,Tara,Sharma,tara.sharma.9430@example.com,2020-09-22,United Kingdom,Manchester
CUST-009431,Diego,Chen,diego.chen.9431@example.com,2021-07-30,United States,Austin
CUST-009432,Emma,Garcia,emma.garcia.9432@example.com,2025-06-17,Singapore,Singapore
CUST-009433,Yara,Patel,yara.patel.9433@example.com,2022-03-24,Germany,Berlin
CUST-009434,Chen,Lopez,chen.lopez.9434@example.com,2026-02-10,Canada,Toronto
CUST-009435,Aisha,Wilson,aisha.wilson.9435@example.com,2024-12-12,India,Mumbai
CUST-009436,Zane,Park,zane.park.9436@example.com,2025-11-25,Canada,Toronto
CUST-009437,Hassan,Thomas,hassan.thomas.9437@example.com,2024-12-20,United Kingdom,Birmingham
CUST-009438,Riya,Thomas,riya.thomas.9438@example.com,2023-08-04,Germany,Berlin
CUST-009439,Wei,Nguyen,wei.nguyen.9439@example.com,2021-10-22,India,Hyderabad
CUST-009440,Tara,Singh,tara.singh.9440@example.com,2024-09-29,United Arab Emirates,Dubai
CUST-009441,Uma,Thomas,uma.thomas.9441@example.com,2022-06-09,Singapore,Singapore
CUST-009442,Amelia,Kim,amelia.kim.9442@example.com,2022-04-23,United Arab Emirates,Dubai
CUST-009443,Arjun,Young,arjun.young.9443@example.com,2025-12-31,India,Chennai
CUST-009444,Isha,Smith,isha.smith.9444@example.com,2020-08-08,United States,Chicago
CUST-009445,Tara,Roy,tara.roy.9445@example.com,2026-07-09,United Kingdom,Manchester
CUST-009446,Riya,Silva,riya.silva.9446@example.com,2020-04-19,India,Bengaluru
CUST-009447,Wei,Kapoor,wei.kapoor.9447@example.com,2021-01-26,United Arab Emirates,Dubai
CUST-009448,Diego,Das,diego.das.9448@example.com,2023-05-04,Singapore,Singapore
CUST-009449,Samir,Khan,samir.khan.9449@example.com,2020-06-02,Germany,Berlin
CUST-009450,Aisha,Khan,aisha.khan.9450@example.com,2021-09-18,United Arab Emirates,Abu Dhabi
CUST-009451,Amelia,Das,amelia.das.9451@example.com,2020-04-07,United Kingdom,Birmingham
CUST-009452,Amelia,Ali,amelia.ali.9452@example.com,2021-07-05,India,Chennai
CUST-009453,Emma,Costa,emma.costa.9453@example.com,2024-10-05,India,Chennai
CUST-009454,Leo,Martin,leo.martin.9454@example.com,2022-02-23,Singapore,Singapore
CUST-009455,Uma,Khan,uma.khan.9455@example.com,2026-05-15,United Kingdom,Birmingham
CUST-009456,Olivia,Chen,olivia.chen.9456@example.com,2020-02-14,Canada,Toronto
CUST-009457,Riya,Garcia,riya.garcia.9457@example.com,2023-02-21,India,Bengaluru
CUST-009458,Quinn,Kim,quinn.kim.9458@example.com,2025-07-22,Germany,Munich
CUST-009459,Chen,Mehta,chen.mehta.9459@example.com,2023-06-10,United States,Seattle
CUST-009460,Aisha,Nguyen,aisha.nguyen.9460@example.com,2024-08-11,India,Delhi
CUST-009461,Amelia,Thomas,amelia.thomas.9461@example.com,2020-03-26,India,Delhi
CUST-009462,Wei,Muller,wei.muller.9462@example.com,2020-09-25,India,Mumbai
CUST-009463,Quinn,Kim,quinn.kim.9463@example.com,2022-03-27,India,Mumbai
CUST-009464,Diego,Singh,diego.singh.9464@example.com,2023-09-29,United Kingdom,Birmingham
CUST-009465,Kavya,Ahmed,kavya.ahmed.9465@example.com,2021-06-29,United Kingdom,London
CUST-009466,Tara,Chen,tara.chen.9466@example.com,2021-08-24,Canada,Toronto
CUST-009467,Riya,Brown,riya.brown.9467@example.com,2024-01-03,United Arab Emirates,Abu Dhabi
CUST-009468,Uma,Thomas,uma.thomas.9468@example.com,2025-03-16,Germany,Berlin
CUST-009469,Riya,Khan,riya.khan.9469@example.com,2024-03-27,Singapore,Singapore
CUST-009470,Samir,Wilson,samir.wilson.9470@example.com,2026-04-09,Canada,Vancouver
CUST-009471,Samir,Martin,samir.martin.9471@example.com,2025-02-02,Canada,Vancouver
CUST-009472,James,Chen,james.chen.9472@example.com,2024-11-28,Germany,Munich
CUST-009473,Yara,Khan,yara.khan.9473@example.com,2025-08-10,United States,Chicago
CUST-009474,Kavya,Wright,kavya.wright.9474@example.com,2021-06-11,India,Bengaluru
CUST-009475,Priya,Martin,priya.martin.9475@example.com,2025-12-23,India,Chennai
CUST-009476,Diego,Nair,diego.nair.9476@example.com,2021-10-20,Singapore,Singapore
CUST-009477,Emma,Wilson,emma.wilson.9477@example.com,2022-07-09,Singapore,Singapore
CUST-009478,Emma,Iyer,emma.iyer.9478@example.com,2026-08-01,India,Delhi
CUST-009479,Grace,Singh,grace.singh.9479@example.com,2025-08-15,Germany,Munich
CUST-009480,Sofia,Wilson,sofia.wilson.9480@example.com,2020-12-12,Canada,Vancouver
CUST-009481,Wei,Mehta,wei.mehta.9481@example.com,2023-02-23,United States,New York
CUST-009482,Noah,Martin,noah.martin.9482@example.com,2020-05-05,Germany,Munich
CUST-009483,Olivia,Wright,olivia.wright.9483@example.com,2023-06-30,Singapore,Singapore
CUST-009484,Diego,Lopez,diego.lopez.9484@example.com,2021-03-14,Germany,Munich
CUST-009485,Zane,Chen,zane.chen.9485@example.com,2023-07-30,Canada,Vancouver
CUST-009486,Priya,Johnson,priya.johnson.9486@example.com,2021-03-10,United Arab Emirates,Abu Dhabi
CUST-009487,Diego,Wright,diego.wright.9487@example.com,2021-07-28,Singapore,Singapore
CUST-009488,Hassan,Young,hassan.young.9488@example.com,2023-06-06,United Kingdom,Birmingham
CUST-009489,Chen,Roy,chen.roy.9489@example.com,2026-07-18,United States,Austin
CUST-009490,Kavya,Khan,kavya.khan.9490@example.com,2026-04-27,Germany,Munich
CUST-009491,Emma,Sharma,emma.sharma.9491@example.com,2022-07-22,Singapore,Singapore
CUST-009492,Yara,Costa,yara.costa.9492@example.com,2020-02-04,Singapore,Singapore
CUST-009493,Aditi,Mehta,aditi.mehta.9493@example.com,2020-11-01,Singapore,Singapore
CUST-009494,Chen,Ali,chen.ali.9494@example.com,2023-02-17,United Arab Emirates,Dubai
CUST-009495,Aditi,Wright,aditi.wright.9495@example.com,2024-01-10,United Kingdom,Birmingham
CUST-009496,Quinn,Iyer,quinn.iyer.9496@example.com,2023-10-10,Germany,Berlin
CUST-009497,Riya,Singh,riya.singh.9497@example.com,2023-03-02,United Kingdom,London
CUST-009498,Kavya,Roy,kavya.roy.9498@example.com,2024-08-19,United Arab Emirates,Abu Dhabi
CUST-009499,Kavya,Das,kavya.das.9499@example.com,2025-11-22,United Arab Emirates,Dubai
CUST-009500,Quinn,Das,quinn.das.9500@example.com,2021-07-08,Germany,Berlin
CUST-009501,Uma,Kapoor,uma.kapoor.9501@example.com,2020-06-07,India,Hyderabad
CUST-009502,Uma,Garcia,uma.garcia.9502@example.com,2020-02-07,Germany,Munich
CUST-009503,Aarav,Roy,aarav.roy.9503@example.com,2023-06-25,Canada,Vancouver
CUST-009504,Uma,Khan,uma.khan.9504@example.com,2021-12-12,India,Delhi
CUST-009505,Isha,Nguyen,isha.nguyen.9505@example.com,2024-12-21,Germany,Munich
CUST-009506,Riya,Chen,riya.chen.9506@example.com,2020-03-04,United Arab Emirates,Abu Dhabi
CUST-009507,Arjun,Young,arjun.young.9507@example.com,2023-06-26,India,Chennai
CUST-009508,James,Costa,james.costa.9508@example.com,2020-12-01,Singapore,Singapore
CUST-009509,Emma,Lee,emma.lee.9509@example.com,2024-11-10,United States,Austin
CUST-009510,Uma,Kim,uma.kim.9510@example.com,2025-07-31,United Kingdom,London
CUST-009511,Samir,Lee,samir.lee.9511@example.com,2026-02-25,United Arab Emirates,Abu Dhabi
CUST-009512,Leo,Khan,leo.khan.9512@example.com,2020-03-05,India,Mumbai
CUST-009513,Maya,Ali,maya.ali.9513@example.com,2020-02-26,Singapore,Singapore
CUST-009514,Diego,Smith,diego.smith.9514@example.com,2025-03-12,United Kingdom,London
CUST-009515,Samir,Kim,samir.kim.9515@example.com,2023-04-18,Germany,Berlin
CUST-009516,Vikram,Roy,vikram.roy.9516@example.com,2025-03-13,India,Bengaluru
CUST-009517,Aisha,Kim,aisha.kim.9517@example.com,2024-03-20,Canada,Vancouver
CUST-009518,Uma,Wilson,uma.wilson.9518@example.com,2025-05-31,United Arab Emirates,Abu Dhabi
CUST-009519,Priya,Park,priya.park.9519@example.com,2020-09-02,Canada,Toronto
CUST-009520,Quinn,Roy,quinn.roy.9520@example.com,2022-12-04,India,Bengaluru
CUST-009521,Maya,Nguyen,maya.nguyen.9521@example.com,2025-03-15,Canada,Vancouver
CUST-009522,Priya,Nair,priya.nair.9522@example.com,2025-08-10,Germany,Berlin
CUST-009523,Emma,Muller,emma.muller.9523@example.com,2026-06-07,Canada,Toronto
CUST-009524,Fatima,Ali,fatima.ali.9524@example.com,2023-03-03,India,Chennai
CUST-009525,Arjun,Nguyen,arjun.nguyen.9525@example.com,2022-02-23,Germany,Berlin
CUST-009526,Amelia,Wilson,amelia.wilson.9526@example.com,2023-03-27,Singapore,Singapore
CUST-009527,Aisha,Brown,aisha.brown.9527@example.com,2022-12-18,India,Delhi
CUST-009528,Samir,Muller,samir.muller.9528@example.com,2024-03-02,Canada,Toronto
CUST-009529,Maya,Park,maya.park.9529@example.com,2021-11-11,India,Hyderabad
CUST-009530,Hassan,Nair,hassan.nair.9530@example.com,2025-04-28,India,Mumbai
CUST-009531,Aarav,Brown,aarav.brown.9531@example.com,2022-09-18,United Kingdom,Manchester
CUST-009532,Emma,Johnson,emma.johnson.9532@example.com,2021-09-25,Germany,Munich
CUST-009533,Zane,Muller,zane.muller.9533@example.com,2025-04-05,Canada,Vancouver
CUST-009534,Aarav,Silva,aarav.silva.9534@example.com,2023-09-16,Canada,Toronto
CUST-009535,Isha,Garcia,isha.garcia.9535@example.com,2021-01-09,United Kingdom,Birmingham
CUST-009536,Riya,Garcia,riya.garcia.9536@example.com,2021-05-20,United States,New York
CUST-009537,Wei,Singh,wei.singh.9537@example.com,2021-03-23,United Kingdom,Birmingham
CUST-009538,Amelia,Nguyen,amelia.nguyen.9538@example.com,2020-04-20,United Arab Emirates,Dubai
CUST-009539,Aarav,Muller,aarav.muller.9539@example.com,2025-06-25,India,Mumbai
CUST-009540,Diego,Mehta,diego.mehta.9540@example.com,2026-07-16,Singapore,Singapore
CUST-009541,Aditi,Park,aditi.park.9541@example.com,2024-01-16,India,Bengaluru
CUST-009542,Ben,Khan,ben.khan.9542@example.com,2023-06-20,Germany,Munich
CUST-009543,Ben,Lopez,ben.lopez.9543@example.com,2024-10-02,Canada,Vancouver
CUST-009544,Quinn,Brown,quinn.brown.9544@example.com,2024-02-06,Germany,Berlin
CUST-009545,Noah,Lee,noah.lee.9545@example.com,2021-07-11,Germany,Munich
CUST-009546,Uma,Costa,uma.costa.9546@example.com,2021-05-21,India,Hyderabad
CUST-009547,Arjun,Wright,arjun.wright.9547@example.com,2026-05-27,United Kingdom,Birmingham
CUST-009548,Priya,Kim,priya.kim.9548@example.com,2021-08-03,United Kingdom,Manchester
CUST-009549,Vikram,Das,vikram.das.9549@example.com,2025-12-27,India,Delhi
CUST-009550,Yara,Silva,yara.silva.9550@example.com,2023-07-12,United Kingdom,London
CUST-009551,Kavya,Roy,kavya.roy.9551@example.com,2023-07-21,Canada,Toronto
CUST-009552,Isha,Wilson,isha.wilson.9552@example.com,2024-02-19,United States,New York
CUST-009553,Noah,Nguyen,noah.nguyen.9553@example.com,2026-07-05,United Kingdom,Birmingham
CUST-009554,Fatima,Patel,fatima.patel.9554@example.com,2022-02-23,United States,Austin
CUST-009555,Chen,Iyer,chen.iyer.9555@example.com,2024-02-26,United Arab Emirates,Dubai
CUST-009556,Wei,Iyer,wei.iyer.9556@example.com,2020-08-17,United Arab Emirates,Dubai
CUST-009557,Riya,Mehta,riya.mehta.9557@example.com,2023-09-27,Germany,Berlin
CUST-009558,Maya,Wilson,maya.wilson.9558@example.com,2023-10-08,India,Mumbai
CUST-009559,Sofia,Park,sofia.park.9559@example.com,2023-07-18,Singapore,Singapore
CUST-009560,Yara,Chen,yara.chen.9560@example.com,2025-09-13,Germany,Berlin
CUST-009561,Olivia,Wright,olivia.wright.9561@example.com,2025-01-21,Germany,Berlin
CUST-009562,Hassan,Lee,hassan.lee.9562@example.com,2023-04-22,Canada,Toronto
CUST-009563,Hassan,Smith,hassan.smith.9563@example.com,2025-04-22,United Kingdom,Manchester
CUST-009564,Leo,Chen,leo.chen.9564@example.com,2023-03-14,United Kingdom,Manchester
CUST-009565,Olivia,Muller,olivia.muller.9565@example.com,2026-08-02,United Kingdom,London
CUST-009566,Aditi,Kim,aditi.kim.9566@example.com,2023-03-02,Singapore,Singapore
CUST-009567,Aditi,Costa,aditi.costa.9567@example.com,2024-05-02,India,Chennai
CUST-009568,Noah,Thomas,noah.thomas.9568@example.com,2021-07-09,United Arab Emirates,Abu Dhabi
CUST-009569,Fatima,Martin,fatima.martin.9569@example.com,2021-05-30,Singapore,Singapore
CUST-009570,Hassan,Park,hassan.park.9570@example.com,2022-05-01,United Kingdom,Manchester
CUST-009571,Kavya,Ahmed,kavya.ahmed.9571@example.com,2026-04-22,United States,Seattle
CUST-009572,Zane,Lopez,zane.lopez.9572@example.com,2023-04-03,Canada,Vancouver
CUST-009573,Aarav,Ahmed,aarav.ahmed.9573@example.com,2021-07-26,India,Mumbai
CUST-009574,Aarav,Young,aarav.young.9574@example.com,2022-11-07,Canada,Toronto
CUST-009575,Kavya,Smith,kavya.smith.9575@example.com,2024-01-16,Canada,Vancouver
CUST-009576,Vikram,Iyer,vikram.iyer.9576@example.com,2022-03-22,Germany,Munich
CUST-009577,Aditi,Khan,aditi.khan.9577@example.com,2024-11-13,Canada,Toronto
CUST-009578,Olivia,Silva,olivia.silva.9578@example.com,2022-06-30,United Arab Emirates,Dubai
CUST-009579,Wei,Lopez,wei.lopez.9579@example.com,2022-11-01,Germany,Munich
CUST-009580,Aarav,Ali,aarav.ali.9580@example.com,2021-08-10,United Arab Emirates,Abu Dhabi
CUST-009581,Aisha,Iyer,aisha.iyer.9581@example.com,2021-03-02,Germany,Munich
CUST-009582,Fatima,Johnson,fatima.johnson.9582@example.com,2024-06-02,India,Mumbai
CUST-009583,Chen,Garcia,chen.garcia.9583@example.com,2020-08-28,United Kingdom,Birmingham
CUST-009584,Wei,Brown,wei.brown.9584@example.com,2026-07-22,Germany,Munich
CUST-009585,Diego,Wright,diego.wright.9585@example.com,2025-09-13,Germany,Munich
CUST-009586,Emma,Garcia,emma.garcia.9586@example.com,2026-03-30,Singapore,Singapore
CUST-009587,Aisha,Wright,aisha.wright.9587@example.com,2024-10-16,United States,New York
CUST-009588,Vikram,Thomas,vikram.thomas.9588@example.com,2022-12-19,Singapore,Singapore
CUST-009589,Tara,Lee,tara.lee.9589@example.com,2023-06-08,United Kingdom,Birmingham
CUST-009590,Samir,Mehta,samir.mehta.9590@example.com,2023-12-21,United Kingdom,Manchester
CUST-009591,Tara,Wilson,tara.wilson.9591@example.com,2021-12-10,India,Hyderabad
CUST-009592,Tara,Johnson,tara.johnson.9592@example.com,2021-03-23,Germany,Munich
CUST-009593,Samir,Thomas,samir.thomas.9593@example.com,2021-08-11,United Kingdom,Manchester
CUST-009594,Tara,Nguyen,tara.nguyen.9594@example.com,2022-07-25,United Arab Emirates,Dubai
CUST-009595,Yara,Garcia,yara.garcia.9595@example.com,2023-02-20,Germany,Berlin
CUST-009596,Ben,Johnson,ben.johnson.9596@example.com,2022-05-04,United Arab Emirates,Abu Dhabi
CUST-009597,Yara,Wright,yara.wright.9597@example.com,2025-05-02,United States,Chicago
CUST-009598,Arjun,Ali,arjun.ali.9598@example.com,2023-01-13,Singapore,Singapore
CUST-009599,Uma,Wright,uma.wright.9599@example.com,2020-06-14,United Kingdom,Manchester
CUST-009600,Tara,Kapoor,tara.kapoor.9600@example.com,2023-10-09,Singapore,Singapore
CUST-009601,Arjun,Khan,arjun.khan.9601@example.com,2026-03-12,United States,Chicago
CUST-009602,Diego,Wilson,diego.wilson.9602@example.com,2021-05-17,India,Mumbai
CUST-009603,Hassan,Sharma,hassan.sharma.9603@example.com,2021-06-21,United States,Austin
CUST-009604,Aditi,Chen,aditi.chen.9604@example.com,2023-04-10,Canada,Vancouver
CUST-009605,Olivia,Iyer,olivia.iyer.9605@example.com,2025-11-24,United States,Austin
CUST-009606,Kavya,Roy,kavya.roy.9606@example.com,2025-07-01,Singapore,Singapore
CUST-009607,Vikram,Lee,vikram.lee.9607@example.com,2022-04-24,United States,Austin
CUST-009608,Grace,Das,grace.das.9608@example.com,2022-06-07,United Kingdom,London
CUST-009609,Wei,Lopez,wei.lopez.9609@example.com,2022-03-03,Singapore,Singapore
CUST-009610,Samir,Ali,samir.ali.9610@example.com,2022-06-03,United Arab Emirates,Abu Dhabi
CUST-009611,Uma,Mehta,uma.mehta.9611@example.com,2022-02-05,United Arab Emirates,Dubai
CUST-009612,Wei,Iyer,wei.iyer.9612@example.com,2020-06-17,India,Mumbai
CUST-009613,Aisha,Muller,aisha.muller.9613@example.com,2025-06-28,India,Hyderabad
CUST-009614,Uma,Smith,uma.smith.9614@example.com,2022-11-20,India,Bengaluru
CUST-009615,Zane,Lopez,zane.lopez.9615@example.com,2022-10-26,Germany,Munich
CUST-009616,Zane,Ahmed,zane.ahmed.9616@example.com,2024-04-16,Germany,Munich
CUST-009617,Chen,Thomas,chen.thomas.9617@example.com,2020-10-06,Singapore,Singapore
CUST-009618,Zane,Iyer,zane.iyer.9618@example.com,2022-10-15,Singapore,Singapore
CUST-009619,Aarav,Iyer,aarav.iyer.9619@example.com,2020-01-18,United States,Austin
CUST-009620,Amelia,Martin,amelia.martin.9620@example.com,2022-06-28,Singapore,Singapore
CUST-009621,Riya,Park,riya.park.9621@example.com,2024-01-20,United Arab Emirates,Dubai
CUST-009622,Leo,Nair,leo.nair.9622@example.com,2022-08-12,United States,Chicago
CUST-009623,Kavya,Thomas,kavya.thomas.9623@example.com,2022-07-21,Canada,Toronto
CUST-009624,Aisha,Nair,aisha.nair.9624@example.com,2022-02-28,Singapore,Singapore
CUST-009625,Amelia,Mehta,amelia.mehta.9625@example.com,2025-10-19,United Kingdom,Manchester
CUST-009626,Aditi,Young,aditi.young.9626@example.com,2021-10-16,Canada,Vancouver
CUST-009627,Riya,Kapoor,riya.kapoor.9627@example.com,2020-04-19,United Kingdom,Birmingham
CUST-009628,Aisha,Costa,aisha.costa.9628@example.com,2020-03-16,United Arab Emirates,Dubai
CUST-009629,Priya,Patel,priya.patel.9629@example.com,2021-09-09,Singapore,Singapore
CUST-009630,Aarav,Martin,aarav.martin.9630@example.com,2025-05-10,Germany,Berlin
CUST-009631,Yara,Smith,yara.smith.9631@example.com,2021-05-11,Canada,Vancouver
CUST-009632,Hassan,Smith,hassan.smith.9632@example.com,2023-08-17,United States,Chicago
CUST-009633,Uma,Patel,uma.patel.9633@example.com,2022-08-18,United States,Austin
CUST-009634,Amelia,Silva,amelia.silva.9634@example.com,2025-10-14,United Kingdom,Birmingham
CUST-009635,Kavya,Iyer,kavya.iyer.9635@example.com,2025-02-28,India,Delhi
CUST-009636,Kavya,Park,kavya.park.9636@example.com,2020-05-01,United Arab Emirates,Dubai
CUST-009637,Ben,Johnson,ben.johnson.9637@example.com,2026-03-06,India,Chennai
CUST-009638,Noah,Patel,noah.patel.9638@example.com,2024-11-12,Canada,Toronto
CUST-009639,Zane,Nair,zane.nair.9639@example.com,2020-10-01,United Kingdom,Manchester
CUST-009640,Grace,Sharma,grace.sharma.9640@example.com,2023-02-19,United States,New York
CUST-009641,Diego,Kapoor,diego.kapoor.9641@example.com,2020-07-11,India,Hyderabad
CUST-009642,Maya,Lopez,maya.lopez.9642@example.com,2024-09-29,United Arab Emirates,Abu Dhabi
CUST-009643,Quinn,Iyer,quinn.iyer.9643@example.com,2025-06-07,United Arab Emirates,Abu Dhabi
CUST-009644,Grace,Wright,grace.wright.9644@example.com,2023-10-16,United Arab Emirates,Dubai
CUST-009645,Olivia,Singh,olivia.singh.9645@example.com,2021-02-01,United Arab Emirates,Abu Dhabi
CUST-009646,Grace,Patel,grace.patel.9646@example.com,2024-11-27,United Kingdom,London
CUST-009647,Zane,Brown,zane.brown.9647@example.com,2024-08-15,Singapore,Singapore
CUST-009648,Riya,Muller,riya.muller.9648@example.com,2024-12-29,United States,Austin
CUST-009649,Maya,Costa,maya.costa.9649@example.com,2021-03-03,United Kingdom,Birmingham
CUST-009650,Sofia,Nguyen,sofia.nguyen.9650@example.com,2021-07-04,United Kingdom,London
CUST-009651,Fatima,Park,fatima.park.9651@example.com,2026-03-16,United States,Seattle
CUST-009652,Uma,Wright,uma.wright.9652@example.com,2020-07-07,United Kingdom,Birmingham
CUST-009653,Samir,Lee,samir.lee.9653@example.com,2021-08-21,Singapore,Singapore
CUST-009654,Leo,Young,leo.young.9654@example.com,2022-12-04,Singapore,Singapore
CUST-009655,Sofia,Kim,sofia.kim.9655@example.com,2022-04-04,United Arab Emirates,Abu Dhabi
CUST-009656,Arjun,Costa,arjun.costa.9656@example.com,2024-03-26,Canada,Vancouver
CUST-009657,Emma,Patel,emma.patel.9657@example.com,2026-03-27,Singapore,Singapore
CUST-009658,Olivia,Wilson,olivia.wilson.9658@example.com,2024-01-14,Germany,Munich
CUST-009659,Kavya,Lee,kavya.lee.9659@example.com,2020-11-04,United Arab Emirates,Dubai
CUST-009660,Aditi,Muller,aditi.muller.9660@example.com,2024-11-23,Germany,Munich
CUST-009661,Quinn,Garcia,quinn.garcia.9661@example.com,2023-04-01,Singapore,Singapore
CUST-009662,Maya,Ali,maya.ali.9662@example.com,2022-08-25,United Arab Emirates,Abu Dhabi
CUST-009663,Noah,Nair,noah.nair.9663@example.com,2022-06-06,United Kingdom,Manchester
CUST-009664,Leo,Patel,leo.patel.9664@example.com,2021-10-17,India,Delhi
CUST-009665,Olivia,Johnson,olivia.johnson.9665@example.com,2021-03-24,Canada,Vancouver
CUST-009666,Tara,Lee,tara.lee.9666@example.com,2025-11-06,United Kingdom,London
CUST-009667,Sofia,Young,sofia.young.9667@example.com,2022-10-08,United Kingdom,Manchester
CUST-009668,Noah,Sharma,noah.sharma.9668@example.com,2024-12-08,United Kingdom,London
CUST-009669,Fatima,Patel,fatima.patel.9669@example.com,2026-08-10,Singapore,Singapore
CUST-009670,Isha,Iyer,isha.iyer.9670@example.com,2025-09-15,India,Hyderabad
CUST-009671,Hassan,Muller,hassan.muller.9671@example.com,2026-07-03,Canada,Toronto
CUST-009672,James,Young,james.young.9672@example.com,2026-08-11,Germany,Berlin
CUST-009673,Uma,Patel,uma.patel.9673@example.com,2022-06-22,Canada,Toronto
CUST-009674,Leo,Johnson,leo.johnson.9674@example.com,2025-07-25,United Kingdom,London
CUST-009675,Aisha,Iyer,aisha.iyer.9675@example.com,2025-06-04,Singapore,Singapore
CUST-009676,Amelia,Garcia,amelia.garcia.9676@example.com,2022-10-17,Canada,Toronto
CUST-009677,Aarav,Martin,aarav.martin.9677@example.com,2023-10-30,Canada,Vancouver
CUST-009678,Riya,Wilson,riya.wilson.9678@example.com,2026-06-17,Canada,Vancouver
CUST-009679,Vikram,Ahmed,vikram.ahmed.9679@example.com,2024-02-13,India,Bengaluru
CUST-009680,Aisha,Das,aisha.das.9680@example.com,2022-01-13,United Kingdom,Manchester
CUST-009681,Uma,Muller,uma.muller.9681@example.com,2020-03-21,Singapore,Singapore
CUST-009682,Olivia,Martin,olivia.martin.9682@example.com,2020-01-04,Canada,Vancouver
CUST-009683,Sofia,Chen,sofia.chen.9683@example.com,2026-01-11,Canada,Toronto
CUST-009684,James,Lopez,james.lopez.9684@example.com,2020-07-08,United Arab Emirates,Dubai
CUST-009685,Aarav,Johnson,aarav.johnson.9685@example.com,2020-10-26,United Kingdom,London
CUST-009686,Wei,Lopez,wei.lopez.9686@example.com,2023-10-17,Singapore,Singapore
CUST-009687,Aisha,Ahmed,aisha.ahmed.9687@example.com,2023-08-16,United Arab Emirates,Abu Dhabi
CUST-009688,Tara,Kapoor,tara.kapoor.9688@example.com,2022-12-29,United Arab Emirates,Abu Dhabi
CUST-009689,Yara,Mehta,yara.mehta.9689@example.com,2024-12-12,Canada,Toronto
CUST-009690,Tara,Chen,tara.chen.9690@example.com,2020-06-27,Canada,Vancouver
CUST-009691,Aditi,Sharma,aditi.sharma.9691@example.com,2023-01-20,Singapore,Singapore
CUST-009692,Arjun,Silva,arjun.silva.9692@example.com,2022-09-08,United Kingdom,London
CUST-009693,Yara,Ali,yara.ali.9693@example.com,2020-07-27,India,Delhi
CUST-009694,Tara,Ahmed,tara.ahmed.9694@example.com,2025-06-22,India,Delhi
CUST-009695,Zane,Kim,zane.kim.9695@example.com,2024-05-06,United States,Chicago
CUST-009696,Amelia,Wright,amelia.wright.9696@example.com,2024-04-11,Germany,Berlin
CUST-009697,Maya,Kapoor,maya.kapoor.9697@example.com,2025-02-20,Germany,Munich
CUST-009698,Ben,Thomas,ben.thomas.9698@example.com,2024-01-05,India,Hyderabad
CUST-009699,Samir,Chen,samir.chen.9699@example.com,2023-05-18,Canada,Toronto
CUST-009700,Tara,Singh,tara.singh.9700@example.com,2024-03-14,United Kingdom,Birmingham
CUST-009701,James,Costa,james.costa.9701@example.com,2025-11-14,India,Bengaluru
CUST-009702,Fatima,Roy,fatima.roy.9702@example.com,2025-08-07,United Arab Emirates,Abu Dhabi
CUST-009703,Amelia,Lee,amelia.lee.9703@example.com,2025-06-26,United States,Seattle
CUST-009704,Zane,Brown,zane.brown.9704@example.com,2020-09-17,Germany,Munich
CUST-009705,Arjun,Mehta,arjun.mehta.9705@example.com,2025-08-22,Germany,Munich
CUST-009706,Ben,Costa,ben.costa.9706@example.com,2022-11-23,United States,Austin
CUST-009707,Amelia,Lopez,amelia.lopez.9707@example.com,2021-07-12,United States,Austin
CUST-009708,Samir,Brown,samir.brown.9708@example.com,2026-07-25,United Arab Emirates,Dubai
CUST-009709,Arjun,Singh,arjun.singh.9709@example.com,2020-04-07,United Arab Emirates,Dubai
CUST-009710,Kavya,Das,kavya.das.9710@example.com,2021-05-18,Canada,Toronto
CUST-009711,Yara,Garcia,yara.garcia.9711@example.com,2020-01-28,Germany,Munich
CUST-009712,Samir,Lee,samir.lee.9712@example.com,2022-11-25,United Arab Emirates,Abu Dhabi
CUST-009713,James,Ali,james.ali.9713@example.com,2025-06-01,Canada,Toronto
CUST-009714,Hassan,Silva,hassan.silva.9714@example.com,2022-12-25,Canada,Toronto
CUST-009715,Tara,Ali,tara.ali.9715@example.com,2024-04-04,Germany,Munich
CUST-009716,Aarav,Kim,aarav.kim.9716@example.com,2024-09-06,United Kingdom,Birmingham
CUST-009717,Olivia,Silva,olivia.silva.9717@example.com,2026-06-20,United States,New York
CUST-009718,Zane,Nguyen,zane.nguyen.9718@example.com,2023-06-24,Singapore,Singapore
CUST-009719,Kavya,Lopez,kavya.lopez.9719@example.com,2025-07-06,Singapore,Singapore
CUST-009720,Uma,Silva,uma.silva.9720@example.com,2024-03-05,Singapore,Singapore
CUST-009721,Tara,Costa,tara.costa.9721@example.com,2024-06-29,Singapore,Singapore
CUST-009722,Leo,Muller,leo.muller.9722@example.com,2026-04-21,India,Delhi
CUST-009723,Aisha,Sharma,aisha.sharma.9723@example.com,2023-11-01,United Arab Emirates,Dubai
CUST-009724,Olivia,Costa,olivia.costa.9724@example.com,2023-09-11,United Kingdom,Manchester
CUST-009725,Sofia,Smith,sofia.smith.9725@example.com,2025-07-04,India,Delhi
CUST-009726,Aditi,Kim,aditi.kim.9726@example.com,2026-01-09,United Arab Emirates,Abu Dhabi
CUST-009727,Maya,Garcia,maya.garcia.9727@example.com,2026-04-05,United Arab Emirates,Abu Dhabi
CUST-009728,Aisha,Ali,aisha.ali.9728@example.com,2023-05-10,United Kingdom,Birmingham
CUST-009729,Emma,Garcia,emma.garcia.9729@example.com,2020-01-21,United States,Chicago
CUST-009730,Amelia,Wright,amelia.wright.9730@example.com,2026-03-19,Germany,Munich
CUST-009731,Samir,Patel,samir.patel.9731@example.com,2021-11-28,Singapore,Singapore
CUST-009732,Vikram,Wright,vikram.wright.9732@example.com,2025-11-25,United States,Chicago
CUST-009733,Vikram,Wright,vikram.wright.9733@example.com,2020-05-22,United Kingdom,London
CUST-009734,Isha,Park,isha.park.9734@example.com,2021-07-26,Singapore,Singapore
CUST-009735,James,Thomas,james.thomas.9735@example.com,2022-04-08,Singapore,Singapore
CUST-009736,Diego,Smith,diego.smith.9736@example.com,2020-12-25,Canada,Vancouver
CUST-009737,Diego,Patel,diego.patel.9737@example.com,2020-12-30,United States,Austin
CUST-009738,Olivia,Silva,olivia.silva.9738@example.com,2022-09-17,United States,New York
CUST-009739,Zane,Khan,zane.khan.9739@example.com,2021-04-03,India,Chennai
CUST-009740,Emma,Wright,emma.wright.9740@example.com,2024-06-28,India,Delhi
CUST-009741,Emma,Wilson,emma.wilson.9741@example.com,2023-08-17,United Arab Emirates,Abu Dhabi
CUST-009742,Maya,Chen,maya.chen.9742@example.com,2024-03-01,United Kingdom,London
CUST-009743,Samir,Kim,samir.kim.9743@example.com,2021-09-20,United Kingdom,Birmingham
CUST-009744,Isha,Nguyen,isha.nguyen.9744@example.com,2020-11-02,United Kingdom,Manchester
CUST-009745,Chen,Costa,chen.costa.9745@example.com,2025-02-16,United Arab Emirates,Abu Dhabi
CUST-009746,Hassan,Ali,hassan.ali.9746@example.com,2025-11-13,Germany,Berlin
CUST-009747,Grace,Khan,grace.khan.9747@example.com,2026-05-31,Singapore,Singapore
CUST-009748,Quinn,Wilson,quinn.wilson.9748@example.com,2020-12-30,Singapore,Singapore
CUST-009749,Grace,Iyer,grace.iyer.9749@example.com,2024-10-03,Singapore,Singapore
CUST-009750,Zane,Brown,zane.brown.9750@example.com,2022-04-12,Germany,Munich
CUST-009751,Samir,Young,samir.young.9751@example.com,2026-01-09,Germany,Munich
CUST-009752,Riya,Lee,riya.lee.9752@example.com,2025-03-15,India,Chennai
CUST-009753,Sofia,Garcia,sofia.garcia.9753@example.com,2024-05-04,United Kingdom,London
CUST-009754,Samir,Nguyen,samir.nguyen.9754@example.com,2026-07-16,United Arab Emirates,Dubai
CUST-009755,Uma,Silva,uma.silva.9755@example.com,2024-11-05,Germany,Berlin
CUST-009756,Emma,Thomas,emma.thomas.9756@example.com,2023-06-09,Singapore,Singapore
CUST-009757,James,Das,james.das.9757@example.com,2022-03-13,United States,Chicago
CUST-009758,Vikram,Young,vikram.young.9758@example.com,2026-01-07,Germany,Munich
CUST-009759,Aisha,Costa,aisha.costa.9759@example.com,2024-01-22,United Arab Emirates,Dubai
CUST-009760,Leo,Ahmed,leo.ahmed.9760@example.com,2022-02-22,Singapore,Singapore
CUST-009761,Leo,Ahmed,leo.ahmed.9761@example.com,2020-07-18,Germany,Berlin
CUST-009762,Wei,Young,wei.young.9762@example.com,2021-06-21,India,Hyderabad
CUST-009763,Wei,Khan,wei.khan.9763@example.com,2020-08-26,United Arab Emirates,Abu Dhabi
CUST-009764,Yara,Mehta,yara.mehta.9764@example.com,2021-06-05,Germany,Berlin
CUST-009765,Chen,Martin,chen.martin.9765@example.com,2025-02-03,Germany,Berlin
CUST-009766,Arjun,Kapoor,arjun.kapoor.9766@example.com,2021-05-23,United States,Seattle
CUST-009767,Quinn,Khan,quinn.khan.9767@example.com,2020-06-18,United Arab Emirates,Abu Dhabi
CUST-009768,Zane,Iyer,zane.iyer.9768@example.com,2024-04-16,Germany,Berlin
CUST-009769,Wei,Kim,wei.kim.9769@example.com,2023-01-13,Canada,Vancouver
CUST-009770,Samir,Smith,samir.smith.9770@example.com,2020-05-26,United States,New York
CUST-009771,Isha,Singh,isha.singh.9771@example.com,2024-07-29,Singapore,Singapore
CUST-009772,Quinn,Park,quinn.park.9772@example.com,2022-05-18,United States,Seattle
CUST-009773,Aditi,Wilson,aditi.wilson.9773@example.com,2023-03-25,United States,Austin
CUST-009774,Tara,Garcia,tara.garcia.9774@example.com,2021-06-09,Singapore,Singapore
CUST-009775,Diego,Wright,diego.wright.9775@example.com,2021-01-09,United Arab Emirates,Abu Dhabi
CUST-009776,Aarav,Brown,aarav.brown.9776@example.com,2025-07-18,India,Delhi
CUST-009777,Grace,Thomas,grace.thomas.9777@example.com,2025-11-28,United Arab Emirates,Abu Dhabi
CUST-009778,Amelia,Wright,amelia.wright.9778@example.com,2021-10-15,United Kingdom,London
CUST-009779,Aisha,Young,aisha.young.9779@example.com,2025-12-07,United Kingdom,Manchester
CUST-009780,Chen,Roy,chen.roy.9780@example.com,2020-07-20,United Kingdom,Manchester
CUST-009781,Emma,Iyer,emma.iyer.9781@example.com,2022-05-19,India,Bengaluru
CUST-009782,Ben,Wilson,ben.wilson.9782@example.com,2026-07-21,India,Chennai
CUST-009783,Priya,Park,priya.park.9783@example.com,2020-04-10,Singapore,Singapore
CUST-009784,Emma,Lee,emma.lee.9784@example.com,2023-05-23,India,Bengaluru
CUST-009785,Amelia,Sharma,amelia.sharma.9785@example.com,2020-02-19,United Arab Emirates,Abu Dhabi
CUST-009786,Leo,Nguyen,leo.nguyen.9786@example.com,2026-04-01,Germany,Berlin
CUST-009787,Diego,Wright,diego.wright.9787@example.com,2022-09-16,United Kingdom,London
CUST-009788,Uma,Thomas,uma.thomas.9788@example.com,2025-04-28,Singapore,Singapore
CUST-009789,Leo,Costa,leo.costa.9789@example.com,2023-11-06,United Kingdom,Manchester
CUST-009790,Kavya,Muller,kavya.muller.9790@example.com,2024-11-27,India,Bengaluru
CUST-009791,Kavya,Iyer,kavya.iyer.9791@example.com,2022-07-11,Singapore,Singapore
CUST-009792,Grace,Kim,grace.kim.9792@example.com,2021-03-13,United Arab Emirates,Abu Dhabi
CUST-009793,Kavya,Nguyen,kavya.nguyen.9793@example.com,2024-05-14,United States,Chicago
CUST-009794,James,Nguyen,james.nguyen.9794@example.com,2022-10-08,United Kingdom,Birmingham
CUST-009795,Chen,Park,chen.park.9795@example.com,2026-06-21,Canada,Toronto
CUST-009796,Priya,Lee,priya.lee.9796@example.com,2025-03-10,United States,New York
CUST-009797,Wei,Garcia,wei.garcia.9797@example.com,2023-11-17,India,Mumbai
CUST-009798,Sofia,Lopez,sofia.lopez.9798@example.com,2022-04-30,India,Delhi
CUST-009799,Wei,Thomas,wei.thomas.9799@example.com,2022-10-19,United States,New York
CUST-009800,James,Smith,james.smith.9800@example.com,2026-01-19,Singapore,Singapore
CUST-009801,Maya,Smith,maya.smith.9801@example.com,2025-01-02,United Kingdom,Manchester
CUST-009802,Chen,Johnson,chen.johnson.9802@example.com,2026-05-03,Germany,Berlin
CUST-009803,Wei,Garcia,wei.garcia.9803@example.com,2020-06-26,United Arab Emirates,Dubai
CUST-009804,Kavya,Kapoor,kavya.kapoor.9804@example.com,2021-03-25,India,Bengaluru
CUST-009805,Kavya,Iyer,kavya.iyer.9805@example.com,2022-09-19,United Arab Emirates,Abu Dhabi
CUST-009806,Grace,Ali,grace.ali.9806@example.com,2020-12-24,Germany,Munich
CUST-009807,Vikram,Smith,vikram.smith.9807@example.com,2021-01-01,India,Hyderabad
CUST-009808,Riya,Smith,riya.smith.9808@example.com,2020-05-17,United States,Chicago
CUST-009809,Yara,Lopez,yara.lopez.9809@example.com,2023-08-25,Germany,Berlin
CUST-009810,Aditi,Sharma,aditi.sharma.9810@example.com,2023-02-04,Germany,Munich
CUST-009811,Chen,Muller,chen.muller.9811@example.com,2022-06-02,United Kingdom,Manchester
CUST-009812,Emma,Kim,emma.kim.9812@example.com,2022-05-11,United Kingdom,London
CUST-009813,Tara,Roy,tara.roy.9813@example.com,2024-09-09,United Arab Emirates,Dubai
CUST-009814,Emma,Garcia,emma.garcia.9814@example.com,2020-01-31,United States,New York
CUST-009815,Kavya,Lopez,kavya.lopez.9815@example.com,2021-11-07,United States,Chicago
CUST-009816,Isha,Das,isha.das.9816@example.com,2022-09-05,United Arab Emirates,Abu Dhabi
CUST-009817,Ben,Ali,ben.ali.9817@example.com,2020-07-11,United Arab Emirates,Abu Dhabi
CUST-009818,Sofia,Martin,sofia.martin.9818@example.com,2025-05-29,United Kingdom,London
CUST-009819,Aditi,Nair,aditi.nair.9819@example.com,2022-02-10,United States,Seattle
CUST-009820,Chen,Patel,chen.patel.9820@example.com,2020-06-27,India,Chennai
CUST-009821,Aditi,Young,aditi.young.9821@example.com,2024-09-28,India,Bengaluru
CUST-009822,Quinn,Garcia,quinn.garcia.9822@example.com,2025-10-08,United Kingdom,Birmingham
CUST-009823,Yara,Costa,yara.costa.9823@example.com,2025-05-03,Germany,Munich
CUST-009824,Zane,Singh,zane.singh.9824@example.com,2024-07-06,United Kingdom,Manchester
CUST-009825,Noah,Costa,noah.costa.9825@example.com,2025-05-17,India,Bengaluru
CUST-009826,Noah,Wright,noah.wright.9826@example.com,2025-03-09,United Kingdom,Birmingham
CUST-009827,Aarav,Brown,aarav.brown.9827@example.com,2023-01-28,United Kingdom,Manchester
CUST-009828,Quinn,Johnson,quinn.johnson.9828@example.com,2022-01-22,United States,Seattle
CUST-009829,Wei,Muller,wei.muller.9829@example.com,2024-08-19,United Kingdom,Birmingham
CUST-009830,Fatima,Silva,fatima.silva.9830@example.com,2020-09-23,Canada,Vancouver
CUST-009831,Fatima,Mehta,fatima.mehta.9831@example.com,2022-04-02,Singapore,Singapore
CUST-009832,Arjun,Ali,arjun.ali.9832@example.com,2025-07-20,United Kingdom,London
CUST-009833,Grace,Roy,grace.roy.9833@example.com,2025-10-09,India,Delhi
CUST-009834,Arjun,Park,arjun.park.9834@example.com,2025-08-08,Germany,Munich
CUST-009835,Olivia,Wright,olivia.wright.9835@example.com,2024-01-10,Singapore,Singapore
CUST-009836,Sofia,Ahmed,sofia.ahmed.9836@example.com,2023-09-02,Singapore,Singapore
CUST-009837,Aarav,Patel,aarav.patel.9837@example.com,2022-07-25,Canada,Toronto
CUST-009838,Kavya,Mehta,kavya.mehta.9838@example.com,2021-09-20,United Kingdom,London
CUST-009839,Olivia,Silva,olivia.silva.9839@example.com,2023-01-19,Singapore,Singapore
CUST-009840,Quinn,Garcia,quinn.garcia.9840@example.com,2020-02-05,India,Chennai
CUST-009841,Ben,Smith,ben.smith.9841@example.com,2023-08-28,United States,New York
CUST-009842,Tara,Lee,tara.lee.9842@example.com,2023-12-17,United Kingdom,Manchester
CUST-009843,Sofia,Ahmed,sofia.ahmed.9843@example.com,2024-02-17,Germany,Berlin
CUST-009844,Kavya,Lopez,kavya.lopez.9844@example.com,2022-07-30,United States,Chicago
CUST-009845,Isha,Costa,isha.costa.9845@example.com,2023-01-23,India,Mumbai
CUST-009846,Fatima,Garcia,fatima.garcia.9846@example.com,2023-06-11,Singapore,Singapore
CUST-009847,Aditi,Smith,aditi.smith.9847@example.com,2025-04-16,United Arab Emirates,Dubai
CUST-009848,Noah,Khan,noah.khan.9848@example.com,2025-06-16,United States,Austin
CUST-009849,Ben,Ahmed,ben.ahmed.9849@example.com,2021-08-07,United Arab Emirates,Dubai
CUST-009850,Aarav,Nair,aarav.nair.9850@example.com,2022-03-31,Canada,Vancouver
CUST-009851,Quinn,Roy,quinn.roy.9851@example.com,2023-06-29,United States,Austin
CUST-009852,Priya,Garcia,priya.garcia.9852@example.com,2024-02-21,United States,New York
CUST-009853,Amelia,Das,amelia.das.9853@example.com,2023-06-05,Germany,Munich
CUST-009854,Zane,Garcia,zane.garcia.9854@example.com,2022-12-02,United Arab Emirates,Dubai
CUST-009855,Kavya,Park,kavya.park.9855@example.com,2023-09-07,Singapore,Singapore
CUST-009856,Priya,Patel,priya.patel.9856@example.com,2025-03-31,United Arab Emirates,Dubai
CUST-009857,Riya,Wright,riya.wright.9857@example.com,2025-08-05,United Kingdom,Manchester
CUST-009858,Kavya,Wright,kavya.wright.9858@example.com,2020-04-08,United Arab Emirates,Dubai
CUST-009859,Kavya,Wilson,kavya.wilson.9859@example.com,2023-06-26,United States,Seattle
CUST-009860,Isha,Costa,isha.costa.9860@example.com,2024-03-25,Singapore,Singapore
CUST-009861,Samir,Martin,samir.martin.9861@example.com,2024-11-02,United States,New York
CUST-009862,Riya,Ahmed,riya.ahmed.9862@example.com,2023-06-20,Germany,Berlin
CUST-009863,Maya,Costa,maya.costa.9863@example.com,2021-10-12,United Arab Emirates,Abu Dhabi
CUST-009864,Zane,Mehta,zane.mehta.9864@example.com,2025-12-08,India,Delhi
CUST-009865,Grace,Ahmed,grace.ahmed.9865@example.com,2023-09-30,United States,Chicago
CUST-009866,Ben,Ahmed,ben.ahmed.9866@example.com,2022-01-25,Singapore,Singapore
CUST-009867,Isha,Ahmed,isha.ahmed.9867@example.com,2021-08-22,Canada,Toronto
CUST-009868,Vikram,Kapoor,vikram.kapoor.9868@example.com,2021-08-07,Canada,Vancouver
CUST-009869,Kavya,Mehta,kavya.mehta.9869@example.com,2021-10-12,Canada,Vancouver
CUST-009870,Diego,Lopez,diego.lopez.9870@example.com,2024-08-18,United Kingdom,Birmingham
CUST-009871,Wei,Das,wei.das.9871@example.com,2021-11-09,United Arab Emirates,Abu Dhabi
CUST-009872,Aditi,Mehta,aditi.mehta.9872@example.com,2023-01-12,Germany,Munich
CUST-009873,Ben,Johnson,ben.johnson.9873@example.com,2022-09-13,Canada,Vancouver
CUST-009874,Quinn,Lee,quinn.lee.9874@example.com,2024-08-31,Singapore,Singapore
CUST-009875,Arjun,Patel,arjun.patel.9875@example.com,2021-02-14,United Kingdom,Manchester
CUST-009876,Priya,Mehta,priya.mehta.9876@example.com,2024-05-01,Germany,Berlin
CUST-009877,Noah,Patel,noah.patel.9877@example.com,2025-10-03,Singapore,Singapore
CUST-009878,Ben,Wilson,ben.wilson.9878@example.com,2026-02-26,Canada,Vancouver
CUST-009879,Uma,Mehta,uma.mehta.9879@example.com,2025-10-30,Germany,Munich
CUST-009880,Priya,Smith,priya.smith.9880@example.com,2022-10-23,United Kingdom,Birmingham
CUST-009881,Zane,Lee,zane.lee.9881@example.com,2022-10-03,India,Chennai
CUST-009882,Hassan,Khan,hassan.khan.9882@example.com,2024-10-15,United Arab Emirates,Abu Dhabi
CUST-009883,James,Park,james.park.9883@example.com,2022-07-29,India,Delhi
CUST-009884,Emma,Patel,emma.patel.9884@example.com,2026-04-18,Canada,Toronto
CUST-009885,Samir,Lopez,samir.lopez.9885@example.com,2021-02-19,United States,Austin
CUST-009886,Noah,Sharma,noah.sharma.9886@example.com,2024-06-06,India,Chennai
CUST-009887,Tara,Johnson,tara.johnson.9887@example.com,2025-04-04,United Kingdom,Manchester
CUST-009888,Olivia,Khan,olivia.khan.9888@example.com,2021-07-07,Canada,Toronto
CUST-009889,Leo,Chen,leo.chen.9889@example.com,2022-10-11,United Arab Emirates,Dubai
CUST-009890,Amelia,Roy,amelia.roy.9890@example.com,2021-10-08,Germany,Berlin
CUST-009891,Sofia,Park,sofia.park.9891@example.com,2020-11-10,India,Hyderabad
CUST-009892,Chen,Nguyen,chen.nguyen.9892@example.com,2024-02-12,United Arab Emirates,Dubai
CUST-009893,Aarav,Sharma,aarav.sharma.9893@example.com,2021-09-19,Germany,Berlin
CUST-009894,Olivia,Nguyen,olivia.nguyen.9894@example.com,2021-09-14,United Kingdom,London
CUST-009895,Amelia,Kapoor,amelia.kapoor.9895@example.com,2022-09-19,United States,Chicago
CUST-009896,Quinn,Roy,quinn.roy.9896@example.com,2022-06-07,Germany,Berlin
CUST-009897,Fatima,Roy,fatima.roy.9897@example.com,2026-03-16,India,Bengaluru
CUST-009898,Amelia,Smith,amelia.smith.9898@example.com,2020-07-05,Singapore,Singapore
CUST-009899,Diego,Nguyen,diego.nguyen.9899@example.com,2024-10-12,United Arab Emirates,Abu Dhabi
CUST-009900,Ben,Patel,ben.patel.9900@example.com,2021-04-05,Canada,Toronto
CUST-009901,Priya,Iyer,priya.iyer.9901@example.com,2020-03-15,United Arab Emirates,Dubai
CUST-009902,Arjun,Wright,arjun.wright.9902@example.com,2025-02-12,Canada,Vancouver
CUST-009903,Quinn,Singh,quinn.singh.9903@example.com,2026-06-14,Singapore,Singapore
CUST-009904,Aarav,Das,aarav.das.9904@example.com,2021-03-06,India,Chennai
CUST-009905,Quinn,Roy,quinn.roy.9905@example.com,2020-11-20,Germany,Munich
CUST-009906,Isha,Thomas,isha.thomas.9906@example.com,2022-05-20,United Kingdom,London
CUST-009907,Fatima,Thomas,fatima.thomas.9907@example.com,2025-12-09,United Kingdom,London
CUST-009908,Emma,Johnson,emma.johnson.9908@example.com,2025-09-21,Canada,Vancouver
CUST-009909,Arjun,Iyer,arjun.iyer.9909@example.com,2023-07-04,India,Delhi
CUST-009910,Tara,Chen,tara.chen.9910@example.com,2024-11-18,United Kingdom,Birmingham
CUST-009911,Arjun,Nguyen,arjun.nguyen.9911@example.com,2020-08-27,Singapore,Singapore
CUST-009912,Aarav,Garcia,aarav.garcia.9912@example.com,2021-07-30,Singapore,Singapore
CUST-009913,Zane,Patel,zane.patel.9913@example.com,2022-11-08,Canada,Toronto
CUST-009914,Aditi,Nair,aditi.nair.9914@example.com,2025-10-29,United States,New York
CUST-009915,Yara,Thomas,yara.thomas.9915@example.com,2022-04-07,United Arab Emirates,Abu Dhabi
CUST-009916,Quinn,Das,quinn.das.9916@example.com,2021-04-12,United Arab Emirates,Dubai
CUST-009917,Wei,Johnson,wei.johnson.9917@example.com,2021-04-08,United States,Chicago
CUST-009918,Riya,Wright,riya.wright.9918@example.com,2020-04-12,India,Delhi
CUST-009919,Yara,Nair,yara.nair.9919@example.com,2022-05-29,Canada,Toronto
CUST-009920,Emma,Das,emma.das.9920@example.com,2026-02-15,India,Bengaluru
CUST-009921,Aisha,Wright,aisha.wright.9921@example.com,2023-12-05,Germany,Berlin
CUST-009922,Samir,Ali,samir.ali.9922@example.com,2021-10-18,Singapore,Singapore
CUST-009923,Aisha,Lopez,aisha.lopez.9923@example.com,2020-06-24,Canada,Toronto
CUST-009924,Amelia,Brown,amelia.brown.9924@example.com,2021-02-08,India,Hyderabad
CUST-009925,Kavya,Ahmed,kavya.ahmed.9925@example.com,2023-04-03,United Kingdom,London
CUST-009926,Maya,Young,maya.young.9926@example.com,2022-05-31,Germany,Berlin
CUST-009927,Zane,Muller,zane.muller.9927@example.com,2020-04-18,Singapore,Singapore
CUST-009928,Tara,Roy,tara.roy.9928@example.com,2024-06-30,India,Hyderabad
CUST-009929,Maya,Nguyen,maya.nguyen.9929@example.com,2024-11-08,India,Hyderabad
CUST-009930,Vikram,Silva,vikram.silva.9930@example.com,2026-01-08,Germany,Munich
CUST-009931,Tara,Garcia,tara.garcia.9931@example.com,2020-01-29,United Arab Emirates,Dubai
CUST-009932,Grace,Nguyen,grace.nguyen.9932@example.com,2022-02-12,United Kingdom,Birmingham
CUST-009933,Isha,Thomas,isha.thomas.9933@example.com,2021-11-24,United Kingdom,Manchester
CUST-009934,Kavya,Brown,kavya.brown.9934@example.com,2020-03-05,Canada,Toronto
CUST-009935,Ben,Patel,ben.patel.9935@example.com,2026-06-06,United Arab Emirates,Abu Dhabi
CUST-009936,Amelia,Chen,amelia.chen.9936@example.com,2023-10-16,Germany,Berlin
CUST-009937,Quinn,Thomas,quinn.thomas.9937@example.com,2023-03-04,India,Mumbai
CUST-009938,Hassan,Park,hassan.park.9938@example.com,2020-11-13,United States,Seattle
CUST-009939,Uma,Khan,uma.khan.9939@example.com,2023-11-04,India,Mumbai
CUST-009940,Kavya,Singh,kavya.singh.9940@example.com,2023-08-02,Canada,Toronto
CUST-009941,Maya,Lee,maya.lee.9941@example.com,2023-08-03,United Arab Emirates,Dubai
CUST-009942,Noah,Kim,noah.kim.9942@example.com,2025-06-27,Singapore,Singapore
CUST-009943,Aditi,Brown,aditi.brown.9943@example.com,2025-07-26,Canada,Vancouver
CUST-009944,James,Ali,james.ali.9944@example.com,2025-07-08,United Arab Emirates,Dubai
CUST-009945,Tara,Sharma,tara.sharma.9945@example.com,2022-07-19,United Arab Emirates,Dubai
CUST-009946,Quinn,Ali,quinn.ali.9946@example.com,2023-01-21,Singapore,Singapore
CUST-009947,Wei,Patel,wei.patel.9947@example.com,2025-09-19,United Kingdom,London
CUST-009948,Grace,Singh,grace.singh.9948@example.com,2020-02-01,Germany,Berlin
CUST-009949,Leo,Young,leo.young.9949@example.com,2024-12-14,United States,Austin
CUST-009950,Kavya,Lopez,kavya.lopez.9950@example.com,2024-12-18,United Arab Emirates,Dubai
CUST-009951,Sofia,Mehta,sofia.mehta.9951@example.com,2026-02-24,United States,Austin
CUST-009952,Olivia,Sharma,olivia.sharma.9952@example.com,2026-02-19,India,Bengaluru
CUST-009953,Aisha,Sharma,aisha.sharma.9953@example.com,2021-03-18,United Kingdom,London
CUST-009954,Uma,Smith,uma.smith.9954@example.com,2022-03-02,India,Delhi
CUST-009955,Aarav,Costa,aarav.costa.9955@example.com,2024-04-19,United States,New York
CUST-009956,Amelia,Young,amelia.young.9956@example.com,2020-06-10,United Arab Emirates,Abu Dhabi
CUST-009957,Aarav,Smith,aarav.smith.9957@example.com,2020-06-18,United Kingdom,Manchester
CUST-009958,Grace,Khan,grace.khan.9958@example.com,2025-04-05,India,Delhi
CUST-009959,Yara,Chen,yara.chen.9959@example.com,2020-11-14,Canada,Toronto
CUST-009960,Kavya,Patel,kavya.patel.9960@example.com,2024-05-28,Germany,Munich
CUST-009961,Noah,Iyer,noah.iyer.9961@example.com,2024-12-06,Canada,Vancouver
CUST-009962,Sofia,Wilson,sofia.wilson.9962@example.com,2024-07-19,United Arab Emirates,Dubai
CUST-009963,Quinn,Wright,quinn.wright.9963@example.com,2021-10-31,India,Delhi
CUST-009964,Wei,Patel,wei.patel.9964@example.com,2020-04-13,Singapore,Singapore
CUST-009965,Quinn,Kim,quinn.kim.9965@example.com,2020-11-24,United Arab Emirates,Dubai
CUST-009966,Noah,Wright,noah.wright.9966@example.com,2021-05-08,United Arab Emirates,Dubai
CUST-009967,Sofia,Nguyen,sofia.nguyen.9967@example.com,2023-01-28,India,Delhi
CUST-009968,Samir,Costa,samir.costa.9968@example.com,2024-07-05,Singapore,Singapore
CUST-009969,Kavya,Costa,kavya.costa.9969@example.com,2026-07-21,India,Delhi
CUST-009970,Aisha,Lee,aisha.lee.9970@example.com,2024-06-22,United Arab Emirates,Dubai
CUST-009971,Arjun,Chen,arjun.chen.9971@example.com,2026-05-16,India,Bengaluru
CUST-009972,Vikram,Nguyen,vikram.nguyen.9972@example.com,2024-09-25,Singapore,Singapore
CUST-009973,Grace,Khan,grace.khan.9973@example.com,2025-03-26,Singapore,Singapore
CUST-009974,Aisha,Young,aisha.young.9974@example.com,2022-04-22,United States,New York
CUST-009975,Emma,Das,emma.das.9975@example.com,2022-07-31,United Kingdom,Manchester
CUST-009976,Kavya,Wilson,kavya.wilson.9976@example.com,2021-10-26,Canada,Vancouver
CUST-009977,Kavya,Wright,kavya.wright.9977@example.com,2023-08-14,United States,Austin
CUST-009978,Tara,Garcia,tara.garcia.9978@example.com,2023-12-18,India,Chennai
CUST-009979,Quinn,Das,quinn.das.9979@example.com,2025-12-19,United States,Seattle
CUST-009980,Maya,Ahmed,maya.ahmed.9980@example.com,2025-04-26,United Arab Emirates,Dubai
CUST-009981,Hassan,Das,hassan.das.9981@example.com,2025-08-05,United Arab Emirates,Dubai
CUST-009982,Kavya,Smith,kavya.smith.9982@example.com,2022-02-17,United Arab Emirates,Dubai
CUST-009983,Quinn,Mehta,quinn.mehta.9983@example.com,2025-04-19,United Kingdom,Birmingham
CUST-009984,Quinn,Sharma,quinn.sharma.9984@example.com,2022-11-10,United States,New York
CUST-009985,Zane,Silva,zane.silva.9985@example.com,2022-09-21,United Arab Emirates,Abu Dhabi
CUST-009986,Riya,Costa,riya.costa.9986@example.com,2025-12-04,United States,Seattle
CUST-009987,Uma,Muller,uma.muller.9987@example.com,2025-12-26,United Kingdom,Manchester
CUST-009988,Emma,Garcia,emma.garcia.9988@example.com,2025-02-06,Germany,Berlin
CUST-009989,Olivia,Martin,olivia.martin.9989@example.com,2023-07-31,United States,Chicago
CUST-009990,Vikram,Wright,vikram.wright.9990@example.com,2021-06-20,United Kingdom,Birmingham
CUST-009991,Diego,Nair,diego.nair.9991@example.com,2026-03-15,India,Chennai
CUST-009992,James,Wright,james.wright.9992@example.com,2024-07-17,Singapore,Singapore
CUST-009993,Vikram,Garcia,vikram.garcia.9993@example.com,2022-10-16,Singapore,Singapore
CUST-009994,Yara,Brown,yara.brown.9994@example.com,2022-08-19,Canada,Vancouver
CUST-009995,Zane,Sharma,zane.sharma.9995@example.com,2021-10-09,Singapore,Singapore
CUST-009996,Yara,Nguyen,yara.nguyen.9996@example.com,2024-10-03,Singapore,Singapore
,Defect,NullPk,defect.nullpk@example.com,2024-01-15,India,Mumbai
CUST-DUP-01,Defect,DupA,defect.dup.a@example.com,2024-02-01,India,Delhi
CUST-DUP-01,Defect,DupB,defect.dup.b@example.com,2024-02-02,India,Bengaluru
CUST-BAD-EML,Defect,BadEmail,not-an-email,2024-03-01,India,Chennai
